id,logos,section,paragraph,tec_category,secondary_category,polarity,confidence,justification,error,page_start,biblical_citations
3,Β΄,§2,Εἰς τὰ τῆς μετανοίας ἐπίλοιπα,ΕΛΠΙΔΑ,ΕΣΧΑΤΟΛΟΓΙΑ,Θετικό,0.78,Η εικόνα της επίγειας βασιλείας χρησιμεύει ως τύπος και σκιά της ουράνιας δόξας — η ανάληψη διαδήματος ἐκ χειρὸς Κυρίου εκφράζει εσχατολογική ελπίδα με έντονα θετική φόρτιση.,,75,
4,Β΄,§3,Εἰς τὰ τῆς μετανοίας ἐπίλοιπα,ΔΟΞΟΛΟΓΙΑ,ΕΣΧΑΤΟΛΟΓΙΑ,Θετικό,0.91,"Η συσσώρευση εικόνων ἄρρητης βασιλείας, ἀνέσπερου φωτός, αγγελικής ὑμνῳδίας και ἀγαλλίασης δημιουργεί εκστατική αγαλλίαση μπροστά στο θεϊκό μεγαλείο, με δευτερεύουσα εσχατολογική διάσταση.",,75,
5,Β΄,§4,Εἰς τὰ τῆς μετανοίας ἐπίλοιπα,ΕΣΧΑΤΟΛΟΓΙΑ,ΕΝΤΟΛΗ,Ουδέτερο,0.72,"Η παράγραφος συγκεντρώνει παραβολές της Βασιλείας των Ουρανών με διδακτικό-αναλυτικό τόνο, χωρίς έντονο συναίσθημα, αλλά με εσχατολογικό ορίζοντα ως κεντρικό θεματικό άξονα.",,76,
6,Β΄,§5,Εἰς τὰ τῆς μετανοίας ἐπίλοιπα,ΕΣΧΑΤΟΛΟΓΙΑ,ΔΟΞΟΛΟΓΙΑ,Αρνητικό,0.78,"Η παράγραφος επικεντρώνεται στο θείο νυμφώνα και την απέλαση προς τιμωρίαν όσων στερούνται ενδύματος γάμου, με κυρίαρχο εσχατολογικό τόνο, ενώ η εικόνα των θεόβρυτων ρείθρων προσθέτει δευτερευόντως δοξολογικό χρωματισμό.",,76,
7,Β΄,§6,Εἰς τὰ τῆς μετανοίας ἐπίλοιπα,ΕΛΠΙΔΑ,ΔΟΞΟΛΟΓΙΑ,Θετικό,0.82,Η επευκτική δομή (Γένοιτο) συνδυάζει ελπίδα αιώνιας βασιλείας με θερμή μετάνοια και κλείνει σε δοξολογική τριαδολογική διατύπωση — κυριαρχεί η εσχατολογική ελπίδα ως θετική φόρτιση.,,76,
8,Γ΄,§1,Περὶ τοῦ θείου βαπτίσματος καὶ τῆς ἁγίας ἀγάπης καὶ πλείστων ἑτέρων θείων ἐντολῶν,ΕΝΤΟΛΗ,ΕΛΠΙΔΑ,Θετικό,0.81,"Κυριαρχεί κανονιστικός-διδακτικός τόνος με αλληλουχία βιβλικών εντολών (Μετανοήσατε, βαπτισθήτω) ανοιγμένος όμως σε θετική προοπτική υιοθεσίας και βασιλείας, που προσδίδει δευτερεύουσα χροιά ελπίδας.",,76,
9,Γ΄,§2,Περὶ τοῦ θείου βαπτίσματος καὶ τῆς ἁγίας ἀγάπης καὶ πλείστων ἑτέρων θείων ἐντολῶν,ΑΓΑΠΗ,ΕΝΤΟΛΗ,Θετικό,0.91,"Η τετραπλή επανάληψη «ἐὰν ἀγάπην ἔχητε ἐν ἀλλήλοις» ως αποκλειστικό γνώρισμα μαθητείας αναδεικνύει την ἀγάπη ως κορωνίδα πάνω από θαύματα και προφητείες, με έντονη θετική συναισθηματική φόρτιση.",,77,
10,Γ΄,§3,Περὶ τοῦ θείου βαπτίσματος καὶ τῆς ἁγίας ἀγάπης καὶ πλείστων ἑτέρων θείων ἐντολῶν,ΑΓΑΠΗ,ΕΝΤΟΛΗ,Θετικό,0.95,"Η πενταπλή επανάληψη ἀγάπην και η εικόνα του ποιμένος που δίδει την ψυχήν του αποτελούν την πληρέστερη έκφραση θεϊκής αγάπης ως προτύπου, ενώ η εντολή ἀγαπᾶτε ἀλλήλους λειτουργεί ως δευτερεύουσα κανονιστική διάσταση.",,77,
11,Γ΄,§4,Περὶ τοῦ θείου βαπτίσματος καὶ τῆς ἁγίας ἀγάπης καὶ πλείστων ἑτέρων θείων ἐντολῶν,ΕΝΤΟΛΗ,ΔΟΞΟΛΟΓΙΑ,Ουδέτερο,0.82,"Κυρίαρχος κανονιστικός τόνος με απόδοση της εντολής μαθητεύσατε/τηρεῖν, με ελαφρά δοξολογική χροιά στο φαιδρὰν ἐξανάστασιν.",,77,
12,Γ΄,§5,Περὶ τοῦ θείου βαπτίσματος καὶ τῆς ἁγίας ἀγάπης καὶ πλείστων ἑτέρων θείων ἐντολῶν,ΕΝΤΟΛΗ,ΑΓΑΠΗ,Ουδέτερο,0.88,"Κυριαρχεί κανονιστικός τόνος με τέσσερις προστακτικές εγκλίσεις (ἀγαπᾶτε, εὐλογεῖτε, ποιεῖτε, προσεύχεσθε), ενώ το περιεχόμενο της εντολής αγάπης προς τους εχθρούς εισάγει δευτερεύοντα συναισθηματικό τόνο αγάπης.",,77,
13,Γ΄,§6,Περὶ τοῦ θείου βαπτίσματος καὶ τῆς ἁγίας ἀγάπης καὶ πλείστων ἑτέρων θείων ἐντολῶν,ΕΝΤΟΛΗ,ΑΓΑΠΗ,Θετικό,0.78,"Κυριαρχεί κανονιστικός-διδακτικός τόνος με σαφείς εντολές μίμησης του Θεού, αλλά η εικόνα της θεϊκής φιλανθρωπίας (ἥλιος, ὑετός, εὐεργετεῖ, θάλπει) και η πρόσκληση σε καθολική ἀγάπη εισάγουν έντονο δευτερεύον στοιχείο αγάπης.",,77,
14,Γ΄,§7,Περὶ τοῦ θείου βαπτίσματος καὶ τῆς ἁγίας ἀγάπης καὶ πλείστων ἑτέρων θείων ἐντολῶν,ΕΝΤΟΛΗ,ΑΓΑΠΗ,Θετικό,0.78,"Ο λόγος έχει κανονιστικό-διδακτικό πυρήνα (ἔσεσθε τέλειοι, πώλησόν, δὸς, ἀκολούθει) αλλά διαπνέεται από θερμή προτροπή αγάπης προς πάντας ως οδό τελειότητας.",,78,
15,Γ΄,§8,Περὶ τοῦ θείου βαπτίσματος καὶ τῆς ἁγίας ἀγάπης καὶ πλείστων ἑτέρων θείων ἐντολῶν,ΕΝΤΟΛΗ,ΕΛΠΙΔΑ,Θετικό,0.81,"Σειρά απαρεμφάτων-εντολών (ἀγαπᾶν, εὐλογεῖν, πωλεῖν, διανέμειν) με διδακτική ανάλυση ωφελειών και κλείσιμο σε εσχατολογική υπόσχεση ζωῆς αἰωνίου — κυρίαρχος κανονιστικός τόνος, δευτερευόντως ελπίδα.",,78,
16,Γ΄,§9,Περὶ τοῦ θείου βαπτίσματος καὶ τῆς ἁγίας ἀγάπης καὶ πλείστων ἑτέρων θείων ἐντολῶν,ΕΝΤΟΛΗ,ΕΣΧΑΤΟΛΟΓΙΑ,Αρνητικό,0.81,"Ο κανονιστικός τόνος των προστακτικών (ἀγαπᾶτε, εὐλογεῖτε, καλῶς ποιεῖτε, προσεύχεσθε) κυριαρχεί, αλλά το φρικτῶς αποτελεί εσχατολογική απειλή που φορτίζει αρνητικά το σύνολο.",,78,
17,Γ΄,§10,Περὶ τοῦ θείου βαπτίσματος καὶ τῆς ἁγίας ἀγάπης καὶ πλείστων ἑτέρων θείων ἐντολῶν,ΑΓΑΠΗ,ΕΝΤΟΛΗ,Θετικό,0.87,"Η εικόνα του φιλόστοργου πατέρα που φροντίζει με επιμέλεια την γαλήνη της καρδιάς κυριαρχεί συναισθηματικά, ενώ οι επιμέρους προστακτικές (στρέψον, ὕπαγε, ἄφες) εκφράζουν αγάπη-ως-πράξη και όχι ξηρό κανονισμό.",,78,
18,Γ΄,§11,Περὶ τοῦ θείου βαπτίσματος καὶ τῆς ἁγίας ἀγάπης καὶ πλείστων ἑτέρων θείων ἐντολῶν,ΕΝΤΟΛΗ,ΑΓΑΠΗ,Ουδέτερο,0.82,"Ο συγγραφέας αναλύει με διδακτικό-κανονιστικό τόνο τις εντολές του Δεσπότη (ἀγαπᾶν ἐχθρούς, μὴ ἀντιστήκειν, παρέχειν χιτῶνα), ενώ η εικόνα του γεωργοῦ-Δεσπότη εισάγει δευτερεύουσα χροιά αγάπης-προστασίας.",,79,
19,Γ΄,§12,Περὶ τοῦ θείου βαπτίσματος καὶ τῆς ἁγίας ἀγάπης καὶ πλείστων ἑτέρων θείων ἐντολῶν,ΕΝΤΟΛΗ,ΦΟΒΟΣ_ΘΕΟΥ,Ουδέτερο,0.78,Ρητορικό ερώτημα προς τον Δεσπότη που αναλύει διδακτικές εντολές υπομονής και ανεξικακίας — κανονιστικός τόνος με ήπιο δέος μπροστά στη δυσκολία της εντολής.,,79,
20,Γ΄,§13,Περὶ τοῦ θείου βαπτίσματος καὶ τῆς ἁγίας ἀγάπης καὶ πλείστων ἑτέρων θείων ἐντολῶν,ΕΝΤΟΛΗ,ΕΛΠΙΔΑ,Θετικό,0.81,"Σειρά προστακτικών οδηγιών περί ταπεινώσεως και μη αντιστάσεως στο κακό, με εσχατολογικό κίνητρο (διπλοῦν στέφανον, μισθόν ἐν οὐρανοῖς) που προσδίδει θετική ελπιδοφόρα φόρτιση.",,79,
21,Γ΄,§14,Περὶ τοῦ θείου βαπτίσματος καὶ τῆς ἁγίας ἀγάπης καὶ πλείστων ἑτέρων θείων ἐντολῶν,ΕΝΤΟΛΗ,ΑΓΑΠΗ,Ουδέτερο,0.82,"Σειρά προστακτικών (ἄφες, ὕπαγε, διαλλάγηθι, πρόσφερε) με κανονιστική αιτιολόγηση περί αποδοχής δώρου — διδακτικός τόνος με υπόρρητη αξία της αδελφικής συμφιλίωσης.",,79,
22,Γ΄,§15,Περὶ τοῦ θείου βαπτίσματος καὶ τῆς ἁγίας ἀγάπης καὶ πλείστων ἑτέρων θείων ἐντολῶν,ΕΝΤΟΛΗ,ΚΑΤΗΓΟΡΙΑ,Ουδέτερο,0.81,"Σαφής βαθμωτή κανονιστική διαδικασία αδελφικής επίπληξης με διαδοχικές προστακτικές (ἔλεγξον, παράλαβε, εἰπέ), ενώ οι εσχατικές αναφορές οὐαί προσθέτουν δευτερεύοντα κατηγορικό τόνο.",,79,
23,Γ΄,§16,Περὶ τοῦ θείου βαπτίσματος καὶ τῆς ἁγίας ἀγάπης καὶ πλείστων ἑτέρων θείων ἐντολῶν,ΕΝΤΟΛΗ,ΕΣΧΑΤΟΛΟΓΙΑ,Ουδέτερο,0.74,Ο λόγος κινείται στον κανονιστικό χώρο — διδάσκει πώς να αντιμετωπίζει κανείς τα σκάνδαλα χωρίς να βαρύνεται από το «ἀπειλούμενον οὐαί» — με ήπια εσχατολογική υποτόνια (ἀπειλούμενον οὐαί).,,80,
24,Γ΄,§17,Περὶ τοῦ θείου βαπτίσματος καὶ τῆς ἁγίας ἀγάπης καὶ πλείστων ἑτέρων θείων ἐντολῶν,ΑΓΑΠΗ,ΕΝΤΟΛΗ,Θετικό,0.87,Η παράγραφος παρουσιάζει τον Χριστό ως υπόδειγμα ταπεινής αγάπης που αγαπά ακόμη και τον προδότη εχθρό — η πρόσφωνηση «Ἑταῖρε» ως πράξη συγχώρησης ορίζει τον διδακτικό τόνο που απορρέει από παθιασμένη θεϊκή αγάπη.,,80,
25,Γ΄,§18,Περὶ τοῦ θείου βαπτίσματος καὶ τῆς ἁγίας ἀγάπης καὶ πλείστων ἑτέρων θείων ἐντολῶν,ΑΓΑΠΗ,ΔΟΞΟΛΟΓΙΑ,Θετικό,0.87,"Παρά την αλυσίδα παθών και ταπεινώσεων, ο τόνος κορυφώνεται στη μακροθυμία και την ευχή συγχώρεσης του Χριστού υπέρ των σταυρωτών Του — ανώτατη εκδήλωση θεϊκής αγάπης και ανεξικακίας.",,80,
26,Γ΄,§19,Περὶ τοῦ θείου βαπτίσματος καὶ τῆς ἁγίας ἀγάπης καὶ πλείστων ἑτέρων θείων ἐντολῶν,ΕΝΤΟΛΗ,ΜΕΤΑΝΟΙΑ,Ουδέτερο,0.74,"Κυριαρχεί κανονιστικός-διδακτικός τόνος (ἐντέλλεται, εὔχεσθαι) με θεολογική επιχειρηματολογία περί εὐχῆς ὑπὲρ ἐχθρῶν, ενώ η μετάνοια λειτουργεί ως κριτήριο ωφέλειας και όχι ως συναίσθημα.",,80,
27,Γ΄,§20,Περὶ τοῦ θείου βαπτίσματος καὶ τῆς ἁγίας ἀγάπης καὶ πλείστων ἑτέρων θείων ἐντολῶν,ΕΝΤΟΛΗ,ΑΓΑΠΗ,Ουδέτερο,0.74,Διδακτική ανάλυση της εντολής υπὲρ ἐχθρῶν εὔχεσθαι με πρακτική παιδαγωγική λογική — κανονιστικός τόνος που υπαινίσσεται αγάπη ως τελικό ζητούμενο.,,81,
28,Γ΄,§21,Περὶ τοῦ θείου βαπτίσματος καὶ τῆς ἁγίας ἀγάπης καὶ πλείστων ἑτέρων θείων ἐντολῶν,ΕΣΧΑΤΟΛΟΓΙΑ,ΚΑΤΗΓΟΡΙΑ,Αρνητικό,0.87,Η απειλή παράδοσης στους βασανιστές και κατάκλεισης σε φυλακή συνιστά εσχατολογική τιμωρία με έντονο κατηγορηματικό χαρακτήρα κατά της αδυσώπητης καρδίας.,,81,
29,Γ΄,§22,Περὶ τοῦ θείου βαπτίσματος καὶ τῆς ἁγίας ἀγάπης καὶ πλείστων ἑτέρων θείων ἐντολῶν,ΕΝΤΟΛΗ,ΑΓΑΠΗ,Ουδέτερο,0.74,"Ο Νεόφυτος εκθέτει διδακτικά τη διαβάθμιση της εντολής της συγχώρεσης — από το τέλειο κατόρθωμα των πνευματικών ανδρών ως τον ελάχιστο κανόνα των ασθενεστέρων — με κανονιστικό και παιδαγωγικό τόνο, αφήνοντας να διαφανεί η αγάπη ως τελικός σκοπός.",,81,
30,Γ΄,§23,Περὶ τοῦ θείου βαπτίσματος καὶ τῆς ἁγίας ἀγάπης καὶ πλείστων ἑτέρων θείων ἐντολῶν,ΕΝΤΟΛΗ,ΑΓΑΠΗ,Ουδέτερο,0.78,"Μεταβατική-συντακτική φράση που ανακεφαλαιώνει τις εντολές περί αγάπης και προαναγγέλλει την επισφράγιση του λόγου — κυρίαρχος τόνος διδακτικός-κανονιστικός, με υπόρρητη αναφορά στο θέμα της αγάπης.",,81,
31,Γ΄,§24,Περὶ τοῦ θείου βαπτίσματος καὶ τῆς ἁγίας ἀγάπης καὶ πλείστων ἑτέρων θείων ἐντολῶν,ΕΝΤΟΛΗ,ΑΓΑΠΗ,Ουδέτερο,0.74,"Διδακτικός-κανονιστικός τόνος με προτρεπτικές εγκλίσεις (ἀκούσωμεν, φυλάξωμεν, ποιήσωμεν) που προετοιμάζουν τη διδασκαλία περί ἀγάπης, ενώ η εικόνα του εὐγνώμονος δούλου υποδηλώνει πιστή και αγαπητική υπακοή.",,81,
32,Γ΄,§25,Περὶ τοῦ θείου βαπτίσματος καὶ τῆς ἁγίας ἀγάπης καὶ πλείστων ἑτέρων θείων ἐντολῶν,ΑΓΑΠΗ,ΕΝΤΟΛΗ,Θετικό,0.97,"Το παράθεμα του Παύλου (Αʹ Κορ. 13) αναπτύσσει με επαναληπτική ρητορική δομή την αγάπη ως υπέρτατη αξία — η τριπλή ανάδειξη 'ἀγάπην δὲ μὴ ἔχω' και η κατακλείδα 'ἡ ἀγάπη οὐδέποτε ἐκπίπτει' αποδίδουν θερμή, βεβαιωτική φόρτιση.",,82,
33,Γ΄,§26,Περὶ τοῦ θείου βαπτίσματος καὶ τῆς ἁγίας ἀγάπης καὶ πλείστων ἑτέρων θείων ἐντολῶν,ΑΓΑΠΗ,ΚΑΤΗΓΟΡΙΑ,Αρνητικό,0.82,Το παράθεμα του Παύλου (Α΄ Κορ. 13) και η αντίστοιχη ευαγγελική περικοπή συγκλίνουν στο συμπέρασμα ότι χωρίς ἀγάπην κάθε χάρισμα και θυσία είναι ανώφελα — η αγάπη αναδεικνύεται ως απόλυτη αξία μέσα από την ελεγκτική καταδίκη της ανομίας.,,82,
34,Γ΄,§27,Περὶ τοῦ θείου βαπτίσματος καὶ τῆς ἁγίας ἀγάπης καὶ πλείστων ἑτέρων θείων ἐντολῶν,ΕΝΤΟΛΗ,ΑΓΑΠΗ,Ουδέτερο,0.78,"Η παράγραφος συγκεντρώνει σειρά κανονιστικών προστακτικών (ἀγαπᾶτε, εὐλογεῖτε, ποιεῖτε, προσεύχεσθε, στρέψον) που αποτυπώνουν διδακτικό τόνο εντολής, ενώ η εισαγωγική παύλεια ανάπτυξη της ἀγάπης προσθέτει δευτερευόντως τη θερμή χροιά της κατηγορίας ΑΓΑΠΗ.",,82,
35,Γ΄,§28,Περὶ τοῦ θείου βαπτίσματος καὶ τῆς ἁγίας ἀγάπης καὶ πλείστων ἑτέρων θείων ἐντολῶν,ΔΟΞΟΛΟΓΙΑ,ΕΝΤΟΛΗ,Θετικό,0.91,"Η παράγραφος κορυφώνεται σε τριαδική δοξολογία («πᾶσα δόξα, τιμὴ καὶ προσκύνησις») με τυπικό λειτουργικό κλείσιμο «νῦν καὶ ἀεὶ καὶ εἰς τοὺς αἰῶνας», ενώ η επευκτική αρχή («Γένοιτο») εισάγει δευτερευόντως κανονιστική διάσταση περί τήρησης εντολών.",,82,
36,Δ΄,§1,Εἰς τὰς ἁγίας ἐντολὰς τοῦ Σωτῆρος,ΕΝΤΟΛΗ,ΑΓΑΠΗ,Ουδέτερο,0.72,"Προοιμιακή απολογητική παράγραφος με κανονιστικό-διδακτικό χαρακτήρα: ο συγγραφέας αιτιολογεί την πρωτοβουλία του έργου απευθυνόμενος σε πιθανούς επικριτές, χωρίς έντονη συναισθηματική φόρτιση.",,82,
37,Δ΄,§2,Εἰς τὰς ἁγίας ἐντολὰς τοῦ Σωτῆρος,ΚΑΤΗΓΟΡΙΑ,ΕΝΤΟΛΗ,Αρνητικό,0.72,"Ο συγγραφέας ελέγχει έμμεσα την αδιαφορία για τήρηση των ήδη γραμμένων διδαγμάτων («εἴθε ἐφυλάττομεν»), με τόνο ήπιας μεμψιμοιρίας που υπονοεί ηθική επίπληξη προς τον αναγνώστη.",,83,
38,Δ΄,§3,Εἰς τὰς ἁγίας ἐντολὰς τοῦ Σωτῆρος,ΔΟΞΟΛΟΓΙΑ,ΑΓΑΠΗ,Θετικό,0.87,"Η παράγραφος αποτελεί λαμπρό εγκώμιο του Χρυσοστόμου με σωρεία μεγαλειωδών εικόνων (ποταμός θεόβρυτος, ωκεανός, στρατηγός, ιατρός) που εκφράζουν ενθουσιώδη θαυμασμό και αγαλλίαση μπροστά στο δώρο της πατερικής διδασκαλίας ως θεϊκής χάριτος.",,83,
39,Δ΄,§4,Εἰς τὰς ἁγίας ἐντολὰς τοῦ Σωτῆρος,ΔΟΞΟΛΟΓΙΑ,ΕΝΤΟΛΗ,Θετικό,0.78,"Η εικόνα των θεοπνεύστων οργάνων και των παναρμονίων λυρών αποπνέει αγαλλίαση και θαυμασμό για τη συμφωνία θείας αποκάλυψης, με διδακτικό υπόστρωμα.",,83,
40,Δ΄,§5,Εἰς τὰς ἁγίας ἐντολὰς τοῦ Σωτῆρος,ΕΝΤΟΛΗ,ΔΟΞΟΛΟΓΙΑ,Ουδέτερο,0.74,"Κανονιστική προτροπή μελέτης ασκητικών πατέρων (Βασιλείου, Ησαΐου, Ιωάννου Κλίμακος) με διδακτικό τόνο, ενώ τα επίθετα μακαρίων, τρισοσίου, ἀγγέλου ἐν ἀνθρώποις αποπνέουν ήπιο δοξολογικό χρώμα.",,83,
41,Δ΄,§6,Εἰς τὰς ἁγίας ἐντολὰς τοῦ Σωτῆρος,ΔΟΞΟΛΟΓΙΑ,ΕΝΤΟΛΗ,Θετικό,0.78,"Η ανοδική εικόνα της πνευματικής κλίμακας με τις τριάκοντα βαθμίδες αρετών και η κορύφωση στη σύσταση μοναχών στεφανιτών παρά τω Θεώ αποπνέουν ενθουσιώδη αγαλλίαση για το θεϊκό σχέδιο σωτηρίας, ενώ η λεπτομερής απαρίθμηση των αρετών προσδίδει και διδακτικό-κανονιστικό χαρακτήρα.",,83,
42,Δ΄,§7,Εἰς τὰς ἁγίας ἐντολὰς τοῦ Σωτῆρος,ΕΝΤΟΛΗ,ΦΟΒΟΣ_ΘΕΟΥ,Ουδέτερο,0.74,"Η παράγραφος εκθέτει με διδακτικό-αναλυτικό τόνο την ιεραρχία των αρετών (ὑπακοή, ταπείνωσις, φυγή κόσμου), ενώ η παρεμβαλλόμενη απειλή «οὐδεὶς τῶν ἐμπαθῶν ὄψεται τὸν Κύριον» προσθέτει δευτερευόντως έναν τόνο ιερού δέους.",,84,
43,Δ΄,§8,Εἰς τὰς ἁγίας ἐντολὰς τοῦ Σωτῆρος,ΔΟΞΟΛΟΓΙΑ,ΕΝΤΟΛΗ,Θετικό,0.71,"Ο θαυμασμός μπροστά στην «ἀξιοθαύμαστη» σοφία του Πατρός αποπνέει δοξολογική αγαλλίαση, ενώ η ταυτόχρονη έκθεση της τάξης της υπακοής προσδίδει διδακτικό-κανονιστικό χαρακτήρα.",,84,
44,Δ΄,§9,Εἰς τὰς ἁγίας ἐντολὰς τοῦ Σωτῆρος,ΜΕΤΑΝΟΙΑ,ΕΝΤΟΛΗ,Θετικό,0.81,Η ξενιτεία και η υπακοή παρουσιάζονται ως θεόσδοτο ζεύγος που καρποφορεί σωστική μετάνοια — θετική φόρτιση παρά την παρουσία της ἐννοίας θανάτου ως χαλινού κακίας.,,84,
45,Δ΄,§10,Εἰς τὰς ἁγίας ἐντολὰς τοῦ Σωτῆρος,ΜΕΤΑΝΟΙΑ,ΕΣΧΑΤΟΛΟΓΙΑ,Θετικό,0.82,"Η έννοια του θανάτου γεννά το «ἀφηγνισμένον καὶ μακάριον πένθος» — η μετάνοια ανοίγει σε μακαριότητα και παράκληση, με εσχατολογική υπόσχεση από τις Μακαριότητες να δίνει θετική φόρτιση.",,84,
46,Δ΄,§11,Εἰς τὰς ἁγίας ἐντολὰς τοῦ Σωτῆρος,ΜΕΤΑΝΟΙΑ,ΚΑΤΗΓΟΡΙΑ,Αρνητικό,0.81,"Η «χαρμονικὴ πενθηρία» και η «θανάσιμος μνήμη» ως μητέρες της ἀοργησίας αναδεικνύουν τη μετάνοια ως πνευματικό μοχλό, ενώ η παραδοχή ότι ο θυμὸς «καθ᾿ ἡμέραν σπαράττει» προσδίδει κατηγορικό ψόγο κατά της αμετανοησίας.",,84,
47,Δ΄,§12,Εἰς τὰς ἁγίας ἐντολὰς τοῦ Σωτῆρος,ΔΟΞΟΛΟΓΙΑ,ΕΝΤΟΛΗ,Θετικό,0.78,"Η εξύμνηση της «ἱερᾶς πυκτίδος» με εικόνες πλούτου, γάλακτος και μέλιτος και η σύγκριση του πατρὸς με τον Χρυσόστομο εκπέμπουν αγαλλίαση και ευγνωμοσύνη για τη διδακτική παράδοση, με δευτερεύοντα διδακτικό-κανονιστικό χαρακτήρα.",,84,
48,Δ΄,§13,Εἰς τὰς ἁγίας ἐντολὰς τοῦ Σωτῆρος,ΔΟΞΟΛΟΓΙΑ,ΕΛΠΙΔΑ,Θετικό,0.87,"Η αναφορά σε «μελισσῶνα πανάγιον», «μέλιτος ἐξαισίου» και «πολίτας τῆς οὐρανῶν βασιλείας» αποπνέει αγαλλίαση και θαυμασμό μπροστά στο μεγαλείο της αγίας βιοτής, με δευτερεύουσα εσχατολογική ελπίδα.",,85,
49,Δ΄,§14,Εἰς τὰς ἁγίας ἐντολὰς τοῦ Σωτῆρος,ΕΛΠΙΔΑ,ΔΟΞΟΛΟΓΙΑ,Θετικό,0.87,"Η συσσώρευση εικόνων από τις παραβολές του Ευαγγελίου (μαργαρίτης, θησαυρός, σαγήνη, γάμοι) ζωγραφίζει με εξαιρετική φωτεινότητα την εσχατολογική πληρότητα των μοναχών και καταλήγει σε επευκτική προσευχή για μετοχή στην ίδια μερίδα, γεγονός που προσδίδει στην παράγραφο τον κυρίαρχο τόνο της ελπίδας.",,85,
50,Δ΄,§15,Εἰς τὰς ἁγίας ἐντολὰς τοῦ Σωτῆρος,ΚΑΤΗΓΟΡΙΑ,ΕΝΤΟΛΗ,Ουδέτερο,0.71,"Ο Νεόφυτος απαντά αμυντικά σε υποτιθέμενους επικριτές με ειρωνικό-αποτρεπτικό τόνο, ελέγχοντας τη στάση τους, αλλά χωρίς ηθική οργή — ο τόνος είναι διευκρινιστικός παρά κατηγορηματικά κατηγορητικός.",,85,
51,Δ΄,§16,Εἰς τὰς ἁγίας ἐντολὰς τοῦ Σωτῆρος,ΕΝΤΟΛΗ,ΑΓΑΠΗ,Ουδέτερο,0.81,"Ο Νεόφυτος εξηγεί τη σύνθεση του έργου ως πράξη κατοχής και τήρησης των εντολών, με κυρίαρχο κανονιστικό-διδακτικό τόνο, ενώ η δευτερεύουσα αναφορά στο «ὁ ἀγαπῶν με» εισάγει μια ελαφρά χροιά Αγάπης.",,85,
52,Δ΄,§17,Εἰς τὰς ἁγίας ἐντολὰς τοῦ Σωτῆρος,ΕΝΤΟΛΗ,ΜΕΤΑΝΟΙΑ,Ουδέτερο,0.78,"Ο συγγραφέας εκθέτει με διδακτικό-αφηγηματικό τόνο τη συλλογή και ερμηνεία των ευαγγελικών εντολών, με κεντρική αναφορά στην εντολή της μετανοίας, χωρίς κυρίαρχο συναισθηματικό χρωματισμό.",,86,
53,Δ΄,§18,Εἰς τὰς ἁγίας ἐντολὰς τοῦ Σωτῆρος,ΕΝΤΟΛΗ,ΜΕΤΑΝΟΙΑ,Ουδέτερο,0.74,"Μεταεξηγητική παράγραφος μεθοδολογικού χαρακτήρα: ο συγγραφέας δηλώνει τον παιδαγωγικό σκοπό του έργου (ἀφυπνίζειν τὴν ῥαθυμίαν) με διδακτικό, κανονιστικό τόνο, ενώ η εικόνα του ὑπνῶντος αγγίζει τη συναισθηματική κλίμακα της εγρήγορσης-μετανοίας χωρίς να κυριαρχεί.",,86,
54,Δ΄,§19,Εἰς τὰς ἁγίας ἐντολὰς τοῦ Σωτῆρος,ΕΝΤΟΛΗ,ΑΓΑΠΗ,Θετικό,0.72,Ο συγγραφέας κλείνει την απολογητική ενότητα και στρέφεται προς τον Χριστό ως πηγή των εντολών — κανονιστική μετάβαση με υποτονική θερμότητα προς τον Σωτήρα.,,86,
55,Δ΄,§20,Εἰς τὰς ἁγίας ἐντολὰς τοῦ Σωτῆρος,ΕΛΠΙΔΑ,ΑΓΑΠΗ,Θετικό,0.87,"Η προσευχητική επίκληση συνδυάζεται με την τριπλή επανάληψη αἰτεῖτε/ζητεῖτε/κρούετε και την εικόνα του φιλευσπλάγχνου οὐρανίου Πατρός που υπόσχεται να δώσει ἀγαθά, δημιουργώντας κλίμα βεβαιωμένης ελπίδας και εμπιστοσύνης.",,86,
56,Δ΄,§21,Εἰς τὰς ἁγίας ἐντολὰς τοῦ Σωτῆρος,ΚΑΤΗΓΟΡΙΑ,ΕΝΤΟΛΗ,Αρνητικό,0.81,"Ο Νεόφυτος ελέγχει αυστηρά τον άνθρωπο που αιτιάται τον Θεό για αναπάντητες προσευχές, αποκαλώντας τον ψεύστη (πᾶς ἄνθρωπος ψεύστης) και επισημαίνοντας τη διπλή αμαρτία του — κατηγορηματικός ηθικός έλεγχος με διδακτικές προεκτάσεις.",,86,
57,Δ΄,§22,Εἰς τὰς ἁγίας ἐντολὰς τοῦ Σωτῆρος,ΕΣΧΑΤΟΛΟΓΙΑ,ΔΟΞΟΛΟΓΙΑ,Ουδέτερο,0.81,Η παρέλευση ουρανού και γης αντιπαραβάλλεται με την αιωνιότητα των λόγων του Θεού — εσχατολογική συνείδηση που εγγίζει δοξολογική διάθεση μέσω της παραπομπής στη δημιουργική παντοδυναμία.,,87,
58,Δ΄,§23,Εἰς τὰς ἁγίας ἐντολὰς τοῦ Σωτῆρος,ΕΝΤΟΛΗ,ΕΣΧΑΤΟΛΟΓΙΑ,Θετικό,0.81,"Κυριαρχούν οι προστακτικές (αἰτεῖτε, αἰτεῖσθε, παρακελεύομαι) που εκθέτουν σαφώς την εντολή της πνευματικής αίτησης, ενώ η αντίθεση πρόσκαιρα/αἰώνια και η αναφορά στη βασιλεία του Θεού προσδίδουν εσχατολογική διάσταση με θετική φόρτιση.",,87,
59,Δ΄,§24,Εἰς τὰς ἁγίας ἐντολὰς τοῦ Σωτῆρος,ΕΝΤΟΛΗ,ΦΟΒΟΣ_ΘΕΟΥ,Ουδέτερο,0.74,"Η επιχειρηματολογία a fortiori (ἐπίγειος βασιλεύς vs. βασιλεὺς τῶν βασιλευόντων) λειτουργεί ως διδακτική οδηγία για την ορθή αίτηση προς τον Θεό, με υποκείμενο δέος μπροστά στο θεϊκό μεγαλείο.",,87,
60,Δ΄,§25,Εἰς τὰς ἁγίας ἐντολὰς τοῦ Σωτῆρος,ΚΑΤΗΓΟΡΙΑ,ΕΝΤΟΛΗ,Αρνητικό,0.74,Η εικόνα των ωθουμένων και τυπτομένων αιτούντων ενώπιον του γήινου βασιλέως λειτουργεί ως έμμεση επίπληξη ανθρώπινης αναξιοπρέπειας και μικρόψυχης επιδίωξης ευτελών αγαθών έναντι της αληθινής Βασιλείας.,,87,
61,Δ΄,§26,Εἰς τὰς ἁγίας ἐντολὰς τοῦ Σωτῆρος,ΕΝΤΟΛΗ,ΕΛΠΙΔΑ,Θετικό,0.81,"Κυριαρχεί κανονιστικός τόνος μέσω επαναλαμβανόμενων προστακτικών (αἰτεῖτε, ζητεῖτε, κρούετε) που εκφράζουν σαφείς εντολές, ενώ η αναφορά στον Παράδεισο και την αιώνια ζωή προσδίδει δευτερευόντως ελπιδοφόρο χαρακτήρα.",,87,
62,Δ΄,§27,Εἰς τὰς ἁγίας ἐντολὰς τοῦ Σωτῆρος,ΕΝΤΟΛΗ,ΕΛΠΙΔΑ,Ουδέτερο,0.74,"Το ανάλογο των ἀρχόντων και βασιλέων λειτουργεί ως διδακτικό υπόδειγμα που τεκμηριώνει την ανάγκη επίμονης προσευχής, με κυρίαρχο κανονιστικό-επεξηγηματικό τόνο και δευτερεύουσα υπόσχεση εισακοής.",,87,
63,Δ΄,§28,Εἰς τὰς ἁγίας ἐντολὰς τοῦ Σωτῆρος,ΕΝΤΟΛΗ,ΕΛΠΙΔΑ,Θετικό,0.81,"Τριπλή προστακτική αἰτεῖτε/ζητεῖτε/κρούετε με κανονιστικό διδακτικό τόνο, ωστόσο το αποκορύφωμα στη χαρὰν τοῦ κυρίου ανοίγει σε θετική εσχατολογική ελπίδα.",,88,
64,Δ΄,§29,Εἰς τὰς ἁγίας ἐντολὰς τοῦ Σωτῆρος,ΕΛΠΙΔΑ,ΕΝΤΟΛΗ,Θετικό,0.87,"Η εικόνα του λῃστοῦ που ανοίγει τον Παράδεισο μέσω πίστεως λειτουργεί ως ισχυρό εσχατολογικό κίνητρο ελπίδας — ακόμη και ο κακοῦργος βρίσκει ανοιχτή πύλη, οπότε η θετική φόρτιση κυριαρχεί παρά τη διδακτική δομή.",,88,
65,Δ΄,§30,Εἰς τὰς ἁγίας ἐντολὰς τοῦ Σωτῆρος,ΜΕΤΑΝΟΙΑ,ΕΛΠΙΔΑ,Θετικό,0.87,"Τριπλά παραδείγματα μετανοούντων (πόρνη, άσωτος, τελώνης) συνδυάζονται με προτρεπτική κατάνυξη και βεβαιότητα αφέσεως — το πένθος ανοίγει σε ελπίδα λήψεως.",,88,
66,Δ΄,§31,Εἰς τὰς ἁγίας ἐντολὰς τοῦ Σωτῆρος,ΕΝΤΟΛΗ,ΕΛΠΙΔΑ,Θετικό,0.74,"Ο λόγος εκθέτει κανονιστικά τις προϋποθέσεις εισακούσεως της προσευχής (μῖσος κακίας, ἔκκλισις ἀπὸ κακοῦ, ποίησις ἀγαθοῦ), ενώ η τριπλή επανάληψη αἰτήσαντες–ζητοῦντες–κρούοντες ανοίγει σε εμπιστευτική ελπίδα ανταπόκρισης.",,88,
67,Δ΄,§32,Εἰς τὰς ἁγίας ἐντολὰς τοῦ Σωτῆρος,ΕΛΠΙΔΑ,ΑΓΑΠΗ,Θετικό,0.82,"Το επιχείρημα a minore ad maius (πόσῳ μᾶλλον) θεμελιώνει βεβαιότητα θεϊκής ανταπόκρισης στην προσευχή, δημιουργώντας ήρεμη αλλά ακλόνητη ελπίδα που εδράζεται στην πατρική αγαθότητα του Θεού.",,88,
68,Δ΄,§33,Εἰς τὰς ἁγίας ἐντολὰς τοῦ Σωτῆρος,ΜΕΤΑΝΟΙΑ,ΕΛΠΙΔΑ,Αρνητικό,0.91,"Εκτεταμένη αυτοκατηγορία με λῃστρικές μεταφορές (κατεφόνευσα, ἐξηφάνισα, ἐξετύφλωσα) που εκφράζει βαθιά κατάνυξη, ανοιγμένη όμως στην ελπίδα μέσω της επαναλαμβανόμενης κραυγής Μνήσθητί μου.",,88,
69,Δ΄,§34,Εἰς τὰς ἁγίας ἐντολὰς τοῦ Σωτῆρος,ΜΕΤΑΝΟΙΑ,ΕΝΤΟΛΗ,Θετικό,0.81,"Η προτροπή να στρέφει κανείς καθημερινά τη διάνοιά του στη σωτήριο σταύρωση και να κράζει «Μνήσθητί μου» εκφράζει κατανυκτική μετάνοια που ανοίγεται σε ελπίδα, με δευτερεύοντα διδακτικό-κανονιστικό τόνο.",,89,
70,Δ΄,§35,Εἰς τὰς ἁγίας ἐντολὰς τοῦ Σωτῆρος,ΜΕΤΑΝΟΙΑ,ΕΛΠΙΔΑ,Θετικό,0.81,"Η επανάληψη «Μνήσθητί μου, Κύριε» συνδέει την ασκητική νέκρωση των παθών με προσδοκία βασιλείας — μετάνοια που ανοίγει σε ελπίδα σωτηρίας.",,89,
71,Δ΄,§36,Εἰς τὰς ἁγίας ἐντολὰς τοῦ Σωτῆρος,ΜΕΤΑΝΟΙΑ,ΕΣΧΑΤΟΛΟΓΙΑ,Αρνητικό,0.88,"Η επανειλημμένη επίκληση «Μνήσθητί μου, Κύριε» εκ μέρους του λῃστοῦ, με ρητή αναγνώριση των «λῃστρικῶν μιαριῶν» και διακαή παράκληση μη λησμονίας κατά τη Δευτέρα Παρουσία, εκφράζει βαθύ κατανυκτικό πένθος ενσωματωμένο σε εσχατολογικό πλαίσιο.",,89,
72,Δ΄,§37,Εἰς τὰς ἁγίας ἐντολὰς τοῦ Σωτῆρος,ΜΕΤΑΝΟΙΑ,ΕΣΧΑΤΟΛΟΓΙΑ,Αρνητικό,0.87,"Ο λῃστὴς εκφράζει βαθύ πένθος για τα ἀτοπήματά του («αἰσχρουργίας», «ἀχρείου») ενώ παράλληλα η σκηνή της Δευτέρας Παρουσίας με τον θρόνο δόξης και τον αφορισμό προβάτων-ερίφων δίνει έντονο εσχατολογικό υπόβαθρο στη συντριβή του.",,89,
73,Δ΄,§38,Εἰς τὰς ἁγίας ἐντολὰς τοῦ Σωτῆρος,ΔΟΞΟΛΟΓΙΑ,ΦΟΒΟΣ_ΘΕΟΥ,Θετικό,0.72,"Η ρητορική αλυσίδα ερωτημάτων (ποίαν ἁλουργίδα, ποῖα στρατόπεδα, ποῖα παλάτια) λειτουργεί ως κεκαλυμμένη δοξολογία: η παράδοξη ταπείνωση του σταυρωμένου βασιλέα αναδεικνύεται ως θαυμαστό μεγαλείο, προκαλώντας δέος και αγαλλίαση ενώπιον της απόκρυφης βασιλικής δόξας.",,90,
74,Δ΄,§39,Εἰς τὰς ἁγίας ἐντολὰς τοῦ Σωτῆρος,ΔΟΞΟΛΟΓΙΑ,ΕΣΧΑΤΟΛΟΓΙΑ,Θετικό,0.72,"Ο Χριστός αποκαλύπτει με αγαλλίαση το κεκρυμμένον μυστήριον της βασιλείας του, με εσχατολογικό υπόστρωμα στην εικόνα του Υιού του ανθρώπου επί των νεφελών, ενώ η κατάληξη εκφράζει θαυμασμό για την πίστη του ληστή.",,90,
75,Δ΄,§40,Εἰς τὰς ἁγίας ἐντολὰς τοῦ Σωτῆρος,ΔΟΞΟΛΟΓΙΑ,ΜΕΤΑΝΟΙΑ,Θετικό,0.81,"Ο ληστής υμνεί τον Χριστό ως βασιλέα, κτίστη και συνοχέα μέσα από τη συμπαθητική αντίδραση ολόκληρης της κτίσης στη Σταύρωση — η εικόνα κορυφώνεται σε δοξολογική αναγνώριση της θεϊκής κυριαρχίας, ενώ το «Μνήσθητί μου» στο τέλος εισάγει δευτερεύοντα τόνο μετανοίας.",,90,
76,Δ΄,§41,Εἰς τὰς ἁγίας ἐντολὰς τοῦ Σωτῆρος,ΕΛΠΙΔΑ,ΔΟΞΟΛΟΓΙΑ,Θετικό,0.93,"Η τριπλή επανάληψη «σὺ δὲ μετ᾿ ἐμοῦ σήμερον ἔσῃ ἐν τῷ παραδείσῳ» λειτουργεί ως απόλυτη βεβαίωση σωτηρίας, ενώ η θεολογική ανάπτυξη της θεανθρώπινης φύσης (ὡς ἄνθρωπος / ὡς Θεός) ενισχύει τη δοξολογική διάσταση.",,90,
77,Δ΄,§42,Εἰς τὰς ἁγίας ἐντολὰς τοῦ Σωτῆρος,ΕΛΠΙΔΑ,ΕΣΧΑΤΟΛΟΓΙΑ,Θετικό,0.88,"Η διπλή επανάληψη «μετ᾿ ἐμοῦ σήμερον ἔσῃ ἐν τῷ παραδείσῳ» αγκαλιάζει την εσχατολογική κατάβαση στον ᾅδη με βεβαιότητα λύτρωσης, καθιστώντας την ελπίδα κυρίαρχο συναίσθημα παρά το σκοτεινό φόντο της θανατικής τυραννίδας.",,91,
78,Δ΄,§43,Εἰς τὰς ἁγίας ἐντολὰς τοῦ Σωτῆρος,ΕΛΠΙΔΑ,ΜΕΤΑΝΟΙΑ,Θετικό,0.88,"Η υπόσχεση του Παραδείσου στον μετανοοῦντα λῃστή και η ρήση «οὐχ ὁ τόπος ἀλλ᾿ ὁ τρόπος» εκφράζουν ισχυρή εσχατολογική ελπίδα, ενώ το «οὐδὲ ἁμαρτωλὸς ἀπογνώσει» ενισχύει τη μετανοϊκή διάσταση.",,91,
79,Δ΄,§44,Εἰς τὰς ἁγίας ἐντολὰς τοῦ Σωτῆρος,ΕΛΠΙΔΑ,ΕΝΤΟΛΗ,Θετικό,0.87,"Η επαναλαμβανόμενη προτροπή «Μνήσθητί μου, Κύριε» σε κάθε στιγμή της καθημερινής ζωής, ενωμένη με τις υποσχέσεις «δοθήσεται, εὑρήσετε, ἀνοιγήσεται», δημιουργεί κλίμα θερμής εσχατολογικής ελπίδας που κυριαρχεί επί του διδακτικού τόνου.",,91,
80,Δ΄,§45,Εἰς τὰς ἁγίας ἐντολὰς τοῦ Σωτῆρος,ΕΛΠΙΔΑ,ΔΟΞΟΛΟΓΙΑ,Θετικό,0.88,"Επευκτική φράση με αλυσίδα κινητικών ρημάτων (αἰτεῖν, λαμβάνειν, ζητεῖν, εὑρίσκειν, κροῦσαι, εἰσελθεῖν) που εκφράζουν ζωντανή εσχατολογική ελπίδα, ενώ κλείνει με δοξολογική τριαδική διατύπωση.",,91,
81,Ε΄,§1,Εἰς τὰς ἁγίας ἐντολὰς τοῦ Σωτῆρος καὶ περὶ τῶν πέντε τοῦ σώματος αἰσθήσεων,ΔΟΞΟΛΟΓΙΑ,ΕΝΤΟΛΗ,Θετικό,0.72,"Η παράγραφος λειτουργεί ως επιλογικό-ανακεφαλαιωτικό πλαίσιο του έργου με αναφορά στη χάριτι Θεοῦ και τη δόξα των Πατέρων, εκπέμποντας ευχαριστιακό-δοξολογικό τόνο, ενώ παράλληλα παραπέμπει στη διδακτική εντολή Αἰτεῖτε.",,92,
82,Ε΄,§2,Εἰς τὰς ἁγίας ἐντολὰς τοῦ Σωτῆρος καὶ περὶ τῶν πέντε τοῦ σώματος αἰσθήσεων,ΕΝΤΟΛΗ,ΕΣΧΑΤΟΛΟΓΙΑ,Ουδέτερο,0.74,"Διδακτική-κανονιστική έκθεση περί νήψεως και ἐγρηγόρσεως ως προϋπόθεσης της ἀθανάτου ζωῆς, με εσχατολογική υπόδηλη φόρτιση μέσω της εικόνας τοῦ θανάτου που ἀναβαίνει διὰ τῶν θυρίδων.",,92,
83,Ε΄,§3,Εἰς τὰς ἁγίας ἐντολὰς τοῦ Σωτῆρος καὶ περὶ τῶν πέντε τοῦ σώματος αἰσθήσεων,ΚΑΤΗΓΟΡΙΑ,ΕΝΤΟΛΗ,Αρνητικό,0.91,"Η πολεμική εικόνα βαρβάρων δαιμόνων που βάλλουν διά των αισθήσεων αποτελεί αυστηρή ηθική κατηγορία κατά της αμαρτωλής ευαλωτότητας του ανθρώπου, με υψηλή αρνητική φόρτιση.",,92,
84,Ε΄,§4,Εἰς τὰς ἁγίας ἐντολὰς τοῦ Σωτῆρος καὶ περὶ τῶν πέντε τοῦ σώματος αἰσθήσεων,ΚΑΤΗΓΟΡΙΑ,ΕΝΤΟΛΗ,Αρνητικό,0.83,"Η αντίθεση μεταξύ θεϊκής δωρεάς (εἰκὼν, αὐτεξούσιον, αἰσθήσεις) και ανθρώπινης κατάχρησής τους (ἀτόπους ἐννοίας, παροργίζομεν) κορυφώνεται σε αυστηρή ηθική επίπληξη ενισχυμένη από το ευαγγελικό παράθεμα περί μοιχείας της καρδίας.",,92,
85,Ε΄,§5,Εἰς τὰς ἁγίας ἐντολὰς τοῦ Σωτῆρος καὶ περὶ τῶν πέντε τοῦ σώματος αἰσθήσεων,ΕΝΤΟΛΗ,ΚΑΤΗΓΟΡΙΑ,Ουδέτερο,0.81,"Ο συγγραφέας αναλύει με ακρίβεια τη διάκριση μεταξύ αθώας βλέμματος και εμπαθούς επιθυμίας, υιοθετώντας διδακτικό-ερμηνευτικό τόνο με ήπια κατηγορηματική υπόρρηση κατά της περιέργειας των ὀφθαλμῶν.",,92,
86,Ε΄,§6,Εἰς τὰς ἁγίας ἐντολὰς τοῦ Σωτῆρος καὶ περὶ τῶν πέντε τοῦ σώματος αἰσθήσεων,ΚΑΤΗΓΟΡΙΑ,ΕΣΧΑΤΟΛΟΓΙΑ,Αρνητικό,0.88,"Τριπλή επανάληψη της προειδοποίησης Σολομώντος με σφοδρή ηθική επίπληξη κατά της σαρκικής επιθυμίας, ενισχυμένη από εσχατολογικές αναφορές (ἀνάστασιν, εὐθύνας, κόλασιν) που υπογραμμίζουν τον θανατηφόρο χαρακτήρα της αμαρτίας.",,92,
87,Ε΄,§7,Εἰς τὰς ἁγίας ἐντολὰς τοῦ Σωτῆρος καὶ περὶ τῶν πέντε τοῦ σώματος αἰσθήσεων,ΚΑΤΗΓΟΡΙΑ,ΕΝΤΟΛΗ,Αρνητικό,0.88,"Το παράθεμα Παύλου χρησιμοποιείται ως αυστηρή ηθική επίπληξη κατά της πορνείας με έμφαση στη βεβήλωση του ναού-σώματος, ενώ η προστακτική «Φεύγετε» ενισχύει τον κανονιστικό χαρακτήρα.",,93,
88,Ε΄,§8,Εἰς τὰς ἁγίας ἐντολὰς τοῦ Σωτῆρος καὶ περὶ τῶν πέντε τοῦ σώματος αἰσθήσεων,ΚΑΤΗΓΟΡΙΑ,ΕΝΤΟΛΗ,Αρνητικό,0.88,Αναλυτική σύγκριση αμαρτιών με έμφαση στη βαρύτητα της πορνείας και της μοιχείας — αυστηρή ηθική επίπληξη με διδακτικό-κανονιστικό υπόστρωμα.,,93,
89,Ε΄,§9,Εἰς τὰς ἁγίας ἐντολὰς τοῦ Σωτῆρος καὶ περὶ τῶν πέντε τοῦ σώματος αἰσθήσεων,ΕΝΤΟΛΗ,ΚΑΤΗΓΟΡΙΑ,Ουδέτερο,0.78,"Ο Σωτήρ παρουσιάζεται ως νομοθέτης που θέτει φραγμό στην επιθυμία μέσω σαφούς εντολής, με διδακτική εικόνα του γεωργού — κανονιστικός τόνος με στοιχεία ηθικής επίπληξης.",,93,
90,Ε΄,§10,Εἰς τὰς ἁγίας ἐντολὰς τοῦ Σωτῆρος καὶ περὶ τῶν πέντε τοῦ σώματος αἰσθήσεων,ΚΑΤΗΓΟΡΙΑ,ΕΣΧΑΤΟΛΟΓΙΑ,Αρνητικό,0.85,Αφήγηση της πτώσης της Εύας μέσω της ἐμπαθοῦς κατασκόπευσης — αυστηρή ηθική ανάλυση της αμαρτητικής ορμής που οδήγησε στην παρακοή και τις καταστροφικές της συνέπειες.,,93,
91,Ε΄,§11,Εἰς τὰς ἁγίας ἐντολὰς τοῦ Σωτῆρος καὶ περὶ τῶν πέντε τοῦ σώματος αἰσθήσεων,ΑΓΑΠΗ,ΕΝΤΟΛΗ,Θετικό,0.61,"Η αναφορά στην υπομονή βασάνων διὰ τὴν ἀγάπην τοῦ Χριστοῦ και ο φιλικὸς τόνος του συγγραφέα προς τους ιεράρχες υποδηλώνουν κυρίαρχη διάθεση αγάπης, ενώ το μεταβατικό-διδακτικό πλαίσιο δίνει δευτερεύοντα κανονιστικό χαρακτήρα.",,94,
92,Ε΄,§12,Εἰς τὰς ἁγίας ἐντολὰς τοῦ Σωτῆρος καὶ περὶ τῶν πέντε τοῦ σώματος αἰσθήσεων,ΕΝΤΟΛΗ,ΚΑΤΗΓΟΡΙΑ,Αρνητικό,0.72,"Διδακτική ανάλυση της κακής χρήσης της ὁράσεως με τριπλή βιβλική τεκμηρίωση (Εύα, υιοί Θεού, μοιχεία), που καταλήγει σε θεϊκή επίπληξη — κυριαρχεί ο κανονιστικός-ελεγκτικός τόνος με αρνητική συναισθηματική φόρτιση.",,94,
93,Ε΄,§13,Εἰς τὰς ἁγίας ἐντολὰς τοῦ Σωτῆρος καὶ περὶ τῶν πέντε τοῦ σώματος αἰσθήσεων,ΚΑΤΗΓΟΡΙΑ,ΦΟΒΟΣ_ΘΕΟΥ,Αρνητικό,0.88,"Η ρητορική ερώτηση «πῶς ἀνέξεται νῦν» με συσσώρευση θείων δωρεών (νόμος, προφῆται, Χριστός, ἐντολαί, ἀπειλαὶ φοβεραί) λειτουργεί ως σκληρή επίπληξη κατά των αμαρτωλών, ενώ η απειλή αποχώρησης του Πνεύματος εισάγει ιερό δέος.",,94,
94,Ε΄,§14,Εἰς τὰς ἁγίας ἐντολὰς τοῦ Σωτῆρος καὶ περὶ τῶν πέντε τοῦ σώματος αἰσθήσεων,ΚΑΤΗΓΟΡΙΑ,ΕΝΤΟΛΗ,Αρνητικό,0.81,Η παράθεση Παύλου αντιπαραβάλλει σαρκικό φρόνημα ως ἔχθρα Θεοῦ με πνευματική ζωή — αυστηρός έλεγχος της αμαρτωλής σαρκικότητας με διδακτική υποδομή.,,94,
95,Ε΄,§15,Εἰς τὰς ἁγίας ἐντολὰς τοῦ Σωτῆρος καὶ περὶ τῶν πέντε τοῦ σώματος αἰσθήσεων,ΕΝΤΟΛΗ,ΚΑΤΗΓΟΡΙΑ,Ουδέτερο,0.72,Η παράγραφος αντιπαραθέτει διδακτικά παραδείγματα εμπαθούς και απαθούς βλέμματος — ο Ιωσήφ ως στήλη σωφροσύνης έναντι των πρεσβυτέρων και των υιών του Θεού — με κανονιστικό διδακτικό τόνο που υπονοεί ηθική κατηγορία κατά της ακολασίας.,,94,
96,Ε΄,§16,Εἰς τὰς ἁγίας ἐντολὰς τοῦ Σωτῆρος καὶ περὶ τῶν πέντε τοῦ σώματος αἰσθήσεων,ΕΝΤΟΛΗ,ΔΟΞΟΛΟΓΙΑ,Θετικό,0.72,"Διδακτική διάκριση μεταξύ ῥαθυμίας και ορθής χρήσης των αισθήσεων, με κατάληξη σε δοξολογική στάση θαύματος και προσκύνησης μπροστά στη θεία σοφία και δύναμη.",,94,
97,Ε΄,§17,Εἰς τὰς ἁγίας ἐντολὰς τοῦ Σωτῆρος καὶ περὶ τῶν πέντε τοῦ σώματος αἰσθήσεων,ΔΟΞΟΛΟΓΙΑ,ΦΟΒΟΣ_ΘΕΟΥ,Θετικό,0.88,"Η κατάπληκτη θέαση του ουρανίου μεγαλείου — ύψος, λαμπρότητα, αναρίθμητα άστρα — και η επίκληση του Δαυίδ εκφράζουν αγαλλίαση και ύμνο μπροστά στο θεϊκό δημιουργικό μεγαλείο.",,94,
98,Ε΄,§18,Εἰς τὰς ἁγίας ἐντολὰς τοῦ Σωτῆρος καὶ περὶ τῶν πέντε τοῦ σώματος αἰσθήσεων,ΔΟΞΟΛΟΓΙΑ,ΦΟΒΟΣ_ΘΕΟΥ,Θετικό,0.87,"Εκτεταμένη κατάλογος των θαυμασίων της κτίσης με αναφορά στην υμνολογία των αγγέλων (ὕμνησαν) — αγαλλίαση μπροστά στο θεϊκό μεγαλείο, με υπόγεια ίχνη ιερού δέους στον περιορισμό της θάλασσας (ἐν σεαυτῇ συντριβήσονταί).",,94,
99,Ε΄,§19,Εἰς τὰς ἁγίας ἐντολὰς τοῦ Σωτῆρος καὶ περὶ τῶν πέντε τοῦ σώματος αἰσθήσεων,ΔΟΞΟΛΟΓΙΑ,ΑΓΑΠΗ,Θετικό,0.87,Ο σκοπός των πέντε αισθήσεων ως δώρου Θεού συνδέεται ρητά με την ανύμνηση του Κτίσαντος — δοξολογική θεώρηση της δημιουργίας με υποβόσκουσα θεϊκή φιλανθρωπία.,,95,
100,Ε΄,§20,Εἰς τὰς ἁγίας ἐντολὰς τοῦ Σωτῆρος καὶ περὶ τῶν πέντε τοῦ σώματος αἰσθήσεων,ΔΟΞΟΛΟΓΙΑ,ΑΓΑΠΗ,Θετικό,0.91,Η εικόνα του μύρου που εκκενώνεται από την πάναγνη μυροθήκη και πληροί ευωδίας ολόκληρη την οικουμένη αποπνέει αγαλλίαση και δοξολογική θαυμαστική διάθεση απέναντι στο μυστήριο της Ενσαρκώσεως.,,95,
101,Ε΄,§21,Εἰς τὰς ἁγίας ἐντολὰς τοῦ Σωτῆρος καὶ περὶ τῶν πέντε τοῦ σώματος αἰσθήσεων,ΔΟΞΟΛΟΓΙΑ,ΑΓΑΠΗ,Θετικό,0.93,"Η σκηνή της Γεννήσεως αναπτύσσεται ως υμνητική αγαλλίαση — μάγοι, ποιμένες και άγγελοι συρρέουν στο θείο μύρον, κορυφούμενη στην αγγελική δοξολογία «Δόξα ἐν ὑψίστοις Θεῷ», που αποτελεί την κυρίαρχη συναισθηματική κορύφωση της παραγράφου.",,95,
102,Ε΄,§22,Εἰς τὰς ἁγίας ἐντολὰς τοῦ Σωτῆρος καὶ περὶ τῶν πέντε τοῦ σώματος αἰσθήσεων,ΔΟΞΟΛΟΓΙΑ,ΕΝΤΟΛΗ,Θετικό,0.81,"Η εικόνα της εὐωδίας που αναδύεται από την ευγνώμονη θυσία του Νῶε και γίνεται δεκτή από τον Κύριο δημιουργεί αίσθηση αγαλλίασης και αινέσεως, ενώ παράλληλα η αντίθεση με τη δυσώδη γνώμη των Ιουδαίων λειτουργεί υπονοούμενα κανονιστικά.",,95,
103,Ε΄,§23,Εἰς τὰς ἁγίας ἐντολὰς τοῦ Σωτῆρος καὶ περὶ τῶν πέντε τοῦ σώματος αἰσθήσεων,ΔΟΞΟΛΟΓΙΑ,ΑΓΑΠΗ,Θετικό,0.91,"Η τετραπλή επανάληψη μύρου με παράθεμα Ἄσματος (εἰς ὀσμὴν μύρου σου δραμοῦμεν) δημιουργεί αγαλλιαστική δοξολογία της θεϊκής παρουσίας, ενώ η εικόνα του πληρωθέντος οἴκου εὐωδίας εκπέμπει θερμή εγγύτητα που αγγίζει και τον τόνο της Αγάπης.",,95,
104,Ε΄,§24,Εἰς τὰς ἁγίας ἐντολὰς τοῦ Σωτῆρος καὶ περὶ τῶν πέντε τοῦ σώματος αἰσθήσεων,ΔΟΞΟΛΟΓΙΑ,ΑΓΑΠΗ,Θετικό,0.95,"Η επταπλή επανάληψη «μύρον» με συσσωρευτικά επίθετα (σωτήριον, ἀνέκφραστον, ὑπεράγιον) και η επιφώνηση «βαβαὶ τοῦ μυστηρίου» αποπνέουν εκστατική αγαλλίαση και ύμνο μπροστά στο μυστήριο της Ενανθρωπήσεως.",,95,
105,Ε΄,§25,Εἰς τὰς ἁγίας ἐντολὰς τοῦ Σωτῆρος καὶ περὶ τῶν πέντε τοῦ σώματος αἰσθήσεων,ΔΟΞΟΛΟΓΙΑ,ΑΓΑΠΗ,Θετικό,0.95,Η εκτεταμένη εικόνα του μύρου και η επταπλή επανάληψη «πάντα» με κορύφωση στη θεομητορική προσφώνηση και το «δραμοῦμεν» αποπνέουν αγαλλίαση και δοξολογικό ύμνο για τη θεία Γέννηση.,,96,
106,Ε΄,§26,Εἰς τὰς ἁγίας ἐντολὰς τοῦ Σωτῆρος καὶ περὶ τῶν πέντε τοῦ σώματος αἰσθήσεων,ΔΟΞΟΛΟΓΙΑ,ΕΝΤΟΛΗ,Θετικό,0.87,"Η διπλή επανάληψη «δόξα σοι ὁ Θεός» και η εικόνα του ευωδιασμένου κόσμου εκφράζουν αυθόρμητη ευχαριστία, ενώ η μετάβαση στη διδακτική ανάλυση των αισθήσεων προσδίδει δευτερευόντως κανονιστικό τόνο.",,96,
107,Ε΄,§27,Εἰς τὰς ἁγίας ἐντολὰς τοῦ Σωτῆρος καὶ περὶ τῶν πέντε τοῦ σώματος αἰσθήσεων,ΕΝΤΟΛΗ,ΚΑΤΗΓΟΡΙΑ,Ουδέτερο,0.78,"Η παράγραφος εκθέτει κανονιστικά τον ορθό και τον εσφαλμένο σκοπό της γεύσεως και του στόματος, με διδακτικό τόνο που εναλλάσσει κατηγορία κατά κακής χρήσης και θετική εντολή ψαλμωδίας, προσευχής και θείου λόγου.",,96,
108,Ε΄,§28,Εἰς τὰς ἁγίας ἐντολὰς τοῦ Σωτῆρος καὶ περὶ τῶν πέντε τοῦ σώματος αἰσθήσεων,ΕΝΤΟΛΗ,ΚΑΤΗΓΟΡΙΑ,Αρνητικό,0.78,"Κανονιστική έκθεση του σκοπού της ακοής με διπλή παραπομπή σε γραφικές εντολές, συνοδευόμενη από αποτρεπτική κατηγορία κατά της ακρόασης ματαίων και σατανικών λόγων.",,96,
109,Ε΄,§29,Εἰς τὰς ἁγίας ἐντολὰς τοῦ Σωτῆρος καὶ περὶ τῶν πέντε τοῦ σώματος αἰσθήσεων,ΚΑΤΗΓΟΡΙΑ,ΕΣΧΑΤΟΛΟΓΙΑ,Αρνητικό,0.93,"Διπλή παραθεματική καταδίκη (εικόνα κωφής ασπίδας + Ησαΐας) κατά όσων αδιαφορούν για τα θεία διδάγματα, με έντονη ρητορική επίπληξη και εικόνα πνευματικής τύφλωσης που φαρμακεύεται από δαίμονα.",,97,
110,Ε΄,§30,Εἰς τὰς ἁγίας ἐντολὰς τοῦ Σωτῆρος καὶ περὶ τῶν πέντε τοῦ σώματος αἰσθήσεων,ΦΟΒΟΣ_ΘΕΟΥ,ΔΟΞΟΛΟΓΙΑ,Αρνητικό,0.85,"Τριπλή επανάληψη του παραθέματος Αββακούμ με ερμηνευτική ανάλυση — φοβεῖται, τρέμει, ἐξέστην κυριαρχούν, αν και η ευφροσύνη (ηὐφράνθην) εισάγει δευτερευόντως δοξολογικό στοιχείο.",,97,
111,Ε΄,§31,Εἰς τὰς ἁγίας ἐντολὰς τοῦ Σωτῆρος καὶ περὶ τῶν πέντε τοῦ σώματος αἰσθήσεων,ΕΝΤΟΛΗ,ΚΑΤΗΓΟΡΙΑ,Ουδέτερο,0.81,"Η παράγραφος εκθέτει κανονιστικά τη σωστή χρήση των χεριών μέσω αποστολικών παραθεμάτων και αντιθετικής δομής (δολίως/ὁσίως), με δευτερεύοντα ελεγκτικό τόνο για τις αμαρτωλές χρήσεις.",,97,
112,Ε΄,§32,Εἰς τὰς ἁγίας ἐντολὰς τοῦ Σωτῆρος καὶ περὶ τῶν πέντε τοῦ σώματος αἰσθήσεων,ΕΝΤΟΛΗ,ΕΣΧΑΤΟΛΟΓΙΑ,Ουδέτερο,0.72,"Διδακτική έκθεση της ασκητικής εργασίας των θεοφόρων πατέρων με τρεις συγκεκριμένες αιτίες, ενώ η μνεία του θανάτου στο τέλος εισάγει ελαφρά εσχατολογική χροιά.",,97,
113,Ε΄,§33,Εἰς τὰς ἁγίας ἐντολὰς τοῦ Σωτῆρος καὶ περὶ τῶν πέντε τοῦ σώματος αἰσθήσεων,ΕΝΤΟΛΗ,ΑΓΑΠΗ,Θετικό,0.62,Περιγραφή ασκητικού βίου των Ανατολικών Πατέρων ως βιωμένο πρότυπο αυτάρκειας και μίμησης του Αντωνίου — κυρίαρχος διδακτικός-παραδειγματικός τόνος με υποκείμενη θερμή εγγύτητα προς το ιδεώδες.,,97,
114,Ε΄,§34,Εἰς τὰς ἁγίας ἐντολὰς τοῦ Σωτῆρος καὶ περὶ τῶν πέντε τοῦ σώματος αἰσθήσεων,ΕΝΤΟΛΗ,ΚΑΤΗΓΟΡΙΑ,Ουδέτερο,0.81,"Διδακτική επίκληση Βασιλείου και Χρυσοστόμου για την αξία της εργασίας ως θεϊκής εντολής, με δευτερεύουσα κατηγορηματική νύξη κατά της αργίας ως πηγής κακίας.",,97,
115,Ε΄,§35,Εἰς τὰς ἁγίας ἐντολὰς τοῦ Σωτῆρος καὶ περὶ τῶν πέντε τοῦ σώματος αἰσθήσεων,ΚΑΤΗΓΟΡΙΑ,ΕΝΤΟΛΗ,Αρνητικό,0.87,"Αυστηρή ανάλυση της τριάδας κακιών (γαστριμαργία, κενοδοξία, φιλαργυρία) με επίκληση πτώσης αγγέλων και πειρασμού Χριστού ως αποδεικτικά παραδείγματα καταστροφικής τους δύναμης — έντονη ηθική επίπληξη με αρνητική φόρτιση.",,98,
116,Ε΄,§36,Εἰς τὰς ἁγίας ἐντολὰς τοῦ Σωτῆρος καὶ περὶ τῶν πέντε τοῦ σώματος αἰσθήσεων,ΚΑΤΗΓΟΡΙΑ,ΕΛΠΙΔΑ,Αρνητικό,0.74,"Η παγκάκιστος ἀδικία εκτίθεται με αυστηρό ελεγκτικό τόνο ως δύναμη που κατέστρεψε Μαρία, Ιούδα και απέτυχε κατά του Χριστού, ενώ η τελική επευκτική φράση ανοίγει σε ελπίδα νίκης κατά των παθών με μεσιτεία των αγίων.",,98,
117,Ε΄,§37,Εἰς τὰς ἁγίας ἐντολὰς τοῦ Σωτῆρος καὶ περὶ τῶν πέντε τοῦ σώματος αἰσθήσεων,ΜΕΤΑΝΟΙΑ,ΕΛΠΙΔΑ,Αρνητικό,0.78,"Η αντίθεση κατορθωμάτων–ελαττωμάτων και η έκφραση «ὀκνῶ κἂν ἀνθρώπους εἶναι εἰπεῖν» αποπνέουν κατανυκτικό αυτομεμψία, ενώ η αναφορά στη θεία βούληση σωτηρίας πάντων εισάγει δευτερευόντως ελπίδα.",,98,
118,Ε΄,§38,Εἰς τὰς ἁγίας ἐντολὰς τοῦ Σωτῆρος καὶ περὶ τῶν πέντε τοῦ σώματος αἰσθήσεων,ΜΕΤΑΝΟΙΑ,ΚΑΤΗΓΟΡΙΑ,Αρνητικό,0.81,"Η ρητορική ερώτηση «πῶς ἡμεῖς τοσοῦτον διεκρίθημεν» εκφράζει οδυνηρή συνείδηση πτώσης και ηθικής κατωτερότητας έναντι των ὁσίων, με τον πόνο της ελλείψεως να κυριαρχεί ως κατανυκτική αυτομεμψία.",,98,
119,Ε΄,§39,Εἰς τὰς ἁγίας ἐντολὰς τοῦ Σωτῆρος καὶ περὶ τῶν πέντε τοῦ σώματος αἰσθήσεων,ΚΑΤΗΓΟΡΙΑ,ΔΟΞΟΛΟΓΙΑ,Αρνητικό,0.78,"Η ρητορική ερώτηση στο κλείσιμο («πῶς λοιπὸν τούτων τοὺς βίους ζηλώσωμεν;») λειτουργεί ως έμμεση επίπληξη προς αδιάφορους, ενώ η μακρά απαρίθμηση αγίων εκφράζει ταυτόχρονα θαυμασμό που αγγίζει δοξολογικό τόνο.",,99,
120,Ε΄,§40,Εἰς τὰς ἁγίας ἐντολὰς τοῦ Σωτῆρος καὶ περὶ τῶν πέντε τοῦ σώματος αἰσθήσεων,ΕΛΠΙΔΑ,ΕΝΤΟΛΗ,Θετικό,0.71,"Το ρητορικό ερώτημα «πῶς ἄνθρωποι τοσαύτης δόξης ἀπήλαυσαν» λειτουργεί ως παρηγορητικό επιχείρημα: η κοινή ανθρώπινη αδυναμία δεν αποκλείει τη σωτηρία, κινητοποιώντας έτσι ελπίδα μέσα από τη συγκριτική αναφορά στους αγίους.",,99,
121,Ε΄,§41,Εἰς τὰς ἁγίας ἐντολὰς τοῦ Σωτῆρος καὶ περὶ τῶν πέντε τοῦ σώματος αἰσθήσεων,ΚΑΤΗΓΟΡΙΑ,ΕΛΠΙΔΑ,Αρνητικό,0.74,"Ρητορικό ερώτημα «διατί διέστημεν» — αυστηρός έλεγχος της υστέρησης των πιστών ως αποτέλεσμα δικής τους παράλειψης, με δευτερεύουσα ελπίδα ότι η μακαρία ὁδός παραμένει ανοιχτή.",,99,
122,Ε΄,§42,Εἰς τὰς ἁγίας ἐντολὰς τοῦ Σωτῆρος καὶ περὶ τῶν πέντε τοῦ σώματος αἰσθήσεων,ΚΑΤΗΓΟΡΙΑ,ΜΕΤΑΝΟΙΑ,Αρνητικό,0.88,Εκτεταμένη καταγραφή παθών και παραβάσεων με αυτοκατηγορητικό τόνο — η παρένθεση αποκαλύπτει συνειδητή ηθική επίπληξη στραμμένη πρώτα προς τον ίδιο τον συγγραφέα.,,99,
123,Ε΄,§43,Εἰς τὰς ἁγίας ἐντολὰς τοῦ Σωτῆρος καὶ περὶ τῶν πέντε τοῦ σώματος αἰσθήσεων,ΕΝΤΟΛΗ,ΔΟΞΟΛΟΓΙΑ,Ουδέτερο,0.78,"Η παράγραφος εκθέτει με διδακτικό-ερμηνευτικό τόνο την έννοια του κατ᾿ εἰκόνα καὶ καθ᾿ ὁμοίωσιν, προσδιορίζοντας κανονιστικά τι οφείλει να είναι ο άνθρωπος, ενώ η αναφορά στο θεϊκό μεγαλείο ως κτίστου αγγίζει δευτερευόντως τη δοξολογική διάσταση.",,99,
124,Ε΄,§44,Εἰς τὰς ἁγίας ἐντολὰς τοῦ Σωτῆρος καὶ περὶ τῶν πέντε τοῦ σώματος αἰσθήσεων,ΔΟΞΟΛΟΓΙΑ,ΕΝΤΟΛΗ,Θετικό,0.82,"Παράλληλη δόμηση θεϊκής βασιλείας και ανθρώπινης αρετής με επαναλαμβανόμενα ρήματα μεγαλοπρέπειας (ἐβασίλευσεν, ἐνεδύσατο, περιεζώσατο) δημιουργεί ύμνο αγαλλίασης για τη θεία τάξη και την ανθρώπινη συμμετοχή σε αυτήν.",,100,
125,Ε΄,§45,Εἰς τὰς ἁγίας ἐντολὰς τοῦ Σωτῆρος καὶ περὶ τῶν πέντε τοῦ σώματος αἰσθήσεων,ΜΕΤΑΝΟΙΑ,ΑΓΑΠΗ,Αρνητικό,0.74,"Η αντίθεση μεταξύ της αναμαρτησίας του Χριστού και της καθολικής αμαρτωλότητας των ανθρώπων («ἡμεῖς δὲ πάντες ἡμάρτομεν») δημιουργεί κατανυκτικό τόνο μετανοίας, που μετριάζεται από την ελπίδα της χάριτος.",,100,
126,Ε΄,§46,Εἰς τὰς ἁγίας ἐντολὰς τοῦ Σωτῆρος καὶ περὶ τῶν πέντε τοῦ σώματος αἰσθήσεων,ΜΕΤΑΝΟΙΑ,ΕΛΠΙΔΑ,Θετικό,0.88,"Τρία παραδείγματα μετανοούντων αγίων (Μωυσής Αιθίοπας, Μαρία Αιγυπτία, Πελαγία) παρουσιάζονται ως απόδειξη ότι η μετάνοια οδηγεί σε θεία χάρη εν ζωή — αρνητική αφετηρία αμαρτίας που κορυφώνεται σε θετική ελπίδα.",,100,
127,Ε΄,§47,Εἰς τὰς ἁγίας ἐντολὰς τοῦ Σωτῆρος καὶ περὶ τῶν πέντε τοῦ σώματος αἰσθήσεων,ΚΑΤΗΓΟΡΙΑ,ΜΕΤΑΝΟΙΑ,Αρνητικό,0.87,"Η παράγραφος αντιπαραβάλλει την ηρωική αρετή των Πατέρων με την αδυναμία και παράβαση των εντολών από τους αναγνώστες, καταλήγοντας σε οξεία αυτοκατηγορία («οὐ μόνον βλέπομεν πρὸς τὸ ἐπιθυμῆσαι, ἀλλὰ καὶ ἀναιδῶς ἁμαρτάνομεν»), με δευτερεύον στοιχείο κατανυκτικής αυτογνωσίας που τείνει προς μετάνοια.",,100,
128,Ε΄,§48,Εἰς τὰς ἁγίας ἐντολὰς τοῦ Σωτῆρος καὶ περὶ τῶν πέντε τοῦ σώματος αἰσθήσεων,ΚΑΤΗΓΟΡΙΑ,ΜΕΤΑΝΟΙΑ,Αρνητικό,0.87,"Η οξεία αντιπαράθεση εκείνων/ἡμεῖς αποκαλύπτει αυστηρή ηθική επίπληξη κατά της παράβασης εντολών, με υπόστρωμα κατανυκτικής αυτομεμψίας («ἀξίως καὶ δικαίως ἐλάχιστοι διαμένομεν»).",,100,
129,Ε΄,§49,Εἰς τὰς ἁγίας ἐντολὰς τοῦ Σωτῆρος καὶ περὶ τῶν πέντε τοῦ σώματος αἰσθήσεων,ΕΣΧΑΤΟΛΟΓΙΑ,ΚΑΤΗΓΟΡΙΑ,Αρνητικό,0.87,"Η φράση «Φοβερὰ ἡ ἀπειλή» και η αντίθεση ἐλάχιστος/μέγας στη βασιλεία των ουρανών συνθέτουν έντονο εσχατολογικό πλαίσιο κρίσης, με δευτερεύοντα κατηγορητικό τόνο έναντι των παραβατών των εντολών.",,100,
130,Ε΄,§50,Εἰς τὰς ἁγίας ἐντολὰς τοῦ Σωτῆρος καὶ περὶ τῶν πέντε τοῦ σώματος αἰσθήσεων,ΕΝΤΟΛΗ,ΕΣΧΑΤΟΛΟΓΙΑ,Ουδέτερο,0.78,"Ο συγγραφέας εκθέτει διδακτικά την απαίτηση περί δικαιοσύνης πλείονος των Φαρισαίων ως προϋπόθεση εισόδου στη βασιλεία, με κανονιστικό-ερμηνευτικό τόνο χωρίς έντονη συναισθηματική φόρτιση.",,101,
131,Ε΄,§51,Εἰς τὰς ἁγίας ἐντολὰς τοῦ Σωτῆρος καὶ περὶ τῶν πέντε τοῦ σώματος αἰσθήσεων,ΚΑΤΗΓΟΡΙΑ,ΕΣΧΑΤΟΛΟΓΙΑ,Αρνητικό,0.91,Οξεία ηθική επίπληξη κατά πλεονεκτών και κλεπτών με ρητή αποκλεισμό από τη Βασιλεία — αυστηρός ελεγκτικός τόνος με εσχατολογική διάσταση.,,101,
132,Ε΄,§52,Εἰς τὰς ἁγίας ἐντολὰς τοῦ Σωτῆρος καὶ περὶ τῶν πέντε τοῦ σώματος αἰσθήσεων,ΚΑΤΗΓΟΡΙΑ,ΕΝΤΟΛΗ,Αρνητικό,0.91,"Ο άγιος απευθύνεται σε πλεονέκτη αποκαλύπτοντας ως βδέλυγμα τις από αρπαγή προσφορές και επιπλήττει αυστηρά, ενώ στο τέλος εισάγεται κανονιστική εντολή επιστροφής στους αδικηθέντες.",,101,
133,Ε΄,§53,Εἰς τὰς ἁγίας ἐντολὰς τοῦ Σωτῆρος καὶ περὶ τῶν πέντε τοῦ σώματος αἰσθήσεων,ΕΝΤΟΛΗ,ΕΣΧΑΤΟΛΟΓΙΑ,Ουδέτερο,0.81,"Ο λόγος κινείται σε κανονιστικό τόνο με σαφείς πρακτικές οδηγίες (ἀπέχου, μεταδῷς) και αναφορές στη Βασιλεία ως εσχατολογικό κίνητρο, χωρίς έντονη συναισθηματική φόρτιση.",,101,
134,Ε΄,§54,Εἰς τὰς ἁγίας ἐντολὰς τοῦ Σωτῆρος καὶ περὶ τῶν πέντε τοῦ σώματος αἰσθήσεων,ΚΑΤΗΓΟΡΙΑ,ΕΣΧΑΤΟΛΟΓΙΑ,Αρνητικό,0.91,"Τριπλή κλιμάκωση ἔνοχος (κρίσει → συνεδρίῳ → γέεννα) αποτελεί αυστηρή ηθική επίπληξη κατά της οργής και της ύβρεως, με εσχατολογικό υπόβαθρο ως επικουρική φόρτιση.",,101,
135,Ε΄,§55,Εἰς τὰς ἁγίας ἐντολὰς τοῦ Σωτῆρος καὶ περὶ τῶν πέντε τοῦ σώματος αἰσθήσεων,ΕΝΤΟΛΗ,ΑΓΑΠΗ,Ουδέτερο,0.82,Ο Χριστός παρουσιάζεται ως ἄριστος ἰατρός που μεθοδικά περικόπτει την ἁμαρτία στη ρίζα της — κυρίαρχος διδακτικός/κανονιστικός τόνος με υποκείμενη πατρική φροντίδα.,,102,
136,Ε΄,§56,Εἰς τὰς ἁγίας ἐντολὰς τοῦ Σωτῆρος καὶ περὶ τῶν πέντε τοῦ σώματος αἰσθήσεων,ΕΣΧΑΤΟΛΟΓΙΑ,ΕΝΤΟΛΗ,Αρνητικό,0.87,"Η απειλή της γέεννας του πυρός για τον λέγοντα «μωρέ» δημιουργεί έντονη εσχατολογική φόρτιση με σκοπό την αφύπνιση, ενώ παράλληλα εκτίθενται κανονιστικά οι εντολές.",,102,
137,Ε΄,§57,Εἰς τὰς ἁγίας ἐντολὰς τοῦ Σωτῆρος καὶ περὶ τῶν πέντε τοῦ σώματος αἰσθήσεων,ΕΣΧΑΤΟΛΟΓΙΑ,ΚΑΤΗΓΟΡΙΑ,Αρνητικό,0.84,Η επανάληψη γέεννα/γέενναν τοῦ πυρός ως συνέπεια εμπαιγμού του ανθρώπου — εικόνος Θεοῦ — συνδυάζει εσχατολογική αφύπνιση με έντονη ηθική επίπληξη κατά της βίας και της υβριστικής γλώσσας.,,102,
138,Ε΄,§58,Εἰς τὰς ἁγίας ἐντολὰς τοῦ Σωτῆρος καὶ περὶ τῶν πέντε τοῦ σώματος αἰσθήσεων,ΕΝΤΟΛΗ,ΕΛΠΙΔΑ,Θετικό,0.72,"Η παράγραφος κινείται κυρίως σε διδακτικό-κανονιστικό τόνο (ἐρευνᾶτε τὰς γραφάς, τήρηση ἐντολῶν, μνήμη ἐντολῶν) με σαφή προτρεπτική διάθεση, ενώ η δοξολογική κατάληξη και η ελπίδα αιωνίων ἀγαθῶν εισάγουν δευτερεύουσα θετική εσχατολογική φόρτιση.",,102,
139,ΣΤ΄,§7,Εἰς τὰς ἁγίας αὖθις ἐντολὰς τοῦ Κυρίου ἡμῶν Ἰησοῦ Χριστοῦ,ΕΣΧΑΤΟΛΟΓΙΑ,ΚΑΤΗΓΟΡΙΑ,Αρνητικό,0.88,Η ρητορική σύγκριση με τον Αδάμ λειτουργεί ως εσχατολογική αφύπνιση — η πτώση του ενός ως προειδοποίηση για την αναμενόμενη καταδίκη των πολλών και επανειλημμένων παραβάσεων.,,104,
140,ΣΤ΄,§8,Εἰς τὰς ἁγίας αὖθις ἐντολὰς τοῦ Κυρίου ἡμῶν Ἰησοῦ Χριστοῦ,ΚΑΤΗΓΟΡΙΑ,ΕΣΧΑΤΟΛΟΓΙΑ,Αρνητικό,0.96,"Εκτενής κατάλογος παραπτωμάτων με διαδοχικές μετοχές (ἀργολογοῦντας, αἰσχρολογοῦντας, μωρολογοῦντας κ.ο.κ.) συνθέτει αμείλικτη ηθική επίπληξη που κορυφώνεται στην εικόνα της πλατείας ὁδοῦ τῆς ἀπωλείας.",,104,
141,ΣΤ΄,§9,Εἰς τὰς ἁγίας αὖθις ἐντολὰς τοῦ Κυρίου ἡμῶν Ἰησοῦ Χριστοῦ,ΕΝΤΟΛΗ,ΚΑΤΗΓΟΡΙΑ,Ουδέτερο,0.82,"Συσσώρευση ευαγγελικών ρητών περί τήρησης εντολών με σαφή κανονιστικό τόνο, με υπόρρητο έλεγχο των λεγόντων Κύριε χωρίς πράξη.",,104,
142,ΣΤ΄,§10,Εἰς τὰς ἁγίας αὖθις ἐντολὰς τοῦ Κυρίου ἡμῶν Ἰησοῦ Χριστοῦ,ΕΝΤΟΛΗ,ΚΑΤΗΓΟΡΙΑ,Αρνητικό,0.78,"Διπλή γραφική μαρτυρία για την τήρηση εντολών: η κατάρα κατά των παραβατών (Δαυίδ) εισάγει κατηγορητικό τόνο, ενώ η ρήση Σολομώντος επιβεβαιώνει τον κανονιστικό χαρακτήρα της παραγράφου.",,104,
143,ΣΤ΄,§11,Εἰς τὰς ἁγίας αὖθις ἐντολὰς τοῦ Κυρίου ἡμῶν Ἰησοῦ Χριστοῦ,ΕΝΤΟΛΗ,ΕΣΧΑΤΟΛΟΓΙΑ,Ουδέτερο,0.74,"Ο Νεόφυτος παρουσιάζει κανονιστικά την εντολή της συνδιαλλαγής με τον αντίδικο, ενισχύοντάς την με εσχατολογική απειλή φυλακής και χρηματικής απόδοσης, ενώ θεολογικά θεμελιώνει το ἀνεξίκακον του Χριστού ως πρότυπο μίμησης.",,104,
144,ΣΤ΄,§12,Εἰς τὰς ἁγίας αὖθις ἐντολὰς τοῦ Κυρίου ἡμῶν Ἰησοῦ Χριστοῦ,ΕΝΤΟΛΗ,ΑΓΑΠΗ,Ουδέτερο,0.81,"Σειρά κανονιστικών απαρεμφάτων (ἀγαπᾶν, εὔχεσθαι, μὴ ἀντιστῆναι, ταπεινοῦσθαι, διδόναι) εκθέτουν συστηματικά την εντολή της ανεξικακίας, με δευτερεύουσα χροιά αγάπης λόγω της πατρικής βουλήσεως του πανάγαθου.",,105,
145,ΣΤ΄,§13,Εἰς τὰς ἁγίας αὖθις ἐντολὰς τοῦ Κυρίου ἡμῶν Ἰησοῦ Χριστοῦ,ΕΝΤΟΛΗ,ΕΣΧΑΤΟΛΟΓΙΑ,Ουδέτερο,0.74,"Ο Δεσπότης παρουσιάζεται ως «μεσίτης χρηστότατος» που εκδίδει πρακτική εντολή συμφιλίωσης με τον αντίδικο, με κανονιστικό τόνο που ενισχύεται από εσχατολογική απειλή φυλάκισης και έσχατης λογοδοσίας.",,105,
146,ΣΤ΄,§14,Εἰς τὰς ἁγίας αὖθις ἐντολὰς τοῦ Κυρίου ἡμῶν Ἰησοῦ Χριστοῦ,ΚΑΤΗΓΟΡΙΑ,ΕΛΠΙΔΑ,Αρνητικό,0.82,"Η αντίθεση μεταξύ των πειθαρχούντων (γαλήνη, εύδιος λιμήν) και των μη τηρούντων τις εντολές (ζάλη, ολέθρια πάθη, αυτοκόλαστοι) λειτουργεί ως ηθική επίπληξη κατά της απειθαρχίας, με αρνητική φόρτιση να κυριαρχεί παρά τη δευτερεύουσα ελπιδοφόρα εικόνα της βασιλείας.",,105,
147,ΣΤ΄,§15,Εἰς τὰς ἁγίας αὖθις ἐντολὰς τοῦ Κυρίου ἡμῶν Ἰησοῦ Χριστοῦ,ΕΝΤΟΛΗ,ΦΟΒΟΣ_ΘΕΟΥ,Ουδέτερο,0.62,"Διδακτική-ερμηνευτική παράγραφος που εκθέτει αναλυτικά την αντίθεση σώματος-ψυχής με παύλεια τεκμηρίωση, χωρίς κυρίαρχο συναίσθημα αλλά με ελαφρά υποβόσκουσα ανησυχία για την υλική συγγένεια που τραβά κάτω.",,105,
148,ΣΤ΄,§16,Εἰς τὰς ἁγίας αὖθις ἐντολὰς τοῦ Κυρίου ἡμῶν Ἰησοῦ Χριστοῦ,ΕΣΧΑΤΟΛΟΓΙΑ,ΕΝΤΟΛΗ,Αρνητικό,0.87,"Η αλυσίδα παράδοσης — κριτής ἁμαρτίας, ἄρχων ἀέρος, δαίμων, φυλακή παθῶν — δημιουργεί εσχατολογικό τρόμο ως κίνητρο άμεσης μεταστροφής, με εμφανή κανονιστικό υπόβαθρο στην προστακτική ἴσθι.",,105,
149,ΣΤ΄,§17,Εἰς τὰς ἁγίας αὖθις ἐντολὰς τοῦ Κυρίου ἡμῶν Ἰησοῦ Χριστοῦ,ΕΝΤΟΛΗ,ΕΣΧΑΤΟΛΟΓΙΑ,Αρνητικό,0.87,"Κυριαρχεί ο κανονιστικός-διδακτικός τόνος με ερμηνεία εντολής του Δεσπότη περί αποκοπής του σκανδαλίζοντος, ενώ η επαναλαμβανόμενη αναφορά στη γέεννα προσδίδει έντονη εσχατολογική αρνητική φόρτιση.",,105,
150,ΣΤ΄,§18,Εἰς τὰς ἁγίας αὖθις ἐντολὰς τοῦ Κυρίου ἡμῶν Ἰησοῦ Χριστοῦ,ΕΝΤΟΛΗ,ΕΣΧΑΤΟΛΟΓΙΑ,Ουδέτερο,0.78,"Διδακτική ερμηνεία της εντολής περί σκανδαλισμού με αλληγορική ανάλυση και εσχατολογική αναφορά στη γέενναν, σε κυρίως κανονιστικό-ερμηνευτικό τόνο.",,106,
151,ΣΤ΄,§19,Εἰς τὰς ἁγίας αὖθις ἐντολὰς τοῦ Κυρίου ἡμῶν Ἰησοῦ Χριστοῦ,ΕΝΤΟΛΗ,ΔΟΞΟΛΟΓΙΑ,Θετικό,0.74,"Διδακτική ερμηνεία της εντολής περί μελών του σώματος με κανονιστικό τόνο, που καταλήγει σε θετική θεολογική θέση: τα μέλη δόθηκαν εἰς δόξαν Θεοῦ καὶ σωτηρίαν, προσδίδοντας δοξολογική χροιά.",,106,
152,ΣΤ΄,§20,Εἰς τὰς ἁγίας αὖθις ἐντολὰς τοῦ Κυρίου ἡμῶν Ἰησοῦ Χριστοῦ,ΕΝΤΟΛΗ,ΚΑΤΗΓΟΡΙΑ,Ουδέτερο,0.82,"Η παράγραφος εκθέτει ερμηνευτικά και κανονιστικά τις εντολές περί γάμου και εὐνουχίας με σαφή διδακτικό τόνο, ενώ υπονοείται ήπιος έλεγχος κατά της άκαιρης απόλυσης συζύγου.",,106,
153,ΣΤ΄,§21,Εἰς τὰς ἁγίας αὖθις ἐντολὰς τοῦ Κυρίου ἡμῶν Ἰησοῦ Χριστοῦ,ΕΝΤΟΛΗ,ΚΑΤΗΓΟΡΙΑ,Ουδέτερο,0.81,"Η παράγραφος εκθέτει με νομικό-κανονιστικό τρόπο τους όρους του γάμου και της απολύσεως, με εμφανή διδακτική δομή («οὐ συγχωρεῖται»), ενώ η αναφορά στη μοιχαλίδα γυναίκα εισάγει ένα στοιχείο ηθικής επίπληξης.",,106,
154,ΣΤ΄,§22,Εἰς τὰς ἁγίας αὖθις ἐντολὰς τοῦ Κυρίου ἡμῶν Ἰησοῦ Χριστοῦ,ΕΝΤΟΛΗ,ΚΑΤΗΓΟΡΙΑ,Ουδέτερο,0.78,"Η παράγραφος εκθέτει με διδακτικό-ερμηνευτικό τόνο κανονιστικές διακρίσεις μεταξύ πορνείας και μοιχείας βασισμένες στον Βασίλειο και τον Ησαΐα, με δευτερεύουσα κατηγοριακή χροιά στον χαρακτηρισμό 'ἄφρων καὶ ἀσεβής'.",,106,
155,ΣΤ΄,§23,Εἰς τὰς ἁγίας αὖθις ἐντολὰς τοῦ Κυρίου ἡμῶν Ἰησοῦ Χριστοῦ,ΕΝΤΟΛΗ,ΚΑΤΗΓΟΡΙΑ,Ουδέτερο,0.82,"Η παράγραφος εκθέτει με διδακτικό-κανονιστικό τρόπο την εντολή περί αδιαλύτου του γάμου, με δευτερεύουσα κατηγορητική χροιά απέναντι στη σκληροκαρδία των Ιουδαίων και τον δαιμονιώδη έρωτα.",,107,
156,ΣΤ΄,§24,Εἰς τὰς ἁγίας αὖθις ἐντολὰς τοῦ Κυρίου ἡμῶν Ἰησοῦ Χριστοῦ,ΕΝΤΟΛΗ,ΦΟΒΟΣ_ΘΕΟΥ,Ουδέτερο,0.88,"Η παράγραφος εκθέτει με κανονιστικό και διδακτικό τόνο την εντολή περί ορκωμοσίας, με πολλαπλές απαγορευτικές προστακτικές (μὴ ὀμόσαι, μήτε... μήτε), ενώ η αναφορά στον θρόνο και το υποπόδιο του Θεού εισάγει μια δευτερεύουσα διάσταση ιεροῦ δέους.",,107,
157,ΣΤ΄,§25,Εἰς τὰς ἁγίας αὖθις ἐντολὰς τοῦ Κυρίου ἡμῶν Ἰησοῦ Χριστοῦ,ΕΝΤΟΛΗ,ΚΑΤΗΓΟΡΙΑ,Ουδέτερο,0.82,"Η παράγραφος εκθέτει αναλυτικά και κανονιστικά την εντολή περί μη ορκωμοσίας με ρητές προστακτικές και διδακτική αιτιολόγηση, ενώ ο δευτερεύων ελεγκτικός τόνος («ἐκ τοῦ πονηροῦ», συνήθεια ψευδών όρκων) προσδίδει ήπια κατηγορική χροιά.",,107,
158,ΣΤ΄,§26,Εἰς τὰς ἁγίας αὖθις ἐντολὰς τοῦ Κυρίου ἡμῶν Ἰησοῦ Χριστοῦ,ΚΑΤΗΓΟΡΙΑ,ΕΝΤΟΛΗ,Αρνητικό,0.88,"Ο συγγραφέας ελέγχει με πικρία («ὢ τῆς ζημίας») την παράβαση της εντολής περί ὅρκων, καταδεικνύοντας τη διπλή βλάβη — ηθική και πρακτική — που πηγάζει από την επίμονη χρήση τους.",,107,
159,ΣΤ΄,§27,Εἰς τὰς ἁγίας αὖθις ἐντολὰς τοῦ Κυρίου ἡμῶν Ἰησοῦ Χριστοῦ,ΚΑΤΗΓΟΡΙΑ,ΕΝΤΟΛΗ,Αρνητικό,0.87,"Σφοδρή ηθική επίπληξη κατά της επιορκίας και της ψευδορκίας — οὐκ αἰσχυνόμεθα, ἐλεεινότερον — με υπόβαθρο εντολής περί μη όρκου.",,107,
160,ΣΤ΄,§28,Εἰς τὰς ἁγίας αὖθις ἐντολὰς τοῦ Κυρίου ἡμῶν Ἰησοῦ Χριστοῦ,ΚΑΤΗΓΟΡΙΑ,ΜΕΤΑΝΟΙΑ,Αρνητικό,0.82,"Η αντίθεση μεταξύ υποδειγματικής τήρησης της εντολής από τους Αντιοχείς και της αδιάφορης πολύορκίας των συγχρόνων («μυριάκις ὀμνύοντες... οὐδ᾿ εἰς ἔννοιαν φέρομεν») αποτελεί σκληρή ηθική επίπληξη, που κλείνει ωστόσο με μετανοητική ικεσία («φεῖσαι ἡμῶν, Κύριε»).",,108,
161,ΣΤ΄,§29,Εἰς τὰς ἁγίας αὖθις ἐντολὰς τοῦ Κυρίου ἡμῶν Ἰησοῦ Χριστοῦ,ΕΝΤΟΛΗ,ΚΑΤΗΓΟΡΙΑ,Ουδέτερο,0.82,"Σειρά ρητών κανονιστικών οδηγιών (ἐλεημοσύνη, προσευχή, νηστεία) με απαρεμφατικές κατασκευές και αντίθεση προς την υποκριτική συμπεριφορά των ὑποκριτῶν, που δηλώνει ήπιο ελεγκτικό υπόστρωμα.",,108,
162,ΣΤ΄,§30,Εἰς τὰς ἁγίας αὖθις ἐντολὰς τοῦ Κυρίου ἡμῶν Ἰησοῦ Χριστοῦ,ΕΝΤΟΛΗ,ΚΑΤΗΓΟΡΙΑ,Ουδέτερο,0.78,"Ο Νεόφυτος εκθέτει κανονιστικά τη σωστή πρακτική ελεημοσύνης, νηστείας και προσευχής, με παράλληλη επίπληξη κατά της υποκριτικής αναζήτησης ανθρώπινης δόξας.",,108,
163,ΣΤ΄,§31,Εἰς τὰς ἁγίας αὖθις ἐντολὰς τοῦ Κυρίου ἡμῶν Ἰησοῦ Χριστοῦ,ΕΝΤΟΛΗ,ΔΟΞΟΛΟΓΙΑ,Ουδέτερο,0.81,"Ο Νεόφυτος παραθέτει και ερμηνεύει την Κυριακή Προσευχή με σαφώς κανονιστικό τόνο (Οὕτως οὖν προσεύχεσθε, Μὴ βαττολογήσητε), ενώ η δοξολογική κατακλείδα (ἡ βασιλεία καὶ ἡ δύναμις καὶ ἡ δόξα) εισάγει δευτερεύοντα ύμνο.",,108,
164,ΣΤ΄,§32,Εἰς τὰς ἁγίας αὖθις ἐντολὰς τοῦ Κυρίου ἡμῶν Ἰησοῦ Χριστοῦ,ΕΝΤΟΛΗ,ΑΓΑΠΗ,Ουδέτερο,0.81,"Η εικόνα του φιλόπονου γεωργού αποδίδει πατρική φροντίδα του Χριστού, αλλά ο κυρίαρχος τόνος παραμένει κανονιστικός μέσω της διπλής εντολής κατά βαττολογίας και της ρητής επίπληξης με δύο ἐγκλήματα.",,109,
165,ΣΤ΄,§33,Εἰς τὰς ἁγίας αὖθις ἐντολὰς τοῦ Κυρίου ἡμῶν Ἰησοῦ Χριστοῦ,ΕΝΤΟΛΗ,ΚΑΤΗΓΟΡΙΑ,Ουδέτερο,0.78,"Διδακτική ερμηνεία της βαττολογίας με κανονιστική κατεύθυνση προς ορθή προσευχή, με ήπια επίκριση όσων αιτούνται κοσμικά αγαθά.",,109,
166,ΣΤ΄,§34,Εἰς τὰς ἁγίας αὖθις ἐντολὰς τοῦ Κυρίου ἡμῶν Ἰησοῦ Χριστοῦ,ΚΑΤΗΓΟΡΙΑ,ΜΕΤΑΝΟΙΑ,Αρνητικό,0.78,"Ο συγγραφέας ελέγχει αυστηρά την ἀναίσθητη και ἀπρόσεκτη απαγγελία της Κυριακής Προσευχής, ενώ κλείνει με μετανοητική επίκληση για αίσθηση καρδίας.",,109,
167,ΣΤ΄,§35,Εἰς τὰς ἁγίας αὖθις ἐντολὰς τοῦ Κυρίου ἡμῶν Ἰησοῦ Χριστοῦ,ΕΝΤΟΛΗ,ΔΟΞΟΛΟΓΙΑ,Ουδέτερο,0.78,"Η παράγραφος εκθέτει ερμηνευτική διευκρίνιση εντολής περί προσευχής με κανονιστικό τόνο, ενώ η αναφορά στο «εὐλογεῖν ἐν παντὶ καιρῷ» και την «αἴνεσιν διαπαντὸς» εισάγει δευτερευόντως δοξολογικό χαρακτήρα.",,109,
168,ΣΤ΄,§36,Εἰς τὰς ἁγίας αὖθις ἐντολὰς τοῦ Κυρίου ἡμῶν Ἰησοῦ Χριστοῦ,ΕΝΤΟΛΗ,ΕΣΧΑΤΟΛΟΓΙΑ,Αρνητικό,0.82,"Ο Νεόφυτος ερμηνεύει διδακτικά την εντολή κατά της θησαύρισης (μὴ θησαυρίζετε), με αρνητική φόρτιση από τις εικόνες φθοράς (σής, βρώσις, κλέπται) και το ιωβικό γυμνός — η ματαιότητα του πλούτου συνδέεται με εσχατολογική συνείδηση.",,110,
169,ΣΤ΄,§37,Εἰς τὰς ἁγίας αὖθις ἐντολὰς τοῦ Κυρίου ἡμῶν Ἰησοῦ Χριστοῦ,ΚΑΤΗΓΟΡΙΑ,ΕΝΤΟΛΗ,Αρνητικό,0.84,Ερμηνεία Παύλου με διπλή καταδίκη της φιλοπλουτίας ως παγίδας διαβόλου και πηγής κενοδοξίας — έντονος ελεγκτικός τόνος με αναλυτική αποδόμηση της αμαρτίας.,,110,
170,ΣΤ΄,§38,Εἰς τὰς ἁγίας αὖθις ἐντολὰς τοῦ Κυρίου ἡμῶν Ἰησοῦ Χριστοῦ,ΕΝΤΟΛΗ,ΕΛΠΙΔΑ,Θετικό,0.81,"Διπλή προστακτική (μὴ θησαυρίζετε / θησαυρίζετε) δίνει κανονιστικό πλαίσιο, ενώ η εκτεταμένη περιγραφή του ουράνιου θησαυρού ως ἄσυλου, ἄφθαρτου και φωτεινού χώρου εισάγει ισχυρή εσχατολογική ελπίδα.",,110,
171,ΣΤ΄,§39,Εἰς τὰς ἁγίας αὖθις ἐντολὰς τοῦ Κυρίου ἡμῶν Ἰησοῦ Χριστοῦ,ΕΣΧΑΤΟΛΟΓΙΑ,ΕΝΤΟΛΗ,Ουδέτερο,0.74,"Η αντίθεση ἄνω/κάτω, φῶς/σκότος και η κατάληξη στη συνάθροιση των δικαίων εκεῖ όπου απέστειλαν τις καρδίες τους παράγουν εσχατολογική συνείδηση με ταυτόχρονο κανονιστικό κίνητρο — θησαυρίσωμεν ἄνω — γεγονός που κρατά την πολικότητα ισορροπημένη μεταξύ αφύπνισης και παρότρυνσης.",,110,
172,ΣΤ΄,§40,Εἰς τὰς ἁγίας αὖθις ἐντολὰς τοῦ Κυρίου ἡμῶν Ἰησοῦ Χριστοῦ,ΕΛΠΙΔΑ,ΔΟΞΟΛΟΓΙΑ,Θετικό,0.88,Η παράγραφος εκφράζει έντονη εσχατολογική προσδοκία και πόθο για την κοινωνία με τον Χριστό — η επιθυμία ἀναλῦσαι καὶ σὺν Χριστῷ εἶναι και η εικόνα του ἀκένωτου πλούτου καθορίζουν κυρίαρχη ΕΛΠΙΔΑ με δευτερεύουσα αγαλλίαση ΔΟΞΟΛΟΓΙΑΣ.,,111,
173,ΣΤ΄,§41,Εἰς τὰς ἁγίας αὖθις ἐντολὰς τοῦ Κυρίου ἡμῶν Ἰησοῦ Χριστοῦ,ΕΛΠΙΔΑ,ΔΟΞΟΛΟΓΙΑ,Θετικό,0.82,"Η επαναλαμβανόμενη δεικτική λέξη «ἐκεῖ» (εξαπλή) σε συνδυασμό με την επευκτική «Δῴη ἡμῖν Κύριος» δημιουργεί έντονη εσχατολογική ελπίδα για τον ουράνιο θησαυρό, με αγαλλίαση που αγγίζει δοξολογικό τόνο.",,111,
174,ΣΤ΄,§42,Εἰς τὰς ἁγίας αὖθις ἐντολὰς τοῦ Κυρίου ἡμῶν Ἰησοῦ Χριστοῦ,ΕΝΤΟΛΗ,ΦΟΒΟΣ_ΘΕΟΥ,Θετικό,0.82,"Αλυσίδα Δαβιτικών παραθεμάτων που υμνεί τις θείες εντολές ως δικαιοσύνη και μακαριότητα, με κυρίαρχο κανονιστικό-διδακτικό τόνο και δευτερεύον στοιχείο φόβου Κυρίου (φοβούμενος τὸν Κύριον).",,111,
175,ΣΤ΄,§43,Εἰς τὰς ἁγίας αὖθις ἐντολὰς τοῦ Κυρίου ἡμῶν Ἰησοῦ Χριστοῦ,ΕΛΠΙΔΑ,ΕΝΤΟΛΗ,Θετικό,0.87,"Η επευκτική φράση γένοιτο ἐκπληρώσῃ αναλύεται στην υπόσχεση της θείας παρουσίας — ἐλευσόμεθα, μονὴν ποιησόμεθα — δημιουργώντας εσχατολογική ελπίδα αγάπης ως βέβαιης ανταμοιβής της τήρησης των εντολών.",,111,
176,ΣΤ΄,§44,Εἰς τὰς ἁγίας αὖθις ἐντολὰς τοῦ Κυρίου ἡμῶν Ἰησοῦ Χριστοῦ,ΔΟΞΟΛΟΓΙΑ,ΕΛΠΙΔΑ,Θετικό,0.91,"Τριαδική δοξολογία με πᾶσα δόξα, τιμὴ καὶ προσκύνησις και επευκτική αίτηση εκπλήρωσης της θείας υπόσχεσης — συνδυασμός υμνολογικής αγαλλίασης και προσευχητικής ελπίδας.",,111,
177,Ζ΄,§1,Εἰς τὰς ἁγίας ἐντολὰς τοῦ Κυρίου ἡμῶν Ἰησοῦ Χριστοῦ,ΕΝΤΟΛΗ,,Ουδέτερο,0.91,"Η παράγραφος είναι καθαρά ανακεφαλαιωτική και κανονιστική, απαριθμώντας συστηματικά τις θείες εντολές του έκτου λόγου χωρίς συναισθηματική φόρτιση.",,111,
178,Ζ΄,§2,Εἰς τὰς ἁγίας ἐντολὰς τοῦ Κυρίου ἡμῶν Ἰησοῦ Χριστοῦ,ΔΟΞΟΛΟΓΙΑ,ΕΣΧΑΤΟΛΟΓΙΑ,Θετικό,0.74,"Η αλληγορική σύνδεση της εβδόμης ημέρας με την κατάπαυση του Χριστού στον τάφο και τα επτά πνεύματα του Θεού δημιουργεί τόνο θεολογικής αγαλλίασης και δοξολογίας, με δευτερεύουσα εσχατολογική συνείδηση.",,112,
179,Ζ΄,§3,Εἰς τὰς ἁγίας ἐντολὰς τοῦ Κυρίου ἡμῶν Ἰησοῦ Χριστοῦ,ΔΟΞΟΛΟΓΙΑ,ΕΛΠΙΔΑ,Θετικό,0.81,"Προσευχητική επίκληση του Αγίου Πνεύματος με πλούσιες εικόνες φωτός, θέρμης και ενδυνάμωσης — αγαλλιώσα εμπιστοσύνη στη θεία ενέργεια που αγγίζει και τη δοξολογική και την ελπιδοφόρα διάσταση.",,112,
180,Ζ΄,§4,Εἰς τὰς ἁγίας ἐντολὰς τοῦ Κυρίου ἡμῶν Ἰησοῦ Χριστοῦ,ΕΣΧΑΤΟΛΟΓΙΑ,ΚΑΤΗΓΟΡΙΑ,Αρνητικό,0.96,Η τετραπλή αντίθεση (τέλος ἐγγίζει / ἡμεῖς οὐ φροντίζομεν κ.λπ.) δημιουργεί οξύ εσχατολογικό επείγον ενώ ο ελεγκτικός τόνος κατά της ανεμελιάς προσθέτει κατηγορικό υπόστρωμα.,,112,
181,Ζ΄,§5,Εἰς τὰς ἁγίας ἐντολὰς τοῦ Κυρίου ἡμῶν Ἰησοῦ Χριστοῦ,ΚΑΤΗΓΟΡΙΑ,ΑΓΑΠΗ,Αρνητικό,0.85,"Η έντονη αντίθεση ἄνω/κάτω αποκαλύπτει αυστηρή ηθική επίπληξη κατά της ανθρώπινης αδιαφορίας, ενώ η επαναλαμβανόμενη αναφορά στη φιλανθρωπία και ευσπλαγχνία του Δεσπότη υποδηλώνει παράλληλα την κατηγορία ΑΓΑΠΗ ως δευτερεύον στοιχείο.",,112,
182,Ζ΄,§6,Εἰς τὰς ἁγίας ἐντολὰς τοῦ Κυρίου ἡμῶν Ἰησοῦ Χριστοῦ,ΕΝΤΟΛΗ,ΑΓΑΠΗ,Ουδέτερο,0.78,"Ο Χριστός ως φύσει ἀγαθώτατος παρουσιάζει κανονιστική διδαχή περί ἁπλοῦ ὀφθαλμοῦ με ρητορικό δίπολο φωτός/σκότους, ενώ η προθετική φράση βουλόμενος... κεκτῆσθαι αποπνέει παιδαγωγική αγάπη.",,113,
183,Ζ΄,§7,Εἰς τὰς ἁγίας ἐντολὰς τοῦ Κυρίου ἡμῶν Ἰησοῦ Χριστοῦ,ΦΟΒΟΣ_ΘΕΟΥ,ΕΝΤΟΛΗ,Αρνητικό,0.74,"Η διπλή κίνηση θαυμάσωμεν/φρίξωμεν αποκαλύπτει ιερό δέος: η εικόνα του σκοτεινού ψυχή λόγω πονηρού οφθαλμού προκαλεί φρίκη-δέος, ενώ το διδακτικό πλαίσιο ερμηνείας της εντολής δίνει δευτερεύοντα κανονιστικό τόνο.",,113,
184,Ζ΄,§8,Εἰς τὰς ἁγίας ἐντολὰς τοῦ Κυρίου ἡμῶν Ἰησοῦ Χριστοῦ,ΕΝΤΟΛΗ,ΔΟΞΟΛΟΓΙΑ,Θετικό,0.74,"Η παράγραφος εκθέτει διδακτικά τη διάκριση ἁπλοῦ/πονηροῦ ὀφθαλμοῦ με κανονιστικό τόνο, αλλά κορυφώνεται σε ανοδική θεωρία του κάλλους Χριστοῦ και της βασιλείας που αγγίζει δοξολογικό θαυμασμό.",,113,
185,Ζ΄,§9,Εἰς τὰς ἁγίας ἐντολὰς τοῦ Κυρίου ἡμῶν Ἰησοῦ Χριστοῦ,ΕΝΤΟΛΗ,ΕΣΧΑΤΟΛΟΓΙΑ,Ουδέτερο,0.74,"Διδακτικός-κανονιστικός τόνος με πρακτικές οδηγίες για νίκη επί της σαρκικής επιθυμίας, ενισχυμένος από εσχατολογικές εικόνες θανάτου και σκωλήκων ως μέσο ασκητικής νήψης.",,113,
186,Ζ΄,§10,Εἰς τὰς ἁγίας ἐντολὰς τοῦ Κυρίου ἡμῶν Ἰησοῦ Χριστοῦ,ΦΟΒΟΣ_ΘΕΟΥ,ΕΝΤΟΛΗ,Θετικό,0.78,"Το τρέμειν και φοβεῖσθαι δεν είναι φόβος τιμωρίας αλλά ιερό δέος ενώπιον της θείας παρουσίας που αναγνωρίζεται ακόμα και στη γυναίκα ως αγγέλου φανέντος, με θετική φόρτιση λόγω της χάριτος που νικά την εμπαθή επιθυμία.",,113,
187,Ζ΄,§11,Εἰς τὰς ἁγίας ἐντολὰς τοῦ Κυρίου ἡμῶν Ἰησοῦ Χριστοῦ,ΕΝΤΟΛΗ,ΜΕΤΑΝΟΙΑ,Ουδέτερο,0.71,"Αφηγηματικό παράδειγμα ασκητικής νίκης επί της επιθυμίας — διδακτικός τόνος κυριαρχεί, με υπόρρητη κατάνυξη και αυτογνωσία που αγγίζει τη μετάνοια.",,113,
188,Ζ΄,§12,Εἰς τὰς ἁγίας ἐντολὰς τοῦ Κυρίου ἡμῶν Ἰησοῦ Χριστοῦ,ΕΝΤΟΛΗ,ΕΣΧΑΤΟΛΟΓΙΑ,Αρνητικό,0.71,Ο συγγραφέας προτείνει πρακτική άσκηση λογισμού κατά της επιθυμίας (ΕΝΤΟΛΗ) ενώ το ἀνέτοιμος πέλω καὶ ὑπάγω πρὸς τὸν κριτὴν εισάγει εσχατολογική αφύπνιση με αρνητική φόρτιση αγωνίας.,,114,
189,Ζ΄,§13,Εἰς τὰς ἁγίας ἐντολὰς τοῦ Κυρίου ἡμῶν Ἰησοῦ Χριστοῦ,ΕΣΧΑΤΟΛΟΓΙΑ,ΦΟΒΟΣ_ΘΕΟΥ,Αρνητικό,0.81,"Η εικόνα του βασιλικού θρόνου με τους τιμωμένους και τους ἐκδιωκομένους λειτουργεί ως αλληγορία της τελικής Κρίσης, όπου η διαβάθμιση εγγύτητας ή απόρριψης από τον «βασιλέα τῆς δόξης» δημιουργεί ισχυρή εσχατολογική αφύπνιση με υπόρρητο ιερό δέος.",,114,
190,Ζ΄,§14,Εἰς τὰς ἁγίας ἐντολὰς τοῦ Κυρίου ἡμῶν Ἰησοῦ Χριστοῦ,ΕΣΧΑΤΟΛΟΓΙΑ,ΕΛΠΙΔΑ,Θετικό,0.78,"Τα επίγεια (πραιτώριον, γάμοι, μελῳδία) λειτουργούν ως αναμνηστικά σύμβολα που ανυψώνουν τον νου στους αιώνιους γάμους και τον ἀθάνατον νυμφίον — εσχατολογική αφύπνιση με ελπιδοφόρο χαρακτήρα.",,114,
191,Ζ΄,§15,Εἰς τὰς ἁγίας ἐντολὰς τοῦ Κυρίου ἡμῶν Ἰησοῦ Χριστοῦ,ΔΟΞΟΛΟΓΙΑ,ΕΛΠΙΔΑ,Θετικό,0.85,"Η εικόνα της φωταύγειας, της μελωδίας και της αγγελικής τρισάγιας ύμνησης δημιουργεί ύφος αγαλλίασης και ανύψωσης προς τα ουράνια, με τη βιβλική ρήση περί «ἁπλοῦ ὀφθαλμοῦ» να ενισχύει την εσωτερική φωτεινότητα ως εικόνα θεϊκής χαράς.",,114,
192,Ζ΄,§16,Εἰς τὰς ἁγίας ἐντολὰς τοῦ Κυρίου ἡμῶν Ἰησοῦ Χριστοῦ,ΚΑΤΗΓΟΡΙΑ,ΕΝΤΟΛΗ,Αρνητικό,0.91,"Αναλυτική απαρίθμηση των εκδηλώσεων του πονηρού ὀφθαλμοῦ — μοιχεία καρδίας, φιλοδοξία, αισχρές επιθυμίες, γαστριμαργία — με αυστηρά κατηγορητικό τόνο και υψηλή αρνητική ηθική φόρτιση.",,115,
193,Ζ΄,§17,Εἰς τὰς ἁγίας ἐντολὰς τοῦ Κυρίου ἡμῶν Ἰησοῦ Χριστοῦ,ΚΑΤΗΓΟΡΙΑ,ΕΝΤΟΛΗ,Αρνητικό,0.87,"Η εικόνα του πονηροῦ ὀφθαλμοῦ που σπεύδει σε συλή και πλεονεξία, ενισχυμένη από κυριακό λόγιο, συνιστά σαφή ηθική επίπληξη με έντονη αρνητική φόρτιση.",,115,
194,Ζ΄,§18,Εἰς τὰς ἁγίας ἐντολὰς τοῦ Κυρίου ἡμῶν Ἰησοῦ Χριστοῦ,ΚΑΤΗΓΟΡΙΑ,ΔΟΞΟΛΟΓΙΑ,Αρνητικό,0.78,"Η αντίθεση ἁπλοῦς/πονηρὸς ὀφθαλμός λειτουργεί ως ηθική επίπληξη κατά της ψευδούς κατηγορίας και της ἀδικίας, ενώ η τελική ανάδειξη του Ιωσήφ από τον Θεό προσδίδει δοξολογική χροιά.",,115,
195,Ζ΄,§19,Εἰς τὰς ἁγίας ἐντολὰς τοῦ Κυρίου ἡμῶν Ἰησοῦ Χριστοῦ,ΚΑΤΗΓΟΡΙΑ,ΕΣΧΑΤΟΛΟΓΙΑ,Αρνητικό,0.87,"Η αντίθεση ἁπλοῦς/πονηρὸς ὀφθαλμός, η πτώση των πρωτοπλάστων διὰ πονηρᾶς συμβουλῆς και η τριπλή συνέπεια (ἐγυμνώθησαν, ἐξεβλήθησαν, ἐτελεύτησαν) συνθέτουν έντονη ηθική επίπληξη με εσχατολογική κατάληξη.",,115,
196,Ζ΄,§20,Εἰς τὰς ἁγίας ἐντολὰς τοῦ Κυρίου ἡμῶν Ἰησοῦ Χριστοῦ,ΔΟΞΟΛΟΓΙΑ,ΕΝΤΟΛΗ,Θετικό,0.72,"Η ομολογία του Πέτρου και η υπόσχεση οικοδομής της Εκκλησίας αποπνέουν θαυμασμό και αγαλλίαση για το θεϊκό μεγαλείο, με διδακτική υφή στην ερμηνευτική παρένθεση.",,115,
197,Ζ΄,§21,Εἰς τὰς ἁγίας ἐντολὰς τοῦ Κυρίου ἡμῶν Ἰησοῦ Χριστοῦ,ΚΑΤΗΓΟΡΙΑ,ΕΝΤΟΛΗ,Αρνητικό,0.81,"Η παράγραφος συνδυάζει την ανθεκτικότητα της Εκκλησίας έναντι των εχθρών της με οξεία κατηγορία κατά του Ιούδα — πονηρὸν ὀφθαλμόν, δολίως, παραδοῦναι — που κυριαρχεί ως ηθική επίπληξη.",,115,
198,Ζ΄,§22,Εἰς τὰς ἁγίας ἐντολὰς τοῦ Κυρίου ἡμῶν Ἰησοῦ Χριστοῦ,ΕΝΤΟΛΗ,ΚΑΤΗΓΟΡΙΑ,Αρνητικό,0.74,"Η παράγραφος εκθέτει διδακτικά την εντολή περί ὀφθαλμοῦ-λύχνου, με σαφή ηθικό έλεγχο κατά της πονηρίας που σκοτίζει ολόκληρο το σώμα.",,115,
199,Ζ΄,§23,Εἰς τὰς ἁγίας ἐντολὰς τοῦ Κυρίου ἡμῶν Ἰησοῦ Χριστοῦ,ΚΑΤΗΓΟΡΙΑ,ΕΣΧΑΤΟΛΟΓΙΑ,Αρνητικό,0.91,"Αυστηρή ηθική επίπληξη κατά αμελών λειτουργών με εικόνα κτηνοτρόφου και κλείσιμο με εσχατολογική απειλή του «σκότους εξωτέρου», που δίνει υψηλή αρνητική φόρτιση.",,116,
200,Ζ΄,§24,Εἰς τὰς ἁγίας ἐντολὰς τοῦ Κυρίου ἡμῶν Ἰησοῦ Χριστοῦ,ΕΝΤΟΛΗ,ΦΟΒΟΣ_ΘΕΟΥ,Αρνητικό,0.82,"Ο λόγος κινείται κυρίως σε κανονιστικό τόνο — πολλῆς χρεία φυλακῆς, ἁπλοῦν ἔχειν τὸν ὀφθαλμόν — με υποτονική φόρτιση ιερού δέους μέσω της εικόνας θανάτου ανερχόμενου δια των θυρίδων.",,116,
201,Ζ΄,§25,Εἰς τὰς ἁγίας ἐντολὰς τοῦ Κυρίου ἡμῶν Ἰησοῦ Χριστοῦ,ΕΝΤΟΛΗ,ΕΣΧΑΤΟΛΟΓΙΑ,Ουδέτερο,0.71,"Ο λόγος έχει διδακτικό-κανονιστικό χαρακτήρα περί ἁπλοῦ ὀφθαλμοῦ και πνευματικής νήψης, με δευτερεύουσα εσχατολογική χροιά στην εικόνα του νοητοῦ πολέμου, στεφανωμάτων και συνείδησης ενώπιον του στεφοδότη Θεού.",,116,
202,Ζ΄,§26,Εἰς τὰς ἁγίας ἐντολὰς τοῦ Κυρίου ἡμῶν Ἰησοῦ Χριστοῦ,ΕΝΤΟΛΗ,ΕΣΧΑΤΟΛΟΓΙΑ,Ουδέτερο,0.74,"Διδακτική-κανονιστική παράγραφος με στρατιωτική εικόνα πολεμικής προπαρασκευής που εισάγει πνευματικό αγώνα, χωρίς έκδηλο συναισθηματικό τόνο αλλά με υπόρρητη εσχατολογική διάσταση.",,116,
203,Ζ΄,§27,Εἰς τὰς ἁγίας ἐντολὰς τοῦ Κυρίου ἡμῶν Ἰησοῦ Χριστοῦ,ΕΝΤΟΛΗ,ΦΟΒΟΣ_ΘΕΟΥ,Ουδέτερο,0.78,"Σειρά προστακτικών εγκλίσεων (ἀναλάβετε, στῆτε, δέξασθε, ἀναιρεῖτε, ἐκκόψατε) με κανονιστικό-στρατιωτικό ύφος για τον πνευματικό πόλεμο, με υπόστρωμα ιερού δέους απέναντι στις σκοτεινές δυνάμεις.",,116,
204,Ζ΄,§28,Εἰς τὰς ἁγίας ἐντολὰς τοῦ Κυρίου ἡμῶν Ἰησοῦ Χριστοῦ,ΕΝΤΟΛΗ,ΚΑΤΗΓΟΡΙΑ,Ουδέτερο,0.78,"Διδακτική έκθεση της ευαγγελικής εικόνας λύχνου-ὀφθαλμοῦ με κανονιστικό τόνο, εμπεριέχουσα έμμεση επίπληξη κατά της διχασμένης δουλείας δύο κυρίων.",,117,
205,Ζ΄,§29,Εἰς τὰς ἁγίας ἐντολὰς τοῦ Κυρίου ἡμῶν Ἰησοῦ Χριστοῦ,ΕΝΤΟΛΗ,ΦΟΒΟΣ_ΘΕΟΥ,Ουδέτερο,0.72,"Ρητορική ερώτηση με διδακτικό-ερμηνευτικό χαρακτήρα που ζητά διευκρίνιση της εντολής περί δύο κυρίων, χωρίς έντονη συναισθηματική φόρτιση.",,117,
206,Ζ΄,§30,Εἰς τὰς ἁγίας ἐντολὰς τοῦ Κυρίου ἡμῶν Ἰησοῦ Χριστοῦ,ΕΝΤΟΛΗ,ΚΑΤΗΓΟΡΙΑ,Ουδέτερο,0.78,"Η παράγραφος εκθέτει διδακτικά την αδυναμία διπλής δουλείας (Θεοῦ καὶ μαμωνᾶ) με αντιθετικές εικόνες (οὐράνιος/χθόνιος, φωταυγής/ζοφερά), κυριαρχεί ο κανονιστικός-ερμηνευτικός τόνος με έναν ελαφρό ψόγο προς τη δουλεία του μαμωνά.",,117,
207,Ζ΄,§31,Εἰς τὰς ἁγίας ἐντολὰς τοῦ Κυρίου ἡμῶν Ἰησοῦ Χριστοῦ,ΚΑΤΗΓΟΡΙΑ,ΕΝΤΟΛΗ,Αρνητικό,0.91,"Τετραπλή αναφορά «Μαμωνᾶς ἐστιν» με σωρεία κακιών (μέθη, αισχρές μίξεις, πλεονεξία, κλεψία) και παράδειγμα τιμωρίας Ανανία — έντονη ηθική επίπληξη κατά της δουλείας στον μαμωνά.",,117,
208,Ζ΄,§32,Εἰς τὰς ἁγίας ἐντολὰς τοῦ Κυρίου ἡμῶν Ἰησοῦ Χριστοῦ,ΚΑΤΗΓΟΡΙΑ,ΕΝΤΟΛΗ,Αρνητικό,0.87,"Η πολλαπλή αντίθεση Θεοῦ–μαμωνᾶ, με τον μαμωνά να χαρακτηρίζεται «τυραννικὸν καὶ πανάθλιον» και τη σωρεία αντιφατικών ηθικών ζευγών (ἁγνεύειν/πορνεύειν, σωφρονεῖν/μοιχεύειν κ.λπ.), συνθέτει έναν αυστηρό έλεγχο της ηθικής αδιαφορίας και της δουλείας στον πλούτο.",,117,
209,Ζ΄,§33,Εἰς τὰς ἁγίας ἐντολὰς τοῦ Κυρίου ἡμῶν Ἰησοῦ Χριστοῦ,ΕΝΤΟΛΗ,ΕΣΧΑΤΟΛΟΓΙΑ,Ουδέτερο,0.81,"Η παράγραφος αναπτύσσει διδακτική ερμηνεία της εντολής «μὴ μεριμνᾶτε» με κανονιστικό τόνο, ενώ η αντιπαραβολή ψυχῆς ἀθανάτου και ἐπίκηρου κόσμου εισάγει εσχατολογική συνείδηση ως υπόβαθρο της επιχειρηματολογίας.",,118,
210,Ζ΄,§34,Εἰς τὰς ἁγίας ἐντολὰς τοῦ Κυρίου ἡμῶν Ἰησοῦ Χριστοῦ,ΕΝΤΟΛΗ,ΔΟΞΟΛΟΓΙΑ,Θετικό,0.72,"Διδακτική-κανονιστική επιχειρηματολογία περί αξίας ψυχής και σώματος έναντι υλικών αγαθών, με υποκείμενη δοξολογική χροιά στην αναφορά της θείας δημιουργίας και χάριτος.",,118,
211,Ζ΄,§35,Εἰς τὰς ἁγίας ἐντολὰς τοῦ Κυρίου ἡμῶν Ἰησοῦ Χριστοῦ,ΕΛΠΙΔΑ,ΕΝΤΟΛΗ,Θετικό,0.82,"Το επιχείρημα a minori ad maius (μαμωνᾶς vs. ἀγαθώτατος Θεός) γεννά ήρεμη βεβαιότητα ότι ο Θεός θα προνοήσει, ενώ η προτρεπτική διάσταση της αποχής από τον μαμωνά παραμένει δευτερεύουσα.",,118,
212,Ζ΄,§36,Εἰς τὰς ἁγίας ἐντολὰς τοῦ Κυρίου ἡμῶν Ἰησοῦ Χριστοῦ,ΑΓΑΠΗ,ΕΛΠΙΔΑ,Θετικό,0.87,"Η εικόνα του οὐρανίου Πατρὸς που μετράει τις τρίχες της κεφαλής και τρέφει τα πετεινά αποπνέει θερμή πατρική φροντίδα και εγγύτητα, ενώ το «Μὴ οὖν φοβηθῆτε» ανοίγει ήπια σε ελπιδοφόρα παρηγοριά.",,118,
213,Ζ΄,§37,Εἰς τὰς ἁγίας ἐντολὰς τοῦ Κυρίου ἡμῶν Ἰησοῦ Χριστοῦ,ΕΝΤΟΛΗ,ΑΓΑΠΗ,Θετικό,0.74,"Ο λόγος έχει διδακτικό-προτρεπτικό τόνο (μιμήθητι τὸ ἀμέριμνον, μὴ φανῇς ἀπιστότερος) με ρητορικό επιχείρημα από τη φύση, ενώ η εικόνα του οὐράνιου πατρὸς που διαθρέφει δαψιλῶς εισάγει θερμή πατρική αγάπη ως υποστήριξη της εντολής.",,118,
214,Ζ΄,§38,Εἰς τὰς ἁγίας ἐντολὰς τοῦ Κυρίου ἡμῶν Ἰησοῦ Χριστοῦ,ΕΝΤΟΛΗ,ΕΣΧΑΤΟΛΟΓΙΑ,Ουδέτερο,0.82,"Κυριαρχούν προστακτικές και απαγορευτικές φράσεις (μὴ μεριμνήσητε, ζητεῖτε) με σαφή κανονιστικό τόνο, ενώ η αντίθεση αἰωνίων–προσκαίρων εισάγει δευτερευόντως εσχατολογική διάσταση.",,119,
215,Ζ΄,§39,Εἰς τὰς ἁγίας ἐντολὰς τοῦ Κυρίου ἡμῶν Ἰησοῦ Χριστοῦ,ΑΓΑΠΗ,ΕΝΤΟΛΗ,Θετικό,0.81,"Η εικόνα του οὐρανίου πατρός που τρέφει ἀφθόνως τα πετεινά και τα κρίνα αναδεικνύει τη στοργική πρόνοια του Θεού, ενώ ο αναφωνηματικός τόνος (εἶδες;) εκφράζει θερμή εγγύτητα και φροντίδα — κυρίαρχο συναίσθημα η αγάπη ως θεϊκή πατρική μέριμνα.",,119,
216,Ζ΄,§40,Εἰς τὰς ἁγίας ἐντολὰς τοῦ Κυρίου ἡμῶν Ἰησοῦ Χριστοῦ,ΑΓΑΠΗ,ΕΛΠΙΔΑ,Θετικό,0.87,"Η αλληγορία του φιλοδίκαιου βασιλέα που κατελεεί τους εκπεσόντες υιούς και τους καλεί πίσω αποδίδει θερμή εικόνα πατρικής φιλανθρωπίας (πανάγαθος καὶ εὔσπλαγχνος πατήρ), με δευτερεύουσα εσχατολογική ελπίδα επιστροφής στη βασιλεία.",,119,
217,Ζ΄,§41,Εἰς τὰς ἁγίας ἐντολὰς τοῦ Κυρίου ἡμῶν Ἰησοῦ Χριστοῦ,ΕΝΤΟΛΗ,ΕΛΠΙΔΑ,Θετικό,0.81,"Κυριαρχούν οι προστακτικές (μὴ μεριμνήσητε, ζητεῖτε) με σαφή κανονιστικό τόνο, αλλά η βεβαίωση ὁ πατὴρ ἡμῶν ὁ οὐράνιος οἶδε καὶ ἡ υπόσχεση προστεθήσεται ἡμῖν εισάγουν θετικό τόνο ελπίδας.",,119,
218,Ζ΄,§42,Εἰς τὰς ἁγίας ἐντολὰς τοῦ Κυρίου ἡμῶν Ἰησοῦ Χριστοῦ,ΕΝΤΟΛΗ,ΑΓΑΠΗ,Ουδέτερο,0.81,"Διπλή ερμηνεία ευαγγελικής εντολής (μὴ μεριμνήσητε / δὸς ἡμῖν σήμερον) με διδακτικό-κανονιστικό τόνο, με υπόρρητη πατρική φροντίδα του Θεού που μετριάζει την ουδετερότητα.",,119,
219,Ζ΄,§43,Εἰς τὰς ἁγίας ἐντολὰς τοῦ Κυρίου ἡμῶν Ἰησοῦ Χριστοῦ,ΕΛΠΙΔΑ,ΔΟΞΟΛΟΓΙΑ,Θετικό,0.82,"Η ανάπαυσις ως δώρο Χριστού και η εικόνα των πετεινών του ουρανού αποπνέουν ήρεμη βεβαιότητα σωτηρίας και εμπιστοσύνης στη θεία πρόνοια, με ελαφρά δοξολογική χροιά στο θεοδωρήτου.",,120,
220,Ζ΄,§44,Εἰς τὰς ἁγίας ἐντολὰς τοῦ Κυρίου ἡμῶν Ἰησοῦ Χριστοῦ,ΚΑΤΗΓΟΡΙΑ,ΕΝΤΟΛΗ,Αρνητικό,0.87,"Η παράγραφος ελέγχει αυστηρά την αδυναμία τήρησης των εντολών του Χριστού με συστηματική αντίθεση εἶπε/ἡμεῖς δέ, αποκαλύπτοντας την υποκρισία της μέριμνας και της αμαρτωλής ζωής.",,120,
221,Ζ΄,§45,Εἰς τὰς ἁγίας ἐντολὰς τοῦ Κυρίου ἡμῶν Ἰησοῦ Χριστοῦ,ΚΑΤΗΓΟΡΙΑ,ΕΝΤΟΛΗ,Αρνητικό,0.83,"Ο Νεόφυτος ελέγχει οξύτατα την ανθρώπινη ὀλιγοπιστία και μοχθηρία που αντιστρατεύεται την εντολή «μὴ μεριμνήσητε», χρησιμοποιώντας το παράδειγμα του αμπελώνα για να αναδείξει την αντίφαση μεταξύ θεϊκής βούλησης και ανθρώπινης υλιστικής μέριμνας.",,120,
222,Ζ΄,§46,Εἰς τὰς ἁγίας ἐντολὰς τοῦ Κυρίου ἡμῶν Ἰησοῦ Χριστοῦ,ΕΝΤΟΛΗ,ΚΑΤΗΓΟΡΙΑ,Ουδέτερο,0.61,"Ρητορική αντίρρηση σε διδακτικό πλαίσιο περί ἀμεριμνίας — ο τόνος είναι κανονιστικά διερωτηματικός, με υποβόσκουσα κριτική διάθεση προς την υπερβολική κοσμική αδιαφορία.",,120,
223,Ζ΄,§47,Εἰς τὰς ἁγίας ἐντολὰς τοῦ Κυρίου ἡμῶν Ἰησοῦ Χριστοῦ,ΕΝΤΟΛΗ,ΕΛΠΙΔΑ,Θετικό,0.71,"Διδακτική ανάπτυξη υποθετικής ερώτησης που αποκαλύπτει την αξία της εκπλήρωσης των εντολών, με εικόνα μακαρίας γης ως κίνητρο ελπίδας.",,120,
224,Ζ΄,§48,Εἰς τὰς ἁγίας ἐντολὰς τοῦ Κυρίου ἡμῶν Ἰησοῦ Χριστοῦ,ΚΑΤΗΓΟΡΙΑ,ΕΣΧΑΤΟΛΟΓΙΑ,Αρνητικό,0.87,"Ο συγγραφέας αποδίδει τη συλλογική θλίψη και στενοχωρία στον «διεστραμμένο βίο» και την παράβαση των θείων εντολών, ασκώντας έτσι σαφή ηθική επίπληξη κατά της αδιαφορίας του λαού.",,121,
225,Ζ΄,§49,Εἰς τὰς ἁγίας ἐντολὰς τοῦ Κυρίου ἡμῶν Ἰησοῦ Χριστοῦ,ΕΝΤΟΛΗ,ΚΑΤΗΓΟΡΙΑ,Ουδέτερο,0.81,"Πυκνή αλυσίδα αποστολικών και πατερικών παραθεμάτων που θεμελιώνουν κανονιστικά την υποχρέωση εργασίας, με ρητορική ερώτηση που ελέγχει τους αδικαιολόγητα αργούς — κυριαρχεί ο διδακτικός-κανονιστικός τόνος με δευτερεύον στοιχείο επίπληξης.",,121,
226,Ζ΄,§50,Εἰς τὰς ἁγίας ἐντολὰς τοῦ Κυρίου ἡμῶν Ἰησοῦ Χριστοῦ,ΕΝΤΟΛΗ,ΕΣΧΑΤΟΛΟΓΙΑ,Ουδέτερο,0.78,Ερμηνεία της εντολής προς τον Αδάμ να εργάζεται και να φυλάττει — σειρά προστακτικών/κανονιστικών ορισμών περί νοητής θεωρίας και αποφυγής παρακοής.,,121,
227,Ζ΄,§51,Εἰς τὰς ἁγίας ἐντολὰς τοῦ Κυρίου ἡμῶν Ἰησοῦ Χριστοῦ,ΚΑΤΗΓΟΡΙΑ,ΕΝΤΟΛΗ,Αρνητικό,0.88,Αποστολική επίπληξη κατά ψευδοδιδασκάλων ὀκνηρῶν καὶ κοιλιοδούλων με απόφθεγμα-εντολή αποκλεισμού — κυρίαρχος τόνος αυστηρής ηθικής κατηγορίας.,,122,
228,Ζ΄,§52,Εἰς τὰς ἁγίας ἐντολὰς τοῦ Κυρίου ἡμῶν Ἰησοῦ Χριστοῦ,ΕΝΤΟΛΗ,ΔΟΞΟΛΟΓΙΑ,Θετικό,0.81,"Κανονιστική έκθεση ασκητικού ιδεώδους εργασίας με παράθεση Μεγάλου Βασιλείου, εμποτισμένη όμως με θαυμασμό για τους μακαρίους πατέρας ως ἔνσαρκους ἀγγέλους.",,122,
229,Ζ΄,§53,Εἰς τὰς ἁγίας ἐντολὰς τοῦ Κυρίου ἡμῶν Ἰησοῦ Χριστοῦ,ΕΝΤΟΛΗ,ΕΣΧΑΤΟΛΟΓΙΑ,Ουδέτερο,0.78,"Σαφής κανονιστικός τόνος με αλλεπάλληλες προστακτικές (μὴ μεριμνᾶτε, ἐργάζεσθε) και ευαγγελικές παραπομπές που κατευθύνουν προς την αιώνια ζωή, με ήπια εσχατολογική υπόρρηση.",,122,
230,Ζ΄,§54,Εἰς τὰς ἁγίας ἐντολὰς τοῦ Κυρίου ἡμῶν Ἰησοῦ Χριστοῦ,ΕΣΧΑΤΟΛΟΓΙΑ,ΚΑΤΗΓΟΡΙΑ,Αρνητικό,0.74,"Η παράγραφος εκφράζει αμφιβολία για τη θεϊκή πρόνοια μέσα από οξεία καταγραφή ανθρώπινης ταλαιπωρίας και αποτυχίας — αρνητική φόρτιση με εσχατολογική διάσταση (κοίμηση, μοχθηρός βίος, αδεκπλήρωτη υπόσχεση).",,122,
231,Ζ΄,§55,Εἰς τὰς ἁγίας ἐντολὰς τοῦ Κυρίου ἡμῶν Ἰησοῦ Χριστοῦ,ΑΓΑΠΗ,ΕΛΠΙΔΑ,Θετικό,0.78,Η εικόνα του ἀθανάτου πατρός που γνωρίζει βαθύτερα τις ανάγκες μας και καθυστερεί τις υποσχέσεις ως παιδαγωγική πράξη αγάπης — πατρική στοργή συνδυασμένη με ελπίδα δοκιμασμένη ὡς χρυσὸν ἐν χωνευτηρίῳ.,,122,
232,Ζ΄,§56,Εἰς τὰς ἁγίας ἐντολὰς τοῦ Κυρίου ἡμῶν Ἰησοῦ Χριστοῦ,ΑΓΑΠΗ,ΕΝΤΟΛΗ,Θετικό,0.81,"Η εικόνα του πανάριστου ιατρού που θεραπεύει διά πικρίας αποκαλύπτει παθιασμένη πρόνοια και πατρική στοργή του Θεού, ενώ η παράθεση της εντολής «μὴ μεριμνᾶτε» ενισχύει τον κανονιστικό υποτόνο.",,123,
233,Ζ΄,§57,Εἰς τὰς ἁγίας ἐντολὰς τοῦ Κυρίου ἡμῶν Ἰησοῦ Χριστοῦ,ΕΛΠΙΔΑ,ΜΕΤΑΝΟΙΑ,Θετικό,0.78,Ο Νεόφυτος παρηγορεί τον αναγνώστη εξηγώντας ότι η καθυστέρηση των υποσχέσεων του Σωτήρος είναι οἰκονομική πρόνοια για κάθαρση και στεφάνωση διὰ ὑπομονῆς — η βασική φόρτιση είναι παρηγορητική ελπίδα με υποδόριο μετανοητικό υπόστρωμα.,,123,
234,Ζ΄,§58,Εἰς τὰς ἁγίας ἐντολὰς τοῦ Κυρίου ἡμῶν Ἰησοῦ Χριστοῦ,ΕΛΠΙΔΑ,ΕΝΤΟΛΗ,Θετικό,0.81,"Η παράγραφος κορυφώνεται στην υπόσχεση «ταῦτα πάντα προστεθήσεται ὑμῖν» και στην προτροπή για τη βασιλεία του Θεού, εκφράζοντας θεμελιωμένη εμπιστοσύνη στην πρόνοια του Πατρός ως ελπίδα για όσους αποστρέφονται τον μαμωνά.",,123,
235,Ζ΄,§59,Εἰς τὰς ἁγίας ἐντολὰς τοῦ Κυρίου ἡμῶν Ἰησοῦ Χριστοῦ,ΚΑΤΗΓΟΡΙΑ,ΕΝΤΟΛΗ,Αρνητικό,0.83,Η αντίθεση πιστοῦ Κυρίου / ψεύστου ἀνθρώπου κορυφώνεται στο «Ὢ πόσης ἂν ἔχοι τὸ πρᾶγμα ἀνοίας» — οξεία ηθική επίπληξη κατά εκείνων που προτιμούν την ανθρώπινη εμπιστοσύνη από τη θεϊκή.,,124,
236,Ζ΄,§60,Εἰς τὰς ἁγίας ἐντολὰς τοῦ Κυρίου ἡμῶν Ἰησοῦ Χριστοῦ,ΔΟΞΟΛΟΓΙΑ,ΑΓΑΠΗ,Θετικό,0.81,"Η παράγραφος κορυφώνεται με τη θεϊκή ανταπόδοση δόξης (ἀντεδόξασε δόξαν ἀκένωτον) σε όσους δόξασαν τον Θεό, αποπνέοντας αγαλλίαση και ύμνο για την ποικιλία των ασκητικών οδών που όλες οδηγούν στη θεία δόξα.",,124,
237,Ζ΄,§61,Εἰς τὰς ἁγίας ἐντολὰς τοῦ Κυρίου ἡμῶν Ἰησοῦ Χριστοῦ,ΕΛΠΙΔΑ,ΔΟΞΟΛΟΓΙΑ,Θετικό,0.83,"Η επευκτική δομή (Γένοιτο… ἀξιωθῆναι) εκφράζει θερμή προσευχητική ελπίδα για τη Βασιλεία, ενώ η τριαδική δοξολογία στο κλείσιμο προσδίδει έντονο δοξολογικό τόνο.",,124,
238,Η΄,§1,Εἰς τὰς σεπτὰς καὶ αὖθις θείας ἐντολάς καὶ εἰς τὴν δευτέραν παρουσίαν,ΕΣΧΑΤΟΛΟΓΙΑ,ΕΝΤΟΛΗ,Ουδέτερο,0.74,"Η αναφορά στον «ὄγδοον αἰῶνα» ως χώρο της κρίσεως και η φράση «πρὸς ὃν καὶ τὴν κρίσιν ὁ κριτὴς ἐταμιεύσατο» προσδίδουν εσχατολογικό υπόβαθρο, ενώ ο κυρίαρχος τόνος παραμένει διδακτικός-προοιμιακός με μεταβατική ουδετερότητα.",,124,
239,Η΄,§2,Εἰς τὰς σεπτὰς καὶ αὖθις θείας ἐντολάς καὶ εἰς τὴν δευτέραν παρουσίαν,ΕΝΤΟΛΗ,ΚΑΤΗΓΟΡΙΑ,Ουδέτερο,0.82,"Το κείμενο εισάγει και ερμηνεύει κανονιστικά την εντολή «Μὴ κρίνετε», με παράλληλη κριτική διάθεση κατά των κρινόντων τους άλλους ενώ αγνοούν τα ίδια τους τα σφάλματα.",,125,
240,Η΄,§3,Εἰς τὰς σεπτὰς καὶ αὖθις θείας ἐντολάς καὶ εἰς τὴν δευτέραν παρουσίαν,ΕΝΤΟΛΗ,ΔΟΞΟΛΟΓΙΑ,Ουδέτερο,0.81,Ο συγγραφέας δηλώνει διδακτική πρόθεση ερμηνείας των εντολών του Δεσπότη από γραφικά θεσπίσματα — κυριαρχεί κανονιστικός-ερμηνευτικός τόνος με ήπια δοξολογική χροιά στην αναφορά «χάριτι καὶ συνεργίᾳ τοῦ δόντος».,,125,
241,Η΄,§4,Εἰς τὰς σεπτὰς καὶ αὖθις θείας ἐντολάς καὶ εἰς τὴν δευτέραν παρουσίαν,ΚΑΤΗΓΟΡΙΑ,ΕΣΧΑΤΟΛΟΓΙΑ,Αρνητικό,0.88,"Αυστηρή ηθική επίπληξη κατά της καταλαλιάς και της κατάκρισης, με εσχατολογική προειδοποίηση αιώνιας ανταπόδοσης για τον κατήγορο.",,125,
242,Η΄,§5,Εἰς τὰς σεπτὰς καὶ αὖθις θείας ἐντολάς καὶ εἰς τὴν δευτέραν παρουσίαν,ΕΣΧΑΤΟΛΟΓΙΑ,ΚΑΤΗΓΟΡΙΑ,Αρνητικό,0.88,"Η περίπτωση του Ιούδα χρησιμεύει ως φοβερό παράδειγμα ανεπαρκούς μετανοίας που οδηγεί σε καταδίκη, ενώ η ρήση «ἐν ᾧ κρίματι κρίνετε, κριθήσεσθε» εγείρει εσχατολογική αφύπνιση με αυστηρό ελεγκτικό τόνο κατά όσων αδιαφορούν για τα κακά τους.",,125,
243,Η΄,§6,Εἰς τὰς σεπτὰς καὶ αὖθις θείας ἐντολάς καὶ εἰς τὴν δευτέραν παρουσίαν,ΕΝΤΟΛΗ,ΚΑΤΗΓΟΡΙΑ,Αρνητικό,0.81,"Η παράγραφος εκθέτει την εντολή «Μὴ κρίνετε» μέσα από ιστορικό πλαίσιο κατακριτέας συνήθειας και παράδειγμα της Σωσάννας, συνδυάζοντας κανονιστικό τόνο με σαφή ηθική επίπληξη κατά των αδίκων κριτών.",,125,
244,Η΄,§7,Εἰς τὰς σεπτὰς καὶ αὖθις θείας ἐντολάς καὶ εἰς τὴν δευτέραν παρουσίαν,ΑΓΑΠΗ,ΜΕΤΑΝΟΙΑ,Θετικό,0.81,"Η σκηνή κορυφώνεται στο «Οὐδὲ ἐγώ σε κατακρίνω» — η θεϊκή συγχώρηση υπερβαίνει την κατηγορία και αποκαλύπτει αγάπη που σώζει χωρίς να καταδικάζει, ενώ η σιωπή του Ιησού απέναντι στους Φαρισαίους υποδηλώνει ήπια αλλά σαφή αποδοκιμασία της υποκρισίας τους.",,126,
245,Η΄,§8,Εἰς τὰς σεπτὰς καὶ αὖθις θείας ἐντολάς καὶ εἰς τὴν δευτέραν παρουσίαν,ΕΣΧΑΤΟΛΟΓΙΑ,ΚΑΤΗΓΟΡΙΑ,Αρνητικό,0.82,"Η παράγραφος κυριαρχείται από την απειλή θεϊκής κρίσης («ἐγὼ κρινῶ», «κριθήσεσθε») ως αφύπνιση, ενώ ο αυστηρός έλεγχος του άδικου κριτή («ὑπεύθυνος ὢν καὶ μυρίων κακῶν ὑπεργέμων») προσδίδει έντονη δευτερεύουσα κατηγορική διάσταση.",,126,
246,Η΄,§9,Εἰς τὰς σεπτὰς καὶ αὖθις θείας ἐντολάς καὶ εἰς τὴν δευτέραν παρουσίαν,ΕΣΧΑΤΟΛΟΓΙΑ,ΚΑΤΗΓΟΡΙΑ,Αρνητικό,0.82,"Η αρχή της θείας ανταπόδοσης («εἴτε ἐν τῷδε τῷ βίῳ εἴτε ἐν τῷ μέλλοντι») και το παράδειγμα Αδωνὶ Βεζέκ εγκαθιδρύουν εσχατολογική συνείδηση κρίσης με έντονα αρνητική φόρτιση, ενώ η ηθική επίπληξη λειτουργεί ως δευτερεύουσα συναισθηματική στρώση.",,126,
247,Η΄,§10,Εἰς τὰς σεπτὰς καὶ αὖθις θείας ἐντολάς καὶ εἰς τὴν δευτέραν παρουσίαν,ΕΣΧΑΤΟΛΟΓΙΑ,ΚΑΤΗΓΟΡΙΑ,Αρνητικό,0.81,"Το ερώτημα περί αδικίας που μένει ατιμώρητη στη γη υπονοεί εσχατολογική διόρθωση (κρίνειν–κρίνεσθαι, ἀντιμετρεῖσθαι), ενώ η γλαφυρή απαρίθμηση των κακουργούντων προσδίδει έντονο κατηγορηματικό τόνο.",,126,
248,Η΄,§11,Εἰς τὰς σεπτὰς καὶ αὖθις θείας ἐντολάς καὶ εἰς τὴν δευτέραν παρουσίαν,ΚΑΤΗΓΟΡΙΑ,ΦΟΒΟΣ_ΘΕΟΥ,Αρνητικό,0.83,"Διπλό προφητικό παράθεμα (Ιερεμίας, Αββακούμ) που καταγγέλλει την ευημερία των ασεβών και την κατάρρευση της θεϊκής δικαιοσύνης — έντονη ηθική επίπληξη με υποτόνο ιερού δέους απέναντι στο ανεξήγητο.",,126,
249,Η΄,§12,Εἰς τὰς σεπτὰς καὶ αὖθις θείας ἐντολάς καὶ εἰς τὴν δευτέραν παρουσίαν,ΕΣΧΑΤΟΛΟΓΙΑ,ΦΟΒΟΣ_ΘΕΟΥ,Ουδέτερο,0.82,"Η παράγραφος αναπτύσσει θεολογικό επιχείρημα περί θείας κρίσεως εν τῷ παρόντι και εν τῷ μέλλοντι βίῳ, με κεντρικό άξονα την εσχατολογική συνείδηση της μελλοντικής κρίσεως μετά την περαίωση του βίου, ενώ ο διδακτικός-απολογητικός τόνος μετριάζει τη συναισθηματική φόρτιση.",,127,
250,Η΄,§13,Εἰς τὰς σεπτὰς καὶ αὖθις θείας ἐντολάς καὶ εἰς τὴν δευτέραν παρουσίαν,ΑΓΑΠΗ,ΕΝΤΟΛΗ,Θετικό,0.78,"Η εικόνα του πατρὸς ἀγαθοῦ καὶ φιλοτέκνου που ανατρέφει με παιδεία και νουθεσία τα τέκνα του αποπνέει θερμή πατρική στοργή, ενώ η διδακτική πλαισίωση (εἰκόνισμα, αὐτεξούσιον) προσδίδει δευτερεύοντα κανονιστικό τόνο.",,127,
251,Η΄,§14,Εἰς τὰς σεπτὰς καὶ αὖθις θείας ἐντολάς καὶ εἰς τὴν δευτέραν παρουσίαν,ΕΣΧΑΤΟΛΟΓΙΑ,ΑΓΑΠΗ,Αρνητικό,0.78,"Η ρητορεία του βασιλέως-πατρός κορυφώνεται στην εσχατολογική κρίση (βῆμα, κολάσεις, ἀποδώσω κατὰ τὴν πρᾶξιν), ενώ η πατρική στοργή και η εντολή ἀγάπης προς τον πλησίον λειτουργούν ως δευτερεύων αλλά παρών συναισθηματικός τόνος.",,127,
252,Η΄,§15,Εἰς τὰς σεπτὰς καὶ αὖθις θείας ἐντολάς καὶ εἰς τὴν δευτέραν παρουσίαν,ΕΛΠΙΔΑ,ΜΕΤΑΝΟΙΑ,Θετικό,0.82,"Ο νεώτερος υἱὸς επικαλείται την ἄβυσσον τοῦ ἐλέους και την εὐσπλαγχνίαν του Θεού ως υπέρτερες της δικαιοκρισίας, προβάλλοντας παραδείγματα συγχώρησης (μύρια τάλαντα, ἑνδεκάτη ὥρα) που θεμελιώνουν εσχατολογική ελπίδα σωτηρίας.",,128,
253,Η΄,§16,Εἰς τὰς σεπτὰς καὶ αὖθις θείας ἐντολάς καὶ εἰς τὴν δευτέραν παρουσίαν,ΚΑΤΗΓΟΡΙΑ,ΦΟΒΟΣ_ΘΕΟΥ,Αρνητικό,0.88,"Ο βασιλεύς-Χριστός ελέγχει αυστηρά όσους καταχρώνται τη φιλανθρωπία Του αμαρτάνοντες ἀδεῶς, απειλώντας αποκλεισμό από τη συγχώρηση — ηθική επίπληξη με έντονη εσχατολογική προειδοποίηση που εμπνέει ιερό δέος.",,128,
254,Η΄,§17,Εἰς τὰς σεπτὰς καὶ αὖθις θείας ἐντολάς καὶ εἰς τὴν δευτέραν παρουσίαν,ΑΓΑΠΗ,ΔΟΞΟΛΟΓΙΑ,Θετικό,0.81,"Ο πρεσβύτερος υιός αναγνωρίζει την εὐσπλαγχνίαν του Πατρός ως πηγή κάθε τιμής και κληρονομίας, εκφράζοντας βαθιά αίσθηση αναξιότητας μπροστά στη θεϊκή πατρική αγάπη, με δευτερεύοντα τόνο ευχαριστίας που κορυφώνεται στο ρητορικό ερώτημα «τίς ἱκανὸς ἀξίως εὐχαριστῆσαι».",,128,
255,Η΄,§18,Εἰς τὰς σεπτὰς καὶ αὖθις θείας ἐντολάς καὶ εἰς τὴν δευτέραν παρουσίαν,ΕΝΤΟΛΗ,ΦΟΒΟΣ_ΘΕΟΥ,Ουδέτερο,0.72,"Διαλογική-διδακτική ανταλλαγή περί αυτεξουσίου και ηθικής ευθύνης με κανονιστικό-φιλοσοφικό τόνο, χωρίς έντονη συναισθηματική φόρτιση.",,128,
256,Η΄,§19,Εἰς τὰς σεπτὰς καὶ αὖθις θείας ἐντολάς καὶ εἰς τὴν δευτέραν παρουσίαν,ΕΝΤΟΛΗ,ΚΑΤΗΓΟΡΙΑ,Ουδέτερο,0.72,"Διαλογική-διδακτική ανάλυση της ελεύθερης προαίρεσης ως θεολογικής αρχής, με κανονιστικό τόνο και υπόρρητη επίπληξη προς τον κακώς προαιρούμενο.",,129,
257,Η΄,§20,Εἰς τὰς σεπτὰς καὶ αὖθις θείας ἐντολάς καὶ εἰς τὴν δευτέραν παρουσίαν,ΕΣΧΑΤΟΛΟΓΙΑ,ΕΝΤΟΛΗ,Ουδέτερο,0.72,"Η φράση «ἡ ὡρισμένη τῶν αἰώνων περαιωθῇ ἑβδομάς» εισάγει εσχατολογική συνείδηση τέλους των αιώνων, ενώ ο διδακτικός-αφηγηματικός τόνος της παιδαγωγίας («παιδαγωγῶν ἅμα καὶ ἐντελλόμενος») προσδίδει δευτερεύοντα κανονιστικό χαρακτήρα.",,129,
258,Η΄,§21,Εἰς τὰς σεπτὰς καὶ αὖθις θείας ἐντολάς καὶ εἰς τὴν δευτέραν παρουσίαν,ΑΓΑΠΗ,ΕΣΧΑΤΟΛΟΓΙΑ,Θετικό,0.74,"Η αντίθεση φιλοσάρκων καὶ ἀσκητῶν κορυφώνεται στην έκφραση ἀπόλυτης αφοσίωσης προς τον Χριστό μέσω της εικόνας μυρίων θανάτων και της εὐσπλαγχνίας Του, αναδεικνύοντας θερμή αγάπη και ανεκτίμητη σχέση με τον Θεό, με εσχατολογικό υποκείμενο στην αναφορά μελλούσης δόξης.",,129,
259,Η΄,§22,Εἰς τὰς σεπτὰς καὶ αὖθις θείας ἐντολάς καὶ εἰς τὴν δευτέραν παρουσίαν,ΕΣΧΑΤΟΛΟΓΙΑ,ΦΟΒΟΣ_ΘΕΟΥ,Αρνητικό,0.91,Η αναβολή της θείας κρίσης για το τέλος — «Ἰδοὺ ἔρχομαι» και «ἀποδώσω ἑκάστῳ κατὰ τὴν πρᾶξιν» — συνιστά κλασική εσχατολογική αφύπνιση με υποκείμενο ιερό δέος μπροστά στον παντεπόπτη Κριτή.,,129,
260,Η΄,§23,Εἰς τὰς σεπτὰς καὶ αὖθις θείας ἐντολάς καὶ εἰς τὴν δευτέραν παρουσίαν,ΕΣΧΑΤΟΛΟΓΙΑ,ΚΑΤΗΓΟΡΙΑ,Αρνητικό,0.74,"Η παράγραφος αντιμετωπίζει το θεολογικό πρόβλημα της ευημερίας των αμαρτωλών στον παρόντα βίο, υπονοώντας μέσω της εικόνας των δύο υιών ότι η κρίση ανήκει στον μέλλοντα αιώνα — εσχατολογική προοπτική με δευτερεύουσα ηθική κατηγορία κατά αμαρτωλών και απίστων.",,129,
261,Η΄,§24,Εἰς τὰς σεπτὰς καὶ αὖθις θείας ἐντολάς καὶ εἰς τὴν δευτέραν παρουσίαν,ΕΣΧΑΤΟΛΟΓΙΑ,ΕΝΤΟΛΗ,Αρνητικό,0.91,Η παράγραφος αναπτύσσει θεολογικά την τελική διαίρεση της ανθρωπότητας σε δύο στάσεις — κόλασιν αἰώνιον καὶ ζωὴν αἰώνιον — με αλυσίδα παραβολών που επιβεβαιώνουν την εσχατολογική κρίση ως κυριολεκτική διδασκαλία του Χριστού.,,129,
262,Η΄,§25,Εἰς τὰς σεπτὰς καὶ αὖθις θείας ἐντολάς καὶ εἰς τὴν δευτέραν παρουσίαν,ΕΣΧΑΤΟΛΟΓΙΑ,ΚΑΤΗΓΟΡΙΑ,Αρνητικό,0.82,"Το ρητορικό ερώτημα για την κόλαση των αμαρτωλών πιστών — κολάσεις, μηδεμίαν ὄνησιν — εγείρει εσχατολογική αγωνία με έντονο ελεγκτικό υπόστρωμα κατά της αισχρής βιοτής.",,130,
263,Η΄,§26,Εἰς τὰς σεπτὰς καὶ αὖθις θείας ἐντολάς καὶ εἰς τὴν δευτέραν παρουσίαν,ΕΝΤΟΛΗ,ΚΑΤΗΓΟΡΙΑ,Ουδέτερο,0.72,"Διδακτική-απολογητική επιχειρηματολογία περί πίστεως και έργων με παράθεμα Ιακώβου, κανονιστικός τόνος που τείνει προς έλεγχο της αντίληψης «μόνη πίστις σώζει».",,130,
264,Η΄,§27,Εἰς τὰς σεπτὰς καὶ αὖθις θείας ἐντολάς καὶ εἰς τὴν δευτέραν παρουσίαν,ΜΕΤΑΝΟΙΑ,ΕΣΧΑΤΟΛΟΓΙΑ,Αρνητικό,0.83,"Ο ρητορικός ερωτηματισμός εκφράζει βαθύ πόνο για την εμπάθεια και τον φόβο απόγνωσης ενώπιον της κρίσεως, συνδυάζοντας κατανυκτικό πένθος με εσχατολογική αφύπνιση.",,130,
265,Η΄,§28,Εἰς τὰς σεπτὰς καὶ αὖθις θείας ἐντολάς καὶ εἰς τὴν δευτέραν παρουσίαν,ΜΕΤΑΝΟΙΑ,ΑΓΑΠΗ,Θετικό,0.88,"Η παράγραφος συνδυάζει το κάλεσμα εἰς μετάνοιαν με τη χαρά του Θεού για κάθε ἁμαρτωλὸν μετανοοῦντα — η μετάνοια εδώ ανοίγει σε αγαλλίαση και φιλόστοργη πατρική υποδοχή, δίνοντας σαφώς θετική συναισθηματική φόρτιση.",,130,
266,Η΄,§29,Εἰς τὰς σεπτὰς καὶ αὖθις θείας ἐντολάς καὶ εἰς τὴν δευτέραν παρουσίαν,ΜΕΤΑΝΟΙΑ,ΕΛΠΙΔΑ,Θετικό,0.91,"Η μετάνοια παρουσιάζεται ως η μοναδική ελπίδα σωτηρίας μετά Θεόν, με παραδείγματα σεσωσμένων αμαρτωλών (λῃστής, τελώνης, Μανασσῆς) που μετατρέπουν τον πόνο της αμαρτίας σε θετική προοπτική κοινωνίας με τους ἁγίους.",,130,
267,Η΄,§30,Εἰς τὰς σεπτὰς καὶ αὖθις θείας ἐντολάς καὶ εἰς τὴν δευτέραν παρουσίαν,ΕΣΧΑΤΟΛΟΓΙΑ,ΚΑΤΗΓΟΡΙΑ,Αρνητικό,0.88,"Η παράγραφος αντικρούει την ψευδή ασφάλεια του πιστού που νομίζει ότι δεν θα κολαστεί, και καταλήγει στο δραματικό «πῦρ τὸ αἰώνιον» της Δευτέρας Παρουσίας — έντονη εσχατολογική φόρτιση με παράλληλο ελεγκτικό τόνο κατά της ηθικής αδιαφορίας.",,130,
268,Η΄,§31,Εἰς τὰς σεπτὰς καὶ αὖθις θείας ἐντολάς καὶ εἰς τὴν δευτέραν παρουσίαν,ΕΣΧΑΤΟΛΟΓΙΑ,ΚΑΤΗΓΟΡΙΑ,Αρνητικό,0.87,Η σφοδρά απειλή της Δευτέρας Παρουσίας απευθύνεται σε πιστούς που αμέλησαν τα ἐγκλήματα φιλανθρωπίας — εσχατολογική αφύπνιση με έντονο κατηγορικό υπόστρωμα.,,131,
269,Η΄,§32,Εἰς τὰς σεπτὰς καὶ αὖθις θείας ἐντολάς καὶ εἰς τὴν δευτέραν παρουσίαν,ΕΣΧΑΤΟΛΟΓΙΑ,ΚΑΤΗΓΟΡΙΑ,Αρνητικό,0.91,"Η απειλή «πῦρ τὸ αἰώνιον» και η αποπομπή «Πορεύεσθε ἀπ᾿ ἐμοῦ οἱ κατηραμένοι» συνθέτουν έντονο εσχατολογικό δράμα, ενώ η ηθική επίπληξη κατά των ἀνελεημόνων προσδίδει δευτερεύοντα κατηγορικό τόνο.",,131,
270,Η΄,§33,Εἰς τὰς σεπτὰς καὶ αὖθις θείας ἐντολάς καὶ εἰς τὴν δευτέραν παρουσίαν,ΚΑΤΗΓΟΡΙΑ,ΕΝΤΟΛΗ,Αρνητικό,0.82,"Ο αδυσώπητος χαρακτηρισμός του ἀνελεήμονος ως ἅρπαγα και πλεονέκτη που θλίβει τον πένητα συνιστά έντονη ηθική κατηγορία, ενώ τα παραθέματα Σολομώντος και Δανιήλ προσθέτουν κανονιστική διάσταση.",,131,
271,Η΄,§34,Εἰς τὰς σεπτὰς καὶ αὖθις θείας ἐντολάς καὶ εἰς τὴν δευτέραν παρουσίαν,ΚΑΤΗΓΟΡΙΑ,ΕΣΧΑΤΟΛΟΓΙΑ,Αρνητικό,0.91,"Αλληλουχία αρνητικών επαναλήψεων («οὐκ ἐδώκατε», «οὐκ ἐποτίσατε», «οὐ συνηγάγετε») με άμεση ευαγγελική καταδίκη ενισχύει τον έντονο ελεγκτικό τόνο, ενώ η αναφορά στην κρίση («Ἐφ᾿ ὅσον οὐκ ἐποιήσατε») προσδίδει εσχατολογικό βάρος.",,131,
272,Η΄,§35,Εἰς τὰς σεπτὰς καὶ αὖθις θείας ἐντολάς καὶ εἰς τὴν δευτέραν παρουσίαν,ΕΣΧΑΤΟΛΟΓΙΑ,ΚΑΤΗΓΟΡΙΑ,Αρνητικό,0.91,"Η παράγραφος ανακεφαλαιώνει μία αλυσίδα αντεστραμμένων εντολών αγάπης (αρπαγή, εκδίωξη, εκγύμνωση, φυλάκιση) και κορυφώνεται με το εσχατολογικό «Πορεύεσθε ἀπ᾿ ἐμοῦ οἱ κατηραμένοι εἰς τὸ πῦρ τὸ αἰώνιον», συνδυάζοντας σκληρή ηθική κατηγορία με δραματική αφύπνιση της Κρίσης.",,131,
273,Η΄,§36,Εἰς τὰς σεπτὰς καὶ αὖθις θείας ἐντολάς καὶ εἰς τὴν δευτέραν παρουσίαν,ΚΑΤΗΓΟΡΙΑ,ΜΕΤΑΝΟΙΑ,Αρνητικό,0.91,"Ο συγγραφέας ελέγχει οξύτατα εκείνον που αποκαλεί «ὠφέλειαν» την πλεονεξία, αδυνατώντας να αναγνωρίσει την αμαρτία του — η ρητορική ερώτηση «Πῶς οὖν μετανοήσει;» συνιστά σαφή ηθική επίπληξη.",,132,
274,Η΄,§37,Εἰς τὰς σεπτὰς καὶ αὖθις θείας ἐντολάς καὶ εἰς τὴν δευτέραν παρουσίαν,ΜΕΤΑΝΟΙΑ,ΕΛΠΙΔΑ,Θετικό,0.91,"Το παράδειγμα του Ζακχαίου παρουσιάζει μετάνοια που εκδηλώνεται με συγκεκριμένο καρπό — διανομή και αποκατάσταση — και στεφανώνεται με την κυριακή υπόσχεση σωτηρίας, δίνοντας θετική φόρτιση στη μετανοητική πράξη.",,132,
275,Η΄,§38,Εἰς τὰς σεπτὰς καὶ αὖθις θείας ἐντολάς καὶ εἰς τὴν δευτέραν παρουσίαν,ΚΑΤΗΓΟΡΙΑ,ΜΕΤΑΝΟΙΑ,Αρνητικό,0.87,"Ο Νεόφυτος αντιπαραθέτει τη συντεταγμένη μετάνοια του Ζακχαίου με την υποκριτική αυτοδικαίωση των αμαρτανόντων που μετονομάζουν τις πλεονεξίας ἁρπαγὰς σε ὠφέλειαν, διατυπώνοντας έτσι οξεία ηθική επίπληξη με ρητορική αντίθεση.",,132,
276,Η΄,§39,Εἰς τὰς σεπτὰς καὶ αὖθις θείας ἐντολάς καὶ εἰς τὴν δευτέραν παρουσίαν,ΕΣΧΑΤΟΛΟΓΙΑ,ΕΝΤΟΛΗ,Αρνητικό,0.82,"Η αναφορά στη διάκριση προβάτων και ερίφων, στον Κριτή και στα «φρικτά ἀποφθέγματα» της Δευτέρας Παρουσίας προσδίδει έντονο εσχατολογικό χαρακτήρα με δραματική-αφυπνιστική φόρτιση.",,132,
277,Η΄,§40,Εἰς τὰς σεπτὰς καὶ αὖθις θείας ἐντολάς καὶ εἰς τὴν δευτέραν παρουσίαν,ΕΣΧΑΤΟΛΟΓΙΑ,ΚΑΤΗΓΟΡΙΑ,Αρνητικό,0.91,"Η αντίθεση μεταξύ ταπεινής Πρώτης Παρουσίας και ένδοξης Δευτέρας Παρουσίας κορυφώνεται με ρητορικό ερώτημα αφύπνισης («τίς ὑπομενεῖ ἡμέραν εἰσόδου αὐτοῦ»), ενώ η κατηγορία κατά των απίστων («ψιλὸν ἄνθρωπον», «πλάνον», «ἀπατεῶνα») ενισχύει την αρνητική εσχατολογική φόρτιση.",,132,
278,Η΄,§41,Εἰς τὰς σεπτὰς καὶ αὖθις θείας ἐντολάς καὶ εἰς τὴν δευτέραν παρουσίαν,ΕΣΧΑΤΟΛΟΓΙΑ,ΔΟΞΟΛΟΓΙΑ,Αρνητικό,0.82,"Τριπλή παράθεση εσχατολογικών λόγιων περί Δευτέρας Παρουσίας με δυνάμεως, δόξης πολλῆς και εξουσία κρίσεως — κυριαρχεί το δέος της τελικής κρίσεως, με δευτερεύον στοιχείο θεολογικής δόξας.",,133,
279,Η΄,§42,Εἰς τὰς σεπτὰς καὶ αὖθις θείας ἐντολάς καὶ εἰς τὴν δευτέραν παρουσίαν,ΕΝΤΟΛΗ,ΔΟΞΟΛΟΓΙΑ,Ουδέτερο,0.71,"Διδακτική-θεολογική ανάλυση της υιότητας του Χριστού με κανονιστικό-ερμηνευτικό τόνο, χωρίς έντονη συναισθηματική φόρτιση, με μικρή απόχρωση θαυμασμού στα «ἀξιοθαύμαστα ὀνόματα».",,133,
280,Η΄,§43,Εἰς τὰς σεπτὰς καὶ αὖθις θείας ἐντολάς καὶ εἰς τὴν δευτέραν παρουσίαν,ΔΟΞΟΛΟΓΙΑ,ΑΓΑΠΗ,Θετικό,0.88,"Η πυκνή συσσώρευση θεομητορικών επιθέτων (θεόνυμφος, θεοτίμητος, θεοχώρητος, πανακήρατος, θεοπρόκριτος) και η τετραπλή αναφορική επανάληψη δι᾿ ἧς που εξυμνεί το σωτηριολογικό έργο της Θεοτόκου αποπνέουν εκστατική αγαλλίαση και ύμνο, χαρακτηριστικά της ΔΟΞΟΛΟΓΙΑΣ.",,133,
281,Η΄,§44,Εἰς τὰς σεπτὰς καὶ αὖθις θείας ἐντολάς καὶ εἰς τὴν δευτέραν παρουσίαν,ΕΝΤΟΛΗ,ΦΟΒΟΣ_ΘΕΟΥ,Ουδέτερο,0.62,"Η παράγραφος εκθέτει διδακτικά-θεολογικά τη λογική της χρήσης «υἱὸς ἀνθρώπου» από τον Χριστό, με ερμηνευτικό-κανονιστικό τόνο, ενώ η αναφορά στη σκληρότητα των Ιουδαίων εισάγει δευτερευόντως στοιχεία ιερού δέους μπροστά στη θεϊκή οικονομία.",,133,
282,Η΄,§45,Εἰς τὰς σεπτὰς καὶ αὖθις θείας ἐντολάς καὶ εἰς τὴν δευτέραν παρουσίαν,ΕΣΧΑΤΟΛΟΓΙΑ,ΔΟΞΟΛΟΓΙΑ,Αρνητικό,0.95,"Εκτενής και λεπτομερής περιγραφή Δευτέρας Παρουσίας με σειρά κοσμικών συντελειακών εικόνων — κένωση ουρανού, έγερση νεκρών, σβέση φωτιστήρων, καινὸς οὐρανὸς — που συνθέτουν δραματικό εσχατολογικό κλίμα με δευτερεύοντα δοξολογικό τόνο στη λαμπρότητα του βασιλέως της δόξης.",,133,
283,Η΄,§46,Εἰς τὰς σεπτὰς καὶ αὖθις θείας ἐντολάς καὶ εἰς τὴν δευτέραν παρουσίαν,ΕΣΧΑΤΟΛΟΓΙΑ,ΔΟΞΟΛΟΓΙΑ,Αρνητικό,0.91,"Η εικόνα της αστραπής από ανατολών έως δυσμών και η συνάθροιση των αγγελικών ταγμάτων περιγράφουν με δραματική ένταση τη Δευτέρα Παρουσία, με κυρίαρχο εσχατολογικό τόνο που φέρει ωστόσο και ίχνη δοξολογικής λαμπρότητας.",,134,
284,Η΄,§47,Εἰς τὰς σεπτὰς καὶ αὖθις θείας ἐντολάς καὶ εἰς τὴν δευτέραν παρουσίαν,ΕΣΧΑΤΟΛΟΓΙΑ,ΚΑΤΗΓΟΡΙΑ,Αρνητικό,0.97,"Πυκνή αλληλουχία εσχατολογικών εικόνων (Δευτέρα Παρουσία, κρίση, κόλαση, αποστροφή αμαρτωλών) με επαναλαμβανόμενο 'τότε' που συνθέτει κλιμακούμενο δράμα κρίσης, ενισχυμένο από κατηγορητική αναφορά σε πλούσιους, φθονερούς και μωρές παρθένους.",,134,
285,Η΄,§48,Εἰς τὰς σεπτὰς καὶ αὖθις θείας ἐντολάς καὶ εἰς τὴν δευτέραν παρουσίαν,ΕΣΧΑΤΟΛΟΓΙΑ,ΦΟΒΟΣ_ΘΕΟΥ,Αρνητικό,0.97,"Η εικόνα της παγίδας και της αστραπής για την ἡμέραν ἐκείνην, μαζί με τα ρήματα σαλευθήσεται, τρομάξει, φρίξει, δημιουργούν οξύτατη εσχατολογική αφύπνιση με ισχυρό ιερό δέος.",,134,
286,Η΄,§49,Εἰς τὰς σεπτὰς καὶ αὖθις θείας ἐντολάς καὶ εἰς τὴν δευτέραν παρουσίαν,ΕΣΧΑΤΟΛΟΓΙΑ,ΦΟΒΟΣ_ΘΕΟΥ,Αρνητικό,0.91,"Η παράγραφος συνδυάζει την εικόνα του Κατακλυσμού με την προφητεία Μαλαχίου για την ἡμέραν Κυρίου τὴν μεγάλην, αποπνέοντας έντονο εσχατολογικό δέος μπροστά στην αιφνίδια και απρόβλεπτη Δευτέρα Παρουσία.",,134,
287,Η΄,§50,Εἰς τὰς σεπτὰς καὶ αὖθις θείας ἐντολάς καὶ εἰς τὴν δευτέραν παρουσίαν,ΕΣΧΑΤΟΛΟΓΙΑ,ΔΟΞΟΛΟΓΙΑ,Ουδέτερο,0.87,"Η κοσμική κατάρρευση ηλίου, σελήνης και άστρων παρουσιάζεται ως εσχατολογικό γεγονός, αλλά η εικόνα της παμφώτου μεσημβρίας μετριάζει τον τρόμο με ένα στοιχείο δοξαστικής φωτοφάνειας.",,135,
288,Η΄,§51,Εἰς τὰς σεπτὰς καὶ αὖθις θείας ἐντολάς καὶ εἰς τὴν δευτέραν παρουσίαν,ΕΣΧΑΤΟΛΟΓΙΑ,ΔΟΞΟΛΟΓΙΑ,Θετικό,0.88,Η εικόνα του ἡλίου τῆς δικαιοσύνης και των δικαίων που λάμπουν ὑπὲρ τὸν ἥλιον αποπνέει εσχατολογική αφύπνιση με έντονα δοξολογικές αποχρώσεις.,,135,
289,Η΄,§52,Εἰς τὰς σεπτὰς καὶ αὖθις θείας ἐντολάς καὶ εἰς τὴν δευτέραν παρουσίαν,ΕΣΧΑΤΟΛΟΓΙΑ,ΚΑΤΗΓΟΡΙΑ,Αρνητικό,0.93,"Η πενταπλή επανάληψη «κόψονται» σκιαγραφεί την αμετάκλητη εσχατολογική καταδίκη των αμαρτωλών-πλουσίων, ενώ η εικόνα της κλεισμένης μετανοίας και η παραβολή της καμήλου εντείνουν τον χαρακτήρα ηθικής επίπληξης.",,135,
290,Η΄,§53,Εἰς τὰς σεπτὰς καὶ αὖθις θείας ἐντολάς καὶ εἰς τὴν δευτέραν παρουσίαν,ΕΣΧΑΤΟΛΟΓΙΑ,ΔΟΞΟΛΟΓΙΑ,Θετικό,0.88,"Η περιγραφή της Δευτέρας Παρουσίας με αφράστῳ δόξῃ, αἴγλῃ πολλῇ και εικόνα ηλίου πολυφώτου προσδίδει έντονο εσχατολογικό χαρακτήρα με θετική φόρτιση που αγγίζει δοξολογία.",,135,
291,Η΄,§54,Εἰς τὰς σεπτὰς καὶ αὖθις θείας ἐντολάς καὶ εἰς τὴν δευτέραν παρουσίαν,ΕΣΧΑΤΟΛΟΓΙΑ,ΔΟΞΟΛΟΓΙΑ,Αρνητικό,0.93,"Η επταπλή επανάληψη «ἐκεῖ» με αναφορές σε θρόνους, βίβλους, πλήθη αγγέλων και ποταμὸν πυρὸς ζωγραφίζει την εσχατολογική σκηνή Δευτέρας Παρουσίας με τρομερό μεγαλείο, ενώ η λειτουργική αίγλη εισάγει δευτερεύουσα δοξολογική νότα.",,135,
292,Η΄,§55,Εἰς τὰς σεπτὰς καὶ αὖθις θείας ἐντολάς καὶ εἰς τὴν δευτέραν παρουσίαν,ΕΣΧΑΤΟΛΟΓΙΑ,ΦΟΒΟΣ_ΘΕΟΥ,Ουδέτερο,0.81,"Η παράγραφος ασχολείται με την ανακαίνιση ή παρέλευση ουρανού και γης κατά τα έσχατα, επικαλούμενη Δαυίδ και ευαγγελικό λόγο, με θεολογική απορία («λέγειν οὐ δύναμαι») και υπόμνηση της παντοδυναμίας Θεού που αποφεύγει πρόωρη καταδίκη — ο τόνος είναι στοχαστικός-εσχατολογικός χωρίς έντονη συναισθηματική φόρτιση.",,135,
293,Η΄,§56,Εἰς τὰς σεπτὰς καὶ αὖθις θείας ἐντολάς καὶ εἰς τὴν δευτέραν παρουσίαν,ΕΣΧΑΤΟΛΟΓΙΑ,ΕΛΠΙΔΑ,Θετικό,0.88,"Η εικόνα του καινού ουρανού και της καινής γης, με τη μεταφορά της λαμπρυνόμενης οικίας κατά τη Δευτέρα Παρουσία, φέρει ισχυρό εσχατολογικό χαρακτήρα με θετική — ανανεωτική — φόρτιση αντί τρόμου.",,136,
294,Η΄,§57,Εἰς τὰς σεπτὰς καὶ αὖθις θείας ἐντολάς καὶ εἰς τὴν δευτέραν παρουσίαν,ΕΣΧΑΤΟΛΟΓΙΑ,ΔΟΞΟΛΟΓΙΑ,Αρνητικό,0.87,"Κοσμολογική περιγραφή τριών επιπέδων ύπαρξης — φως ανέσπερο άνω, χωρίον αμαρτωλών στη μέση, σκότος αφώτιστον κάτω ως καταδίκη διαβόλου — με έντονη εσχατολογική συνείδηση κρίσης και τελικής διαίρεσης.",,136,
295,Η΄,§58,Εἰς τὰς σεπτὰς καὶ αὖθις θείας ἐντολάς καὶ εἰς τὴν δευτέραν παρουσίαν,ΕΣΧΑΤΟΛΟΓΙΑ,ΔΟΞΟΛΟΓΙΑ,Θετικό,0.87,"Η εικόνα της Δευτέρας Παρουσίας ως κοσμικής κάθαρσης και φωτισμού (φῶς ἀνέσπερον, δοξασθήσεται, λαμπρυνθήσεται) αποδίδει εσχατολογικό περιεχόμενο με έντονα δοξολογική θετική φόρτιση.",,136,
296,Η΄,§59,Εἰς τὰς σεπτὰς καὶ αὖθις θείας ἐντολάς καὶ εἰς τὴν δευτέραν παρουσίαν,ΕΣΧΑΤΟΛΟΓΙΑ,ΔΟΞΟΛΟΓΙΑ,Θετικό,0.87,Η οπτασία της Δευτέρας Παρουσίας με τον ένδοξο Σταυρό να εκπέμπει ηλιακές ακτίνες και να κυκλώνεται από αγγέλους συνδυάζει εσχατολογική αφύπνιση με δοξολογικό θαυμασμό μπροστά στο θεϊκό μεγαλείο.,,136,
297,Η΄,§60,Εἰς τὰς σεπτὰς καὶ αὖθις θείας ἐντολάς καὶ εἰς τὴν δευτέραν παρουσίαν,ΕΣΧΑΤΟΛΟΓΙΑ,ΚΑΤΗΓΟΡΙΑ,Αρνητικό,0.95,Ανάσταση και επιστροφή στον ᾅδην των συγκεκριμένων αμαρτωλών — έντονη εσχατολογική κρίση με σαφή κατηγορηματικό χαρακτήρα κατά των διωκτών του Χριστού.,,137,
298,Η΄,§61,Εἰς τὰς σεπτὰς καὶ αὖθις θείας ἐντολάς καὶ εἰς τὴν δευτέραν παρουσίαν,ΕΣΧΑΤΟΛΟΓΙΑ,ΔΟΞΟΛΟΓΙΑ,Αρνητικό,0.87,"Η παράγραφος περιγράφει τη Δευτέρα Παρουσία του Χριστού ως κριτή με έντονα εσχατολογικά σύμβολα (τύλωμα ήλων, λόγχη, ακάνθινος στέφανος, σταυρός στον Γολγοθά), ενώ η αναφορά στην άρρητη δόξα προσδίδει δευτερεύουσα δοξολογική απόχρωση.",,137,
299,Η΄,§62,Εἰς τὰς σεπτὰς καὶ αὖθις θείας ἐντολάς καὶ εἰς τὴν δευτέραν παρουσίαν,ΕΣΧΑΤΟΛΟΓΙΑ,ΜΕΤΑΝΟΙΑ,Αρνητικό,0.83,"Η αναγνώριση των Ιουδαίων κατά τη Δευτέρα Παρουσία — ἄρξονται λέγειν, ἀπετύφλωσε ἡμᾶς ἡ κακία, οὐκ ἔγνωμεν — συνδυάζει εσχατολογικό τρόμο αποκάλυψης της αλήθειας με ψευδομετανοϊκό θρήνο αδυνάτου πλέον διόρθωσης.",,137,
300,Η΄,§63,Εἰς τὰς σεπτὰς καὶ αὖθις θείας ἐντολάς καὶ εἰς τὴν δευτέραν παρουσίαν,ΕΣΧΑΤΟΛΟΓΙΑ,ΜΕΤΑΝΟΙΑ,Αρνητικό,0.93,Η παράγραφος αναπτύσσει με δραματική ένταση την εικόνα της Δευτέρας Παρουσίας όπου η μετάνοια θα είναι πλέον άκαρπη — κλεισθήσεται ὁ χρόνος τῆς μετανοίας — ενώ η αντίθεση λαμπρότητας δικαίων και καταδίκης αμαρτωλών προσδίδει ισχυρή εσχατολογική και κατηγορηματική φόρτιση.,,137,
301,Η΄,§64,Εἰς τὰς σεπτὰς καὶ αὖθις θείας ἐντολάς καὶ εἰς τὴν δευτέραν παρουσίαν,ΕΣΧΑΤΟΛΟΓΙΑ,ΚΑΤΗΓΟΡΙΑ,Αρνητικό,0.91,"Η σκηνή της Δευτέρας Παρουσίας με τον αφορισμό προβάτων και ερίφων αποτυπώνει έντονη εσχατολογική συνείδηση κρίσης, ενώ η ερμηνεία των ερίφων ως αμαρτωλών εισάγει σαφή κατηγορητικό υπόντο.",,137,
302,Η΄,§65,Εἰς τὰς σεπτὰς καὶ αὖθις θείας ἐντολάς καὶ εἰς τὴν δευτέραν παρουσίαν,ΕΣΧΑΤΟΛΟΓΙΑ,ΚΑΤΗΓΟΡΙΑ,Αρνητικό,0.82,"Η σκηνή της Δευτέρας Παρουσίας με τους εκ δεξιών κλείνει σε κατηγορία κατά της ψυχρᾶς προαιρέσεως και ἀφοβίας Θεοῦ, εκτρέποντας την εσχατολογική ελπίδα σε ηθική επίπληξη.",,138,
303,Η΄,§66,Εἰς τὰς σεπτὰς καὶ αὖθις θείας ἐντολάς καὶ εἰς τὴν δευτέραν παρουσίαν,ΕΣΧΑΤΟΛΟΓΙΑ,ΔΟΞΟΛΟΓΙΑ,Θετικό,0.82,"Η σκηνή της Δευτέρας Παρουσίας με τους δικαίους ενώπιον του Κριτή φέρει εσχατολογικό βάρος, ενώ η έκφραση δέους μπροστά στον «βασιλεύοντα μυριάδων αγγέλων» εισάγει δοξολογικό τόνο θετικής φόρτισης.",,138,
304,Η΄,§67,Εἰς τὰς σεπτὰς καὶ αὖθις θείας ἐντολάς καὶ εἰς τὴν δευτέραν παρουσίαν,ΕΣΧΑΤΟΛΟΓΙΑ,ΑΓΑΠΗ,Θετικό,0.82,"Η σκηνή της εσχατολογικής κρίσης (ἐρεῖ ὁ βασιλεύς) λειτουργεί ως αποκάλυψη της αγάπης προς τους ελαχίστους ως κριτήριο σωτηρίας, με θετική φόρτιση που απορρέει από την αναγνώριση της ελεύθερης προαιρέσεως.",,138,
305,Η΄,§68,Εἰς τὰς σεπτὰς καὶ αὖθις θείας ἐντολάς καὶ εἰς τὴν δευτέραν παρουσίαν,ΕΣΧΑΤΟΛΟΓΙΑ,ΚΑΤΗΓΟΡΙΑ,Αρνητικό,0.94,"Η παράθεση της καταδικαστικής απόφασης «Πορεύεσθε ἀπ᾿ ἐμοῦ οἱ κατηραμένοι εἰς τὸ πῦρ τὸ αἰώνιον» συνδυάζεται με ερμηνευτικό έλεγχο των ἀνελεημόνων πιστῶν, δημιουργώντας έντονα αρνητική εσχατολογική φόρτιση με παράλληλο κατηγορικό τόνο.",,138,
306,Η΄,§69,Εἰς τὰς σεπτὰς καὶ αὖθις θείας ἐντολάς καὶ εἰς τὴν δευτέραν παρουσίαν,ΕΣΧΑΤΟΛΟΓΙΑ,ΚΑΤΗΓΟΡΙΑ,Αρνητικό,0.82,Σκηνή Τελικής Κρίσεως με απολογία αμετανόητων που δεν διακόνησαν τον Χριστό στο πρόσωπο των αδελφών — έντονος εσχατολογικός τόνος με υπόρρητη κατηγορία αδιαφορίας.,,139,
307,Η΄,§70,Εἰς τὰς σεπτὰς καὶ αὖθις θείας ἐντολάς καὶ εἰς τὴν δευτέραν παρουσίαν,ΕΣΧΑΤΟΛΟΓΙΑ,ΕΝΤΟΛΗ,Αρνητικό,0.81,"Η σκηνή της Δευτέρας Παρουσίας με την καταδικαστική φράση «οὐδὲ ἐμοὶ ἐποιήσατε» αποτελεί εσχατολογική αφύπνιση, ενώ η θεολογική επεξήγηση για το αὐθαίρετον ως αξιέπαινον εισάγει κανονιστικό διδακτικό τόνο.",,139,
308,Η΄,§71,Εἰς τὰς σεπτὰς καὶ αὖθις θείας ἐντολάς καὶ εἰς τὴν δευτέραν παρουσίαν,ΕΣΧΑΤΟΛΟΓΙΑ,ΚΑΤΗΓΟΡΙΑ,Αρνητικό,0.88,Η παράγραφος συνδυάζει έλεγχο αδιαφορίας προς τους ελαχίστους με εσχατολογική κατάληξη — κόλασιν αἰώνιον / ζωὴν αἰώνιον — που κυριαρχεί ως αφυπνιστικό μοτίβο Δευτέρας Παρουσίας.,,139,
309,Η΄,§72,Εἰς τὰς σεπτὰς καὶ αὖθις θείας ἐντολάς καὶ εἰς τὴν δευτέραν παρουσίαν,ΕΣΧΑΤΟΛΟΓΙΑ,,Αρνητικό,0.96,Θεολογική ανάλυση της αιωνιότητας ζωής και κολάσεως με έμφαση στο ἀτελεύτητον και των δύο — καθαρά εσχατολογικός στοχασμός με αρνητική φόρτιση λόγω της κυρίαρχης παρουσίας της αἰωνίου κολάσεως.,,139,
310,Η΄,§73,Εἰς τὰς σεπτὰς καὶ αὖθις θείας ἐντολάς καὶ εἰς τὴν δευτέραν παρουσίαν,ΕΣΧΑΤΟΛΟΓΙΑ,,Αρνητικό,0.97,"Η παράγραφος αναπτύσσει με δογματική σαφήνεια την αιώνια κόλαση και ζωή μέσω της αντίθεσης κόλασις αἰώνιος / ζωὴ αἰώνιος και της εικόνας του ἀσβέστου πυρός, με κυρίαρχο εσχατολογικό τόνο και αρνητική φόρτιση λόγω της έμφασης στη διαιώνιση της τιμωρίας.",,139,
311,Η΄,§74,Εἰς τὰς σεπτὰς καὶ αὖθις θείας ἐντολάς καὶ εἰς τὴν δευτέραν παρουσίαν,ΕΣΧΑΤΟΛΟΓΙΑ,ΚΑΤΗΓΟΡΙΑ,Αρνητικό,0.91,"Η παράγραφος ερμηνεύει παύλειο χωρίο για αιώνιο πῦρ και κόλαση, κλείνοντας με την αντίθεση κολάσεως–αιωνίου ζωής, με κυρίαρχο τόνο εσχατολογικής κρίσης και δευτερεύοντα ηθικό έλεγχο του ἀδοκίμου ἐργάτη.",,139,
312,Η΄,§75,Εἰς τὰς σεπτὰς καὶ αὖθις θείας ἐντολάς καὶ εἰς τὴν δευτέραν παρουσίαν,ΕΣΧΑΤΟΛΟΓΙΑ,ΜΕΤΑΝΟΙΑ,Αρνητικό,0.82,"Η αλυσίδα των επιθέτων αἰχμάλωτοι, γυμνοί, ξένοι, παρεπίδημοι, ὁδῖται αποδίδει τη συνείδηση της ανθρώπινης αποξένωσης και φθαρτότητας ως αφύπνιση ενώπιον της αιωνιότητας, με δευτερεύουσα κατανυκτική χροιά αυτογνωσίας.",,140,
313,Η΄,§76,Εἰς τὰς σεπτὰς καὶ αὖθις θείας ἐντολάς καὶ εἰς τὴν δευτέραν παρουσίαν,ΕΣΧΑΤΟΛΟΓΙΑ,ΚΑΤΗΓΟΡΙΑ,Αρνητικό,0.82,"Η παράγραφος ελέγχει τη λήθη των αιώνιων αγαθών ('ἀθάνατοι', 'ἐπιλαθόμενοι') ενώ προβάλλει ως τέλος την εσχατολογική ἀπάντησιν τοῦ Χριστοῦ ἐν νεφέλαις και τους ἁγίους θαλάμους, με κυρίαρχη τη συνείδηση του τέλους ως αφύπνιση.",,140,
314,Η΄,§77,Εἰς τὰς σεπτὰς καὶ αὖθις θείας ἐντολάς καὶ εἰς τὴν δευτέραν παρουσίαν,ΕΣΧΑΤΟΛΟΓΙΑ,ΦΟΒΟΣ_ΘΕΟΥ,Αρνητικό,0.95,"Η σαλπιγγά φωνή που διαδονεί ᾅδην, ἄβυσσον και καταχθόνια, με κατάληξη στην επιστροφή των ἁμαρτωλῶν εἰς τὸν ᾅδην, συνθέτει εικόνα Δευτέρας Παρουσίας και κρίσης υψηλής εσχατολογικής και δεοτικής φόρτισης.",,140,
315,Η΄,§78,Εἰς τὰς σεπτὰς καὶ αὖθις θείας ἐντολάς καὶ εἰς τὴν δευτέραν παρουσίαν,ΕΣΧΑΤΟΛΟΓΙΑ,ΔΟΞΟΛΟΓΙΑ,Θετικό,0.81,"Η παράγραφος αναπτύσσει θεολογικό ερώτημα περί Ανάστασης, Άδη και Σταυρού, με εσχατολογικό πυρήνα (ᾅδης, νεκροί, φωνὴ ἐσχάτη), αλλά η δυναμική απολύτρωσης μέσω Σταυρού προσδίδει θετική φόρτιση ελπίδας και δόξας.",,140,
316,Η΄,§79,Εἰς τὰς σεπτὰς καὶ αὖθις θείας ἐντολάς καὶ εἰς τὴν δευτέραν παρουσίαν,ΔΟΞΟΛΟΓΙΑ,ΕΝΤΟΛΗ,Θετικό,0.72,"Η αλυσίδα ρητορικών ερωτημάτων οδηγεί σε θαυμασμό για τη σοφία της Ενανθρώπησης — μυστήριον Τριάδος, ἄφατον ἔλεος — αναδεικνύοντας δοξολογικό θαυμασμό μπροστά στο θεϊκό σχέδιο, με δευτερεύοντα διδακτικό τόνο.",,140,
317,Η΄,§80,Εἰς τὰς σεπτὰς καὶ αὖθις θείας ἐντολάς καὶ εἰς τὴν δευτέραν παρουσίαν,ΚΑΤΗΓΟΡΙΑ,ΕΛΠΙΔΑ,Αρνητικό,0.74,"Ο Νεόφυτος καταγράφει με πικρία την ολιγοπιστία των Ιουδαίων παρά τα μύρια θαύματα και την απόρριψη Χριστού και κηρύκων, ενώ ο κλείων στίχος «μὴ φοβοῦ, τὸ μικρὸν ποίμνιον» εισάγει δευτερευόντως τόνο ελπίδας για τους ολίγους πιστούς.",,140,
318,Η΄,§81,Εἰς τὰς σεπτὰς καὶ αὖθις θείας ἐντολάς καὶ εἰς τὴν δευτέραν παρουσίαν,ΕΣΧΑΤΟΛΟΓΙΑ,ΔΟΞΟΛΟΓΙΑ,Ουδέτερο,0.81,"Η αντιπαραβολή Πρώτης και Δευτέρας Παρουσίας — με κατάβαση στον ᾅδη και ανάσταση πάσης ἐμψύχου φύσεως — αποτελεί κατεξοχήν εσχατολογική διατύπωση, με ανιχνεύσιμη δοξολογική υποτόνια στη θεολογική επιχειρηματολογία υπέρ της Ενσάρκωσης.",,141,
319,Η΄,§82,Εἰς τὰς σεπτὰς καὶ αὖθις θείας ἐντολάς καὶ εἰς τὴν δευτέραν παρουσίαν,ΕΣΧΑΤΟΛΟΓΙΑ,ΕΛΠΙΔΑ,Θετικό,0.88,"Η εικόνα της σάλπιγγας του αρχαγγέλου και της ανάστασης νεκρών εντάσσεται σαφώς στην εσχατολογία, αλλά το εὐφρανθήσονται προσδίδει ελπιδοφόρο, θετικό τόνο αντί δραματικού τρόμου.",,141,
320,Η΄,§83,Εἰς τὰς σεπτὰς καὶ αὖθις θείας ἐντολάς καὶ εἰς τὴν δευτέραν παρουσίαν,ΕΣΧΑΤΟΛΟΓΙΑ,ΕΛΠΙΔΑ,Θετικό,0.91,"Λεπτομερής περιγραφή Ανάστασης και Παρουσίας Κυρίου με έμφαση στη δύναμη Θεού και την αιώνια κοινωνία μετ' Αυτού, με ισχυρή εσχατολογική φόρτιση που αποπνέει ελπίδα παρά δέος.",,141,
321,Η΄,§84,Εἰς τὰς σεπτὰς καὶ αὖθις θείας ἐντολάς καὶ εἰς τὴν δευτέραν παρουσίαν,ΕΣΧΑΤΟΛΟΓΙΑ,ΔΟΞΟΛΟΓΙΑ,Θετικό,0.81,"Η μεταφορά της «χρυσόπολης» και «σῳζόπολης» της Χριστοῦ παρουσίας αποπνέει εσχατολογική έλξη με ενθουσιώδη, σχεδόν δοξολογικό τόνο, καθώς ο λόγος παρουσιάζεται να αδυνατεί να αποσπαστεί από το θέαμα της Δευτέρας Παρουσίας.",,141,
322,Η΄,§85,Εἰς τὰς σεπτὰς καὶ αὖθις θείας ἐντολάς καὶ εἰς τὴν δευτέραν παρουσίαν,ΕΣΧΑΤΟΛΟΓΙΑ,ΕΝΤΟΛΗ,Ουδέτερο,0.72,"Η αναφορά στον ὄγδοο αἰώνα, στη θεία κρίση και στο «Μὴ κρίνετε» συνθέτουν έναν κυρίως εσχατολογικό-διδακτικό τόνο με μεταγλωσσικό, συνοπτικό χαρακτήρα περιεχομένου.",,142,
323,Η΄,§86,Εἰς τὰς σεπτὰς καὶ αὖθις θείας ἐντολάς καὶ εἰς τὴν δευτέραν παρουσίαν,ΕΣΧΑΤΟΛΟΓΙΑ,ΔΟΞΟΛΟΓΙΑ,Αρνητικό,0.91,"Πυκνή συσσώρευση εσχατολογικών εικόνων — Δευτέρα Παρουσία, διαχωρισμός προβάτων/ερίφων, ανάσταση νεκρών, ἐσχάτη σάλπιγξ — με κυρίαρχο τόνο κρίσης και αφύπνισης, αν και η δόξα των δεξιών εισάγει δευτερευόντως δοξολογικό στοιχείο.",,142,
324,Η΄,§87,Εἰς τὰς σεπτὰς καὶ αὖθις θείας ἐντολάς καὶ εἰς τὴν δευτέραν παρουσίαν,ΕΣΧΑΤΟΛΟΓΙΑ,ΕΝΤΟΛΗ,Αρνητικό,0.91,"Η παραβολή των παρθένων ερμηνεύεται εσχατολογικά με έμφαση στο ἄδηλον της Παρουσίας και τη διχοτόμηση δικαίων/ἁμαρτωλῶν, δημιουργώντας έντονο αίσθημα επικείμενης κρίσης.",,142,
325,Η΄,§88,Εἰς τὰς σεπτὰς καὶ αὖθις θείας ἐντολάς καὶ εἰς τὴν δευτέραν παρουσίαν,ΕΣΧΑΤΟΛΟΓΙΑ,ΔΟΞΟΛΟΓΙΑ,Θετικό,0.87,"Η παράγραφος συνδυάζει εσχατολογική αναμονή (ἀναστῆναι, ἁρπαγῆναι, ἀπάντησιν τοῦ νυμφίου, βασιλείαν) με δοξολογική κατάληξη τριαδικής υμνολογίας, με κυρίαρχη θετική φόρτιση ελπίδας και χαράς (θυμηδίας, εὐλογημένης).",,142,
326,Θ΄,§1,Εἰς τὰ ἐπίλοιπα τοῦ Μὴ κρίνετε καὶ εἰς τὰς λοιπὰς θείας ἐντολάς,ΔΟΞΟΛΟΓΙΑ,ΕΝΤΟΛΗ,Θετικό,0.74,"Η παράγραφος ανοίγει με τριπλή δοξολογική επίκληση στον ἀγαθὸν Θεό και εκφράζει ευχή φωτισμού από τα ουράνια τάγματα, με τόνο ευχαριστίας και αγαλλίασης, ενώ η αναφορά στις εντολές («Μὴ κρίνετε») εισάγει δευτερευόντως κανονιστικό χαρακτήρα.",,143,
327,Θ΄,§2,Εἰς τὰ ἐπίλοιπα τοῦ Μὴ κρίνετε καὶ εἰς τὰς λοιπὰς θείας ἐντολάς,ΚΑΤΗΓΟΡΙΑ,ΕΝΤΟΛΗ,Αρνητικό,0.91,"Η ευαγγελική ρήση με την κορυφαία λέξη «ὑποκριτά» και η αντίθεση κάρφους–δοκοῦ αποτελούν οξεία ηθική επίπληξη κατά της αυτοδικαιοσύνης, με δευτερεύοντα κανονιστικό τόνο στην προστακτική «ἔκβαλε πρῶτον».",,143,
328,Θ΄,§3,Εἰς τὰ ἐπίλοιπα τοῦ Μὴ κρίνετε καὶ εἰς τὰς λοιπὰς θείας ἐντολάς,ΚΑΤΗΓΟΡΙΑ,ΕΝΤΟΛΗ,Αρνητικό,0.91,"Ο Νεόφυτος αξιοποιεί την ευαγγελική εικόνα κάρφους–δοκοῦ για να στηλιτεύσει με οξύτητα την υποκριτική αυτοδικαιοσύνη των κρινόντων, απευθύνοντας αυστηρή ηθική επίπληξη στους άρχοντες–κριτές που αδιαφορούν για τις ίδιες τους τις αμαρτίες.",,143,
329,Θ΄,§4,Εἰς τὰ ἐπίλοιπα τοῦ Μὴ κρίνετε καὶ εἰς τὰς λοιπὰς θείας ἐντολάς,ΚΑΤΗΓΟΡΙΑ,ΦΟΒΟΣ_ΘΕΟΥ,Αρνητικό,0.87,"Δριμεία επίπληξη προς τους άρχοντες που κρίνουν αλλότρια αμαρτήματα ενώ φέρουν δοκόν ιδίαν, με ταυτόχρονη πρόσκληση σε ιερό δέος ενόψει της Κρίσεως (φοβεῖσθαι καὶ τρέμειν).",,143,
330,Θ΄,§5,Εἰς τὰ ἐπίλοιπα τοῦ Μὴ κρίνετε καὶ εἰς τὰς λοιπὰς θείας ἐντολάς,ΕΣΧΑΤΟΛΟΓΙΑ,ΚΑΤΗΓΟΡΙΑ,Αρνητικό,0.83,"Η ρητορική ερώτηση του Χριστού περί λογοδοσίας ποιμένων και αρχόντων φέρει ισχυρό εσχατολογικό τόνο κρίσης και απαίτησης ευθύνης, ενισχυμένο από αυστηρή κατηγορία κατά αδόκιμων ποιμένων.",,144,
331,Θ΄,§6,Εἰς τὰ ἐπίλοιπα τοῦ Μὴ κρίνετε καὶ εἰς τὰς λοιπὰς θείας ἐντολάς,ΚΑΤΗΓΟΡΙΑ,ΕΝΤΟΛΗ,Αρνητικό,0.88,Οξεία καταγγελία δυσσεβών αρχόντων και ψευδωνύμων ιερέων με ιστορικά παραδείγματα ψευδοπροφητών — έντονος ελεγκτικός τόνος υψηλής αρνητικής φόρτισης.,,144,
332,Θ΄,§7,Εἰς τὰ ἐπίλοιπα τοῦ Μὴ κρίνετε καὶ εἰς τὰς λοιπὰς θείας ἐντολάς,ΚΑΤΗΓΟΡΙΑ,ΕΝΤΟΛΗ,Αρνητικό,0.87,"Αυστηρός έλεγχος αδίκων ποιμένων-αρχόντων που εκμεταλλεύονται τους αρχομένους, με εικόνες λύκων και πλεονεξίας, συνδυασμένος με κανονιστικές εντολές δικαιοσύνης.",,144,
333,Θ΄,§8,Εἰς τὰ ἐπίλοιπα τοῦ Μὴ κρίνετε καὶ εἰς τὰς λοιπὰς θείας ἐντολάς,ΕΝΤΟΛΗ,ΚΑΤΗΓΟΡΙΑ,Αρνητικό,0.74,"Διδακτική παράθεση πατερικών και βιβλικών αρχών περί γλώσσης και κρίσης με κανονιστικό χαρακτήρα, ενισχυμένο από εικόνες ψυχικού θανάτου και ηθικής επίπληξης κατά των κατακρινόντων.",,144,
334,Θ΄,§9,Εἰς τὰ ἐπίλοιπα τοῦ Μὴ κρίνετε καὶ εἰς τὰς λοιπὰς θείας ἐντολάς,ΕΝΤΟΛΗ,ΑΓΑΠΗ,Ουδέτερο,0.81,"Κανονιστική διάκριση μεταξύ ἐλέγχου και κατακρίσεως με διπλή προστακτική (ἐλέγξεις, ἔλεγξον, ἐπιτίμησον) — διδακτικός τόνος που κλείνει με μνεία θυσιαστικής αγάπης του Δεσπότου.",,144,
335,Θ΄,§10,Εἰς τὰ ἐπίλοιπα τοῦ Μὴ κρίνετε καὶ εἰς τὰς λοιπὰς θείας ἐντολάς,ΚΑΤΗΓΟΡΙΑ,ΕΣΧΑΤΟΛΟΓΙΑ,Αρνητικό,0.87,"Ο συγγραφέας επιπλήττει αυστηρά την παθητικότητα απέναντι στην αμαρτία, επικαλούμενος την αιώνια κόλαση ως επιχείρημα ηθικής ευθύνης για επίπληξη.",,145,
336,Θ΄,§11,Εἰς τὰ ἐπίλοιπα τοῦ Μὴ κρίνετε καὶ εἰς τὰς λοιπὰς θείας ἐντολάς,ΚΑΤΗΓΟΡΙΑ,ΕΝΤΟΛΗ,Αρνητικό,0.87,Αυστηρός έλεγχος εκκλησιαστικών και κοσμικών αρχόντων που καταχρώνται εξουσίας — παραδείγματα από Χρυσόστομο και κανόνες ως ηθικό αντίβαρο στη δικαστική αδικία.,,145,
337,Θ΄,§12,Εἰς τὰ ἐπίλοιπα τοῦ Μὴ κρίνετε καὶ εἰς τὰς λοιπὰς θείας ἐντολάς,ΑΓΑΠΗ,ΚΑΤΗΓΟΡΙΑ,Θετικό,0.81,"Ο εὔσπλαγχνος Σωτήρ αντιτίθεται στη σκληρότητα των Ἰουδαίων με κρίση οίκτου, αποφεύγοντας την καταδίκη της μοιχαλίδας — θεϊκή αγάπη που υπερβαίνει τον νόμο, με δευτερεύουσα κατηγορία έναντι της υποκρισίας των κατηγόρων.",,145,
338,Θ΄,§13,Εἰς τὰ ἐπίλοιπα τοῦ Μὴ κρίνετε καὶ εἰς τὰς λοιπὰς θείας ἐντολάς,ΕΝΤΟΛΗ,ΚΑΤΗΓΟΡΙΑ,Αρνητικό,0.87,"Κυριαρχεί ο κανονιστικός τόνος με αλυσίδα αρνητικών και θετικών προστακτικών (μὴ κρίνετε, ἔκβαλε), ενώ η εικόνα κάρφους/δοκοῦ και η προσφώνηση ὑποκριτά εισάγουν δευτερεύουσα ηθική επίπληξη.",,145,
339,Θ΄,§14,Εἰς τὰ ἐπίλοιπα τοῦ Μὴ κρίνετε καὶ εἰς τὰς λοιπὰς θείας ἐντολάς,ΕΝΤΟΛΗ,ΚΑΤΗΓΟΡΙΑ,Ουδέτερο,0.74,"Ο Νεόφυτος ερμηνεύει διδακτικά το παυλικό ρητό για νηστεία, αντικρούοντας παρερμηνεία με κανονιστικό-επεξηγηματικό τόνο, ενώ παράλληλα υπονοεί κατηγορία κατά εκείνων που κρίνουν και καταθλίβουν αδελφούς.",,145,
340,Θ΄,§15,Εἰς τὰ ἐπίλοιπα τοῦ Μὴ κρίνετε καὶ εἰς τὰς λοιπὰς θείας ἐντολάς,ΕΝΤΟΛΗ,ΚΑΤΗΓΟΡΙΑ,Ουδέτερο,0.74,"Η παράγραφος αναπτύσσει ερμηνευτικά-κανονιστικό λόγο γύρω από την εντολή «μὴ κρίνετε», με διδακτική έκθεση του ζητήματος κρίσης/εξουθένωσης μεταξύ πιστών, ενώ δευτερευόντως διαφαίνεται ήπια επίπληξη κατά της αλληλοκατάκρισης.",,146,
341,Θ΄,§16,Εἰς τὰ ἐπίλοιπα τοῦ Μὴ κρίνετε καὶ εἰς τὰς λοιπὰς θείας ἐντολάς,ΕΝΤΟΛΗ,ΚΑΤΗΓΟΡΙΑ,Ουδέτερο,0.82,"Ερμηνευτική ανάπτυξη ευαγγελικής εντολής με σαφή κανονιστικό τόνο (μὴ δῶτε, μηδὲ βάλητε) και διάκριση πιστών–απίστων που αγγίζει το κατηγορικό στοιχείο (κύνας, χοίρους).",,146,
342,Θ΄,§17,Εἰς τὰ ἐπίλοιπα τοῦ Μὴ κρίνετε καὶ εἰς τὰς λοιπὰς θείας ἐντολάς,ΚΑΤΗΓΟΡΙΑ,ΕΝΤΟΛΗ,Αρνητικό,0.91,"Η εκτεταμένη αλληγορία χοίρων-μαργαριτών λειτουργεί ως δριμεία ηθική επίπληξη κατά εκείνων που απορρίπτουν τα θεία μυστήρια, κορυφούμενη στην παραβολή με την προδοσία του Ιούδα.",,146,
343,Θ΄,§18,Εἰς τὰ ἐπίλοιπα τοῦ Μὴ κρίνετε καὶ εἰς τὰς λοιπὰς θείας ἐντολάς,ΕΝΤΟΛΗ,ΚΑΤΗΓΟΡΙΑ,Αρνητικό,0.38,"Το απόσπασμα είναι υπερβολικά αποκομμένο (εντός αγκύλης) για ασφαλή κατηγοριοποίηση, ωστόσο η εικόνα των μαργαριτών ἔμπροσθεν ανακαλεί τη γνωστή ευαγγελική εντολή (Μτ 7:6) με υπόρρητη κατηγορηματική απαγόρευση.",,147,
344,Θ΄,§19,Εἰς τὰ ἐπίλοιπα τοῦ Μὴ κρίνετε καὶ εἰς τὰς λοιπὰς θείας ἐντολάς,ΕΝΤΟΛΗ,ΕΣΧΑΤΟΛΟΓΙΑ,Θετικό,0.72,"Η παραβολή του μαργαρίτη αναπτύσσεται διδακτικά ως κανονιστική προτροπή αποταγής υλικών αγαθών, με εσχατολογική υποβόσκουσα ματαιότητα («τὰ πάντα εἰς τὸν χοῦν ἐπιστρέφουσι»), ενώ ο θαυμασμός «μακάριος καὶ τρισμακάριος» προσδίδει ελαφρά θετική φόρτιση.",,147,
345,Θ΄,§20,Εἰς τὰ ἐπίλοιπα τοῦ Μὴ κρίνετε καὶ εἰς τὰς λοιπὰς θείας ἐντολάς,ΚΑΤΗΓΟΡΙΑ,ΕΝΤΟΛΗ,Αρνητικό,0.81,"Η ρητορική ερώτηση στο κλείσιμο («τί λοιπὸν ἄλλο τῶν ὑλικῶν προσκαίρων τινὶ ὀνήσειεν ἄν;») συνιστά έλεγχο της προσκόλλησης στα υλικά αγαθά, με την εκτενή απαρίθμηση πολύτιμων λίθων να λειτουργεί ως αποδεικτικό υπόβαθρο της ματαιότητάς τους.",,147,
346,Θ΄,§21,Εἰς τὰ ἐπίλοιπα τοῦ Μὴ κρίνετε καὶ εἰς τὰς λοιπὰς θείας ἐντολάς,ΔΟΞΟΛΟΓΙΑ,ΚΑΤΗΓΟΡΙΑ,Ουδέτερο,0.32,"Το κείμενο είναι κυρίως φυσιογνωστική-ιατρική περιγραφή λίθων με σχόλια για θεραπευτικές ιδιότητες και ελαφρά ειρωνική παρένθεση, χωρίς σαφή θεολογικό-συναισθηματικό χαρακτήρα που να εντάσσεται καθαρά σε κάποια από τις TEC κατηγορίες.",,147,
347,Θ΄,§22,Εἰς τὰ ἐπίλοιπα τοῦ Μὴ κρίνετε καὶ εἰς τὰς λοιπὰς θείας ἐντολάς,ΑΓΑΠΗ,ΕΝΤΟΛΗ,Θετικό,0.83,"Το δαβιδικό παράθεμα «ἠγάπησα τὰς ἐντολάς σου ὑπὲρ χρυσίον καὶ τοπάζιον» εκφράζει θερμή, υπερβολική αγάπη προς τις θεϊκές εντολές, υπερβαίνοντας τον απλώς κανονιστικό τόνο.",,147,
348,Θ΄,§23,Εἰς τὰ ἐπίλοιπα τοῦ Μὴ κρίνετε καὶ εἰς τὰς λοιπὰς θείας ἐντολάς,ΕΝΤΟΛΗ,ΔΟΞΟΛΟΓΙΑ,Ουδέτερο,0.52,"Η παράγραφος είναι κυρίως περιγραφική-διδακτική, καταλογογραφώντας ιδιότητες πολύτιμων λίθων με ουδέτερο τόνο, χωρίς εμφανές θεολογικό συναίσθημα, αν και εντάσσεται σε ευρύτερο πλαίσιο θαυμασμού για τη θεϊκή δημιουργία.",,147,
349,Θ΄,§24,Εἰς τὰ ἐπίλοιπα τοῦ Μὴ κρίνετε καὶ εἰς τὰς λοιπὰς θείας ἐντολάς,ΕΝΤΟΛΗ,ΔΟΞΟΛΟΓΙΑ,Ουδέτερο,0.61,"Διδακτική-ερμηνευτική παράγραφος με γεωγραφικές και εξηγητικές πληροφορίες για τον Παράδεισο κατά Μωσή, χωρίς έντονη συναισθηματική φόρτιση, αλλά με υποβόσκουσα αναφορά στη θεϊκή δημιουργία.",,148,
350,Θ΄,§25,Εἰς τὰ ἐπίλοιπα τοῦ Μὴ κρίνετε καὶ εἰς τὰς λοιπὰς θείας ἐντολάς,ΔΟΞΟΛΟΓΙΑ,ΦΟΒΟΣ_ΘΕΟΥ,Θετικό,0.82,"Η ρητορική ερώτηση «τίς νουνεχῶς βλέπων οὐ δοξάζει τὸν κτίστην» και η αναφορά στο κάλλος και μέγεθος των κτισμάτων ως οδός θεογνωσίας αποπνέουν αυθόρμητη δοξολογική αγαλλίαση, ενώ η εικόνα του ακρογωνιαίου λίθου ενισχύει το θαυμαστὴ ἐν ὀφθαλμοῖς ἡμῶν με δευτερεύον ιερό δέος.",,148,
351,Θ΄,§26,Εἰς τὰ ἐπίλοιπα τοῦ Μὴ κρίνετε καὶ εἰς τὰς λοιπὰς θείας ἐντολάς,ΔΟΞΟΛΟΓΙΑ,ΕΣΧΑΤΟΛΟΓΙΑ,Θετικό,0.72,"Η πολλαπλή συσσώρευση χριστολογικών τίτλων (λίθος, ἄνθραξ, σάμφειρος, ἴασπις, πέτρα ζωῆς) δημιουργεί ύμνο ανακεφαλαίωσης του μεγαλείου του Χριστού, με δευτερεύουσα εσχατολογική φόρτιση στην εικόνα του λικμήσει.",,148,
352,Θ΄,§27,Εἰς τὰ ἐπίλοιπα τοῦ Μὴ κρίνετε καὶ εἰς τὰς λοιπὰς θείας ἐντολάς,ΔΟΞΟΛΟΓΙΑ,ΕΝΤΟΛΗ,Θετικό,0.61,"Η προσφώνηση φιλήκοοι καὶ φιλόστοργοι και η θαυμαστική παρουσίαση της ασύγκριτης διαφοράς των λίθων παραπέμπουν σε δοξολογικό-διδακτικό τόνο, αν και κυριαρχεί η κατηγοριολογική έκθεση.",,148,
353,Θ΄,§28,Εἰς τὰ ἐπίλοιπα τοῦ Μὴ κρίνετε καὶ εἰς τὰς λοιπὰς θείας ἐντολάς,ΔΟΞΟΛΟΓΙΑ,ΕΝΤΟΛΗ,Θετικό,0.74,"Η εικόνα του ακρογωνιαίου λίθου που πληροί πᾶσαν τὴν γῆν και είναι προσιτός σε όλους δίχως χρήματα, μόνο διά καθαρότητος βίου, εκφράζει αγαλλίαση μπροστά στο θεϊκό μεγαλείο και οικουμενικότητα του Χριστού, με δευτερεύοντα κανονιστικό τόνο στη φυλακὴ ἐντολῶν.",,149,
354,Θ΄,§29,Εἰς τὰ ἐπίλοιπα τοῦ Μὴ κρίνετε καὶ εἰς τὰς λοιπὰς θείας ἐντολάς,ΕΛΠΙΔΑ,ΕΣΧΑΤΟΛΟΓΙΑ,Θετικό,0.82,"Η εικόνα της ουράνιας πόλης με θεμέλια σαπφείρου και πύλες κρυστάλλου (Ησ. 54) αναπτύσσει ζωηρή εσχατολογική ελπίδα μεταμόρφωσης σε «λίθον ἐκλεκτόν», με κυρίαρχο τόνο υπόσχεσης και παρηγοριάς.",,149,
355,Θ΄,§30,Εἰς τὰ ἐπίλοιπα τοῦ Μὴ κρίνετε καὶ εἰς τὰς λοιπὰς θείας ἐντολάς,ΕΝΤΟΛΗ,ΔΟΞΟΛΟΓΙΑ,Ουδέτερο,0.62,"Μεταβατική-διδακτική παράγραφος με κανονιστικό τόνο επαναφοράς στο θέμα, με στοιχεία χαρούμενης περιπλάνησης ανά τον κόσμο που προσδίδουν ήπια θετική χροιά.",,149,
356,Θ΄,§31,Εἰς τὰ ἐπίλοιπα τοῦ Μὴ κρίνετε καὶ εἰς τὰς λοιπὰς θείας ἐντολάς,ΔΟΞΟΛΟΓΙΑ,ΕΣΧΑΤΟΛΟΓΙΑ,Θετικό,0.72,"Ο σκοπός της ερώτησης για τους ποταμούς του Παραδείσου είναι ρητά δοξολογικός («ἵνα κἀντεῦθε Θεὸς δοξασθῇ») και αναγωγικός στο μέγεθος του θείου παραδείσου, με εσχατολογική χροιά στην αναφορά στον τόπο εκείνον.",,149,
357,Θ΄,§32,Εἰς τὰ ἐπίλοιπα τοῦ Μὴ κρίνετε καὶ εἰς τὰς λοιπὰς θείας ἐντολάς,ΕΝΤΟΛΗ,ΔΟΞΟΛΟΓΙΑ,Ουδέτερο,0.62,"Μεταδιδακτική μεταβατική φράση με κανονιστικό-διδακτικό τόνο, με μόνη συναισθηματική χροιά την αναφορά εἰς δόξαν Θεοῦ που υπαινίσσεται δοξολογική διάθεση.",,149,
358,Θ΄,§33,Εἰς τὰ ἐπίλοιπα τοῦ Μὴ κρίνετε καὶ εἰς τὰς λοιπὰς θείας ἐντολάς,ΕΝΤΟΛΗ,,Ουδέτερο,0.61,"Αμιγώς γεωγραφική-εγκυκλοπαιδική περιγραφή των τεσσάρων ποταμών του Παραδείσου με διδακτικό-κανονιστικό τόνο έκθεσης πληροφορίας, χωρίς ανιχνεύσιμη συναισθηματική φόρτιση.",,149,
359,Θ΄,§34,Εἰς τὰ ἐπίλοιπα τοῦ Μὴ κρίνετε καὶ εἰς τὰς λοιπὰς θείας ἐντολάς,ΕΝΤΟΛΗ,ΑΓΑΠΗ,Ουδέτερο,0.52,"Μεταλογοτεχνική παρένθεση όπου ο συγγραφέας απευθύνεται στον «λόγο» του με διδακτική πρόθεση επιστροφής στο θέμα, χωρίς έντονη συναισθηματική φόρτιση, αλλά με ήπια εγγύτητα στον αναγνώστη.",,150,
360,Θ΄,§35,Εἰς τὰ ἐπίλοιπα τοῦ Μὴ κρίνετε καὶ εἰς τὰς λοιπὰς θείας ἐντολάς,ΕΝΤΟΛΗ,ΔΟΞΟΛΟΓΙΑ,Ουδέτερο,0.72,"Ο συγγραφέας αναπτύσσει μεθοδικά τη διδακτική ερμηνεία των μαργαριτών ως μετάβαση από τα υλικά στον άϋλο ακρογωνιαίο λίθο, με καθαρά κανονιστικό-ερμηνευτικό τόνο και ελάχιστη συναισθηματική φόρτιση.",,150,
361,Θ΄,§36,Εἰς τὰ ἐπίλοιπα τοῦ Μὴ κρίνετε καὶ εἰς τὰς λοιπὰς θείας ἐντολάς,ΕΣΧΑΤΟΛΟΓΙΑ,ΔΟΞΟΛΟΓΙΑ,Θετικό,0.72,"Ο Νεόφυτος παρουσιάζει ολόκληρο τον ορατό κόσμο ως εικόνες και τύπους των μελλόντων, υπογραμμίζοντας την εσχατολογική διάσταση της δημιουργίας με θετική, δοξολογική υποτόνωση.",,150,
362,Θ΄,§37,Εἰς τὰ ἐπίλοιπα τοῦ Μὴ κρίνετε καὶ εἰς τὰς λοιπὰς θείας ἐντολάς,ΔΟΞΟΛΟΓΙΑ,ΕΣΧΑΤΟΛΟΓΙΑ,Θετικό,0.78,"Η εικόνα του Χριστού ως «ἀληθοῦς μαργαρίτου καὶ μαργαριτῶν ποιητοῦ» και η ανάδειξη του «ὑπερτίμου καὶ σοφοῦ καὶ παναγίου» των εντολών του συνθέτουν έναν ύμνο θαυμασμού και δόξας, με εσχατολογική υπόρρητη διάσταση στη φανέρωση επ᾿ ἐσχάτων.",,150,
363,Θ΄,§38,Εἰς τὰ ἐπίλοιπα τοῦ Μὴ κρίνετε καὶ εἰς τὰς λοιπὰς θείας ἐντολάς,ΕΛΠΙΔΑ,ΔΟΞΟΛΟΓΙΑ,Θετικό,0.81,"Η εικόνα του πολυτίμου μαργαρίτου ως εντολών Χριστού και ο κατάλογος αγίων που τις απέκτησαν αναδεικνύουν τη βεβαιότητα εισόδου στη βασιλεία ως ζωντανή ελπίδα, με υπόρρητη αγαλλίαση στη δόξα των δικαίων.",,150,
364,Θ΄,§39,Εἰς τὰ ἐπίλοιπα τοῦ Μὴ κρίνετε καὶ εἰς τὰς λοιπὰς θείας ἐντολάς,ΕΝΤΟΛΗ,ΔΟΞΟΛΟΓΙΑ,Θετικό,0.78,"Η απαρίθμηση αρετών ως «μαργαρίτες» έχει κανονιστικό-διδακτικό πυρήνα, αλλά η εικόνα του πλούτου και των τιμίων μαργαριτών προσδίδει αγαλλίαση που αγγίζει τη Δοξολογία.",,151,
365,Θ΄,§40,Εἰς τὰ ἐπίλοιπα τοῦ Μὴ κρίνετε καὶ εἰς τὰς λοιπὰς θείας ἐντολάς,ΔΟΞΟΛΟΓΙΑ,ΕΝΤΟΛΗ,Θετικό,0.72,"Το κείμενο εξυμνεί τις θείες εντολές ως «ζωηροὺς μαργαρίτας» και το Άγιο Πνεύμα ως κοινή πηγή θεόπνευστων λόγων, εκφράζοντας αγαλλίαση για τη θεϊκή σοφία περισσότερο από διδακτική ή κανονιστική πρόθεση.",,151,
366,Θ΄,§41,Εἰς τὰ ἐπίλοιπα τοῦ Μὴ κρίνετε καὶ εἰς τὰς λοιπὰς θείας ἐντολάς,ΔΟΞΟΛΟΓΙΑ,ΕΝΤΟΛΗ,Θετικό,0.78,"Η μεταφορά του ιερού υφάσματος με μαργαρίτες και νοητούς χιτώνες αποπνέει αγαλλίαση και θαυμασμό για τη θεία διδασκαλία, ενώ η αναφορά στις εντολές ως θεϊκό ιστό εντάσσει και διδακτικό τόνο.",,151,
367,Θ΄,§42,Εἰς τὰ ἐπίλοιπα τοῦ Μὴ κρίνετε καὶ εἰς τὰς λοιπὰς θείας ἐντολάς,ΕΝΤΟΛΗ,ΕΛΠΙΔΑ,Θετικό,0.78,"Η παράγραφος συνυφαίνει σαφείς προστακτικές εντολές (Μὴ δῶτε, Αἰτεῖτε, ζητεῖτε, κρούετε) με θεμελιώδη εμπιστοσύνη στην πατρική γενναιοδωρία του ουρανίου Πατρός, γεγονός που προσδίδει ελπιδοφόρο και θετικά φορτισμένο χαρακτήρα στο σύνολο του αποσπάσματος.",,151,
368,Θ΄,§43,Εἰς τὰ ἐπίλοιπα τοῦ Μὴ κρίνετε καὶ εἰς τὰς λοιπὰς θείας ἐντολάς,ΕΝΤΟΛΗ,,Ουδέτερο,0.91,Μεταβατική παράγραφος με άμεση παράθεση της χρυσής εντολής («ποιεῖτε αὐτοῖς») και μεταδιδακτική πλαισίωση — καθαρά κανονιστικός τόνος χωρίς συναισθηματική φόρτιση.,,151,
369,Θ΄,§44,Εἰς τὰ ἐπίλοιπα τοῦ Μὴ κρίνετε καὶ εἰς τὰς λοιπὰς θείας ἐντολάς,ΕΛΠΙΔΑ,ΕΝΤΟΛΗ,Θετικό,0.81,"Η υποθετική εικόνα κόσμου-επίγειου ουρανού, με ανθρώπους «θεοὺς κατὰ μέθεξιν» και Θεὸν παρόντα μεταξύ τους, εκπέμπει έντονα εσχατολογική-αισιόδοξη παρηγοριά που αγγίζει ελπίδα, ενώ το πλαίσιο παραμένει κανονιστικό.",,151,
370,Θ΄,§45,Εἰς τὰ ἐπίλοιπα τοῦ Μὴ κρίνετε καὶ εἰς τὰς λοιπὰς θείας ἐντολάς,ΚΑΤΗΓΟΡΙΑ,ΕΣΧΑΤΟΛΟΓΙΑ,Αρνητικό,0.91,"Το αναστεναγμός οἴμοι, η εικόνα πελάγους και χειμώνα, και η σειρά βιβλικών απειλών (μάχαιρα, εμπαίκτες άρχοντες) συνθέτουν οξεία ηθική επίπληξη για την αποστασία του λαού από τις θείες εντολές.",,152,
371,Θ΄,§46,Εἰς τὰ ἐπίλοιπα τοῦ Μὴ κρίνετε καὶ εἰς τὰς λοιπὰς θείας ἐντολάς,ΕΝΤΟΛΗ,ΑΓΑΠΗ,Ουδέτερο,0.88,"Η «χρυσή αρχή» αναπτύσσεται με διπλή συλλογιστική δομή (θέλομεν/ὀφείλομεν) σε καθαρά κανονιστικό τόνο, με υπόρρητη αγάπη προς τον πλησίον ως υποκείμενη αξία.",,152,
372,Θ΄,§47,Εἰς τὰ ἐπίλοιπα τοῦ Μὴ κρίνετε καὶ εἰς τὰς λοιπὰς θείας ἐντολάς,ΕΝΤΟΛΗ,ΚΑΤΗΓΟΡΙΑ,Ουδέτερο,0.81,"Ο συγγραφέας αναπτύσσει διδακτικά και συστηματικά την χρυσή αρχή ηθικής αμοιβαιότητας μέσω τριών πρακτικών παραδειγμάτων (κλέπτης, πλεονέκτης, μοιχός), με κυρίαρχα κανονιστικό-επεξηγηματικό τόνο και δευτερευόντως ελεγκτική χροιά.",,152,
373,Θ΄,§48,Εἰς τὰ ἐπίλοιπα τοῦ Μὴ κρίνετε καὶ εἰς τὰς λοιπὰς θείας ἐντολάς,ΕΝΤΟΛΗ,ΑΓΑΠΗ,Θετικό,0.82,"Η παράγραφος εκθέτει συστηματικά τις δύο μεγάλες εντολές αγάπης με κανονιστικό-διδακτικό τόνο, ενώ η εικόνα του «λιμένος ευδίου» και του «παραδείσου» προσδίδει θετική συναισθηματική φόρτιση που αγγίζει και την κατηγορία ΑΓΑΠΗ.",,152,
374,Θ΄,§49,Εἰς τὰ ἐπίλοιπα τοῦ Μὴ κρίνετε καὶ εἰς τὰς λοιπὰς θείας ἐντολάς,ΕΝΤΟΛΗ,ΑΓΑΠΗ,Ουδέτερο,0.78,"Κυριαρχεί ο κανονιστικός-διδακτικός τόνος με ανάλυση της σύνθεσης των εντολών, ενώ η αναφορά στην αγάπη προς τον Κύριο με ὅλῃ διανοίᾳ καὶ ψυχῇ καὶ καρδίᾳ εισάγει δευτερευόντως τη θεματική της ΑΓΑΠΗΣ.",,153,
375,Θ΄,§50,Εἰς τὰ ἐπίλοιπα τοῦ Μὴ κρίνετε καὶ εἰς τὰς λοιπὰς θείας ἐντολάς,ΚΑΤΗΓΟΡΙΑ,ΕΝΤΟΛΗ,Αρνητικό,0.82,"Η ρητορική ερώτηση «πῶς τολμῶσι» και η εικόνα του προδότη βασιλέως αποτελούν έντονο έλεγχο κατά όσων ισχυρίζονται ότι αγαπούν τον Θεό ενώ πράττουν πονηρά, με τα εντολολογικά παραθέματα να λειτουργούν ως κανονιστικό αντιστάθμισμα.",,153,
376,Θ΄,§51,Εἰς τὰ ἐπίλοιπα τοῦ Μὴ κρίνετε καὶ εἰς τὰς λοιπὰς θείας ἐντολάς,ΕΝΤΟΛΗ,ΕΣΧΑΤΟΛΟΓΙΑ,Αρνητικό,0.74,"Ο Νεόφυτος ερμηνεύει διδακτικά την εντολή της στενής πύλης με εκτεταμένη αλληγορία κινδύνων (παγίδες, λῃσταί, κρημνοί, θηρία), προσδίδοντας κανονιστικό τόνο με έντονη αρνητική εσχατολογική φόρτιση.",,153,
377,Θ΄,§52,Εἰς τὰ ἐπίλοιπα τοῦ Μὴ κρίνετε καὶ εἰς τὰς λοιπὰς θείας ἐντολάς,ΕΣΧΑΤΟΛΟΓΙΑ,ΚΑΤΗΓΟΡΙΑ,Αρνητικό,0.88,"Η εικόνα των δύο οδών με έμφαση στην εὐρύχωρον ὁδὸν ἀπώλειας και τα φορτία αμαρτημάτων ως «ξύλα και άχυρα, πυρὸς ἀναλώματα» δημιουργεί έντονη εσχατολογική αφύπνιση με παράλληλο ελεγκτικό τόνο κατά των πολλών που επιλέγουν την απώλεια.",,153,
378,Θ΄,§53,Εἰς τὰ ἐπίλοιπα τοῦ Μὴ κρίνετε καὶ εἰς τὰς λοιπὰς θείας ἐντολάς,ΕΣΧΑΤΟΛΟΓΙΑ,ΕΝΤΟΛΗ,Αρνητικό,0.85,"Η αντιπαράθεση πλατείας ὁδοῦ/ἀπώλειας και στενῆς πύλης/ζωῆς λειτουργεί ως εσχατολογική αφύπνιση με έμφαση στο ὀλίγοι εὑρίσκοντες, ενώ ο ερμηνευτικός τόνος φέρει διδακτική χροιά.",,153,
379,Θ΄,§54,Εἰς τὰ ἐπίλοιπα τοῦ Μὴ κρίνετε καὶ εἰς τὰς λοιπὰς θείας ἐντολάς,ΕΝΤΟΛΗ,ΕΣΧΑΤΟΛΟΓΙΑ,Ουδέτερο,0.72,Ρητορική ερώτηση που εξετάζει διδακτικά την αντίθεση στενής/πλατείας οδού — κανονιστικός-διδακτικός τόνος με εσχατολογική υποδήλωση της ζωής ως τέλους.,,154,
380,Θ΄,§55,Εἰς τὰ ἐπίλοιπα τοῦ Μὴ κρίνετε καὶ εἰς τὰς λοιπὰς θείας ἐντολάς,ΚΑΤΗΓΟΡΙΑ,ΕΝΤΟΛΗ,Αρνητικό,0.88,"Ο Νεόφυτος στηλιτεύει με έντονη σαρκαστική διάθεση τους αμαρτωλούς παρομοιάζοντάς τους με ζώα (κύνες, λύκοι, χοῖροι), αναπτύσσοντας μια αυστηρή ηθική επίπληξη κατά της πλατείας ὁδοῦ της αμαρτίας.",,154,
381,Θ΄,§56,Εἰς τὰ ἐπίλοιπα τοῦ Μὴ κρίνετε καὶ εἰς τὰς λοιπὰς θείας ἐντολάς,ΕΣΧΑΤΟΛΟΓΙΑ,ΚΑΤΗΓΟΡΙΑ,Αρνητικό,0.88,Τριπλή ρητορική ερώτηση με εικόνες ακαθαρσίας/σκότους αποκλεισμένες από αθάνατη ζωή αποτυπώνει εσχατολογική κρίση διαχωρισμού με έντονη κατηγορηματική φόρτιση.,,154,
382,Θ΄,§57,Εἰς τὰ ἐπίλοιπα τοῦ Μὴ κρίνετε καὶ εἰς τὰς λοιπὰς θείας ἐντολάς,ΕΝΤΟΛΗ,ΕΣΧΑΤΟΛΟΓΙΑ,Ουδέτερο,0.81,"Εκτεταμένη σειρά απαρεμφατικών εντολών που ορίζουν την «τεθλιμμένη ὁδόν» ως πρόγραμμα εντολών, με εσχατολογική σφήνωση στο τέλος (θάνατος ὡς κλέπτης, ἄγνωστη ὥρα).",,154,
383,Θ΄,§58,Εἰς τὰ ἐπίλοιπα τοῦ Μὴ κρίνετε καὶ εἰς τὰς λοιπὰς θείας ἐντολάς,ΕΛΠΙΔΑ,ΕΝΤΟΛΗ,Θετικό,0.78,"Η εικόνα της τεθλιμμένης οδού και της στενής πύλης παρουσιάζεται ως πρόξενος βασιλείας και ευρυχωρίας απείρου, μετατρέποντας τον κόπο των εντολών σε εσχατολογική ελπίδα με θετική φόρτιση.",,155,
384,Θ΄,§59,Εἰς τὰ ἐπίλοιπα τοῦ Μὴ κρίνετε καὶ εἰς τὰς λοιπὰς θείας ἐντολάς,ΕΝΤΟΛΗ,ΚΑΤΗΓΟΡΙΑ,Αρνητικό,0.81,"Διπλή προστακτική «Προσέχετε» πλαισιώνει διδακτική ανάλυση ψευδοπροφητών με εικόνες λύκων και ακανθών, συνδυάζοντας κανονιστικό τόνο με σαφή κατηγορία κατά πλανεμένων διδασκάλων.",,155,
385,Θ΄,§60,Εἰς τὰ ἐπίλοιπα τοῦ Μὴ κρίνετε καὶ εἰς τὰς λοιπὰς θείας ἐντολάς,ΕΣΧΑΤΟΛΟΓΙΑ,ΚΑΤΗΓΟΡΙΑ,Αρνητικό,0.81,"Η εικόνα του δένδρου που εκκόπτεται και βάλλεται εἰς πῦρ φέρει εσχατολογική απειλή κρίσης βάσει έργων, με δευτερεύοντα ελεγκτικό τόνο κατά της υποκρισίας σχήματος και λόγων.",,155,
386,Θ΄,§61,Εἰς τὰ ἐπίλοιπα τοῦ Μὴ κρίνετε καὶ εἰς τὰς λοιπὰς θείας ἐντολάς,ΕΣΧΑΤΟΛΟΓΙΑ,ΚΑΤΗΓΟΡΙΑ,Αρνητικό,0.91,Η σκηνή της Κρίσεως με την απόρριψη «Οὐκ οἶδα ὑμᾶς» — δραματική εσχατολογική φόρτιση που συνδυάζεται με υπόρρητη κατηγορία κατά των ψευδοπροφητών.,,155,
387,Θ΄,§62,Εἰς τὰ ἐπίλοιπα τοῦ Μὴ κρίνετε καὶ εἰς τὰς λοιπὰς θείας ἐντολάς,ΕΝΤΟΛΗ,ΚΑΤΗΓΟΡΙΑ,Αρνητικό,0.71,Η αντίθεση Ιούδα–Παύλου λειτουργεί ως διδακτική έκθεση θεϊκής γνώσης με υπόρρητη επίπληξη της υποκριτικής πίστης χωρίς καρδίας.,,155,
388,Θ΄,§63,Εἰς τὰ ἐπίλοιπα τοῦ Μὴ κρίνετε καὶ εἰς τὰς λοιπὰς θείας ἐντολάς,ΚΑΤΗΓΟΡΙΑ,ΕΣΧΑΤΟΛΟΓΙΑ,Αρνητικό,0.91,Αυστηρή καταδίκη εργατῶν ἀνομίας μέσω εικόνας σαπροῦ δένδρου και τελικής απόρριψης «Ἀποχωρεῖτε ἀπ᾿ ἐμοῦ» — έντονη ηθική επίπληξη με εσχατολογικές συνέπειες.,,155,
389,Θ΄,§64,Εἰς τὰ ἐπίλοιπα τοῦ Μὴ κρίνετε καὶ εἰς τὰς λοιπὰς θείας ἐντολάς,ΕΣΧΑΤΟΛΟΓΙΑ,ΦΟΒΟΣ_ΘΕΟΥ,Αρνητικό,0.91,"Η φρίκη της θείας απόφασης («Οὐκ οἶδα ὑμᾶς»), η καταδίκη χαρισματούχων και η αποσιώπηση του χειρότερου πεπρωμένου («τάχα οὐδὲ βούλομαι») συγκροτούν έντονο εσχατολογικό δέος με χροιά αγίου τρόμου.",,156,
390,Θ΄,§65,Εἰς τὰ ἐπίλοιπα τοῦ Μὴ κρίνετε καὶ εἰς τὰς λοιπὰς θείας ἐντολάς,ΕΛΠΙΔΑ,ΕΣΧΑΤΟΛΟΓΙΑ,Θετικό,0.88,"Η επευκτική φράση «Γένοιτο» εισάγει μια αλυσίδα εσχατολογικών εικόνων (μαργαρίτης, στενή οδός, καρποφορία, τάλαντο) που κορυφώνεται στην παρηγορητική πρόσκληση «εἴσελθε εἰς τὴν χαρὰν», αποπνέοντας βαθιά και χαρούμενη ελπίδα αιώνιας ζωής.",,156,
391,Ι΄,§1,Εἰς τὰς ἁγίας καὶ αὖθις ἐντολάς καὶ εἰς τὴν ἔνδειαν τοῦ ἔτους,ΕΝΤΟΛΗ,ΕΣΧΑΤΟΛΟΓΙΑ,Ουδέτερο,0.78,"Ο συγγραφέας παρουσιάζει κανονιστικά το τέρμα και την απόθεση των εντολών με μεταφορά των δέκα παρθένων, η οποία εισάγει εσχατολογικό υπόστρωμα.",,157,
392,Ι΄,§2,Εἰς τὰς ἁγίας καὶ αὖθις ἐντολάς καὶ εἰς τὴν ἔνδειαν τοῦ ἔτους,ΕΝΤΟΛΗ,ΑΓΑΠΗ,Ουδέτερο,0.81,"Ο συγγραφέας εκθέτει με διδακτικό-θεολογικό τόνο τη θέσπιση των εντολών από τον Χριστό ως νομοδότη, με έμμεση υπόρρητη αναφορά στη φιλανθρωπία του.",,157,
393,Ι΄,§3,Εἰς τὰς ἁγίας καὶ αὖθις ἐντολάς καὶ εἰς τὴν ἔνδειαν τοῦ ἔτους,ΕΣΧΑΤΟΛΟΓΙΑ,ΚΑΤΗΓΟΡΙΑ,Αρνητικό,0.88,"Η πτώση των δαιμόνων λόγω υπερηφανίας περιγράφεται με σωρευτικά ρήματα καταστροφής (ἐξώσθησαν, ἐξεβλήθησαν, ἀπερρίφησαν, κατεπτώθησαν) και αιώνιας απώλειας, δημιουργώντας ισχυρό εσχατολογικό δέος με ταυτόχρονο κατηγορικό τόνο κατά της ὑπερηφανίας.",,157,
394,Ι΄,§4,Εἰς τὰς ἁγίας καὶ αὖθις ἐντολάς καὶ εἰς τὴν ἔνδειαν τοῦ ἔτους,ΦΟΒΟΣ_ΘΕΟΥ,ΕΣΧΑΤΟΛΟΓΙΑ,Αρνητικό,0.88,Το φοβηθῶμεν τὸ ὑπόδειγμα και η αναφορά στους εξωσθέντες αγγέλους δημιουργούν έντονο ιερό δέος με εσχατολογική διάσταση αποκλεισμού.,,157,
395,Ι΄,§5,Εἰς τὰς ἁγίας καὶ αὖθις ἐντολάς καὶ εἰς τὴν ἔνδειαν τοῦ ἔτους,ΕΝΤΟΛΗ,ΑΓΑΠΗ,Θετικό,0.81,"Η διπλή επανάληψη «Μάθετε ἀπ᾿ ἐμοῦ» με συνοδευτική διδακτική ανάλυση πραότητας και ταπεινοφροσύνης καθιστά τον τόνο κυρίως κανονιστικό-διδακτικό, ενώ η εικόνα του χρηστοῦ ζυγοῦ και της ψυχικής ἀναπαύσεως προσδίδει δευτερευόντως θερμή πατρική εγγύτητα.",,157,
396,Ι΄,§6,Εἰς τὰς ἁγίας καὶ αὖθις ἐντολάς καὶ εἰς τὴν ἔνδειαν τοῦ ἔτους,ΕΝΤΟΛΗ,ΑΓΑΠΗ,Ουδέτερο,0.74,"Διδακτικός-ερμηνευτικός τόνος κυριαρχεί: ο συγγραφέας αναλύει την εμφανή αντίφαση μεταξύ στενής ὁδοῦ και χρηστοῦ ζυγοῦ μέσω παιδαγωγικής αναλογίας ζώων, χωρίς συναισθηματική φόρτιση, αλλά με ήπια πατρική πρόσκληση στη νόηση.",,158,
397,Ι΄,§7,Εἰς τὰς ἁγίας καὶ αὖθις ἐντολάς καὶ εἰς τὴν ἔνδειαν τοῦ ἔτους,ΕΝΤΟΛΗ,ΑΓΑΠΗ,Θετικό,0.72,"Η εκτεταμένη αλληγορία ταύρου και πώλου χρησιμεύει ως διδακτικό παράδειγμα για την αποδοχή του ζυγού των εντολών, με τελικό μήνυμα ότι ο ζυγός «χρηστὸς καταφαίνεται» — κανονιστικός τόνος με θετική απόληξη αγάπης προς τον Δεσπότη.",,158,
398,Ι΄,§8,Εἰς τὰς ἁγίας καὶ αὖθις ἐντολάς καὶ εἰς τὴν ἔνδειαν τοῦ ἔτους,ΕΝΤΟΛΗ,ΕΛΠΙΔΑ,Θετικό,0.74,"Διδακτική ανάλυση της στενής οδού με κανονιστικό τόνο (γνῶθι, ὑποδείγματα) που καταλήγει σε ελπιδοφόρα βεβαίωση: η ὁδὸς γίνεται χαρμόσυνος χάριτι Χριστοῦ για όποιον επιμείνει.",,158,
399,Ι΄,§9,Εἰς τὰς ἁγίας καὶ αὖθις ἐντολάς καὶ εἰς τὴν ἔνδειαν τοῦ ἔτους,ΕΛΠΙΔΑ,ΕΣΧΑΤΟΛΟΓΙΑ,Θετικό,0.78,"Η αντίθεση στενής/πλατείας ὁδοῦ κορυφώνεται στην ελπίδα τὴν μέλλουσαν που χαρίζει εὐρυχωρία στους ἐραστὰς τῆς τεθλιμμένης, ενώ η εσχατολογική διάσταση των αἰωνίων φόβων παραμένει δευτερεύουσα.",,158,
400,Ι΄,§10,Εἰς τὰς ἁγίας καὶ αὖθις ἐντολάς καὶ εἰς τὴν ἔνδειαν τοῦ ἔτους,ΑΓΑΠΗ,ΕΛΠΙΔΑ,Θετικό,0.91,"Τριπλή επανάληψη «Δεῦτε πρός με» με υπόσχεση ἀναπαύσω — θερμή, πατρική πρόσκληση του Χριστού που εκφράζει άμεση στοργή και ελπίδα ανακούφισης.",,159,
401,Ι΄,§11,Εἰς τὰς ἁγίας καὶ αὖθις ἐντολάς καὶ εἰς τὴν ἔνδειαν τοῦ ἔτους,ΑΓΑΠΗ,ΕΛΠΙΔΑ,Θετικό,0.83,"Η τριπλή επανάληψη «Δεῦτε, καὶ ἀναπαύσω ὑμᾶς» εκφράζει θερμή θεϊκή πρόσκληση και στοργική εγγύτητα, ενώ η υπόσχεση φωτός και αναπαύσεως προσδίδει δευτερευόντως εσχατολογική ελπίδα.",,159,
402,Ι΄,§12,Εἰς τὰς ἁγίας καὶ αὖθις ἐντολάς καὶ εἰς τὴν ἔνδειαν τοῦ ἔτους,ΕΛΠΙΔΑ,ΕΝΤΟΛΗ,Θετικό,0.82,"Η τετραπλή επανάληψη «ἀναπαύσω ὑμᾶς» με εσχατολογική προοπτική αιώνιας ανάπαυσης και απουσίας οδύνης δημιουργεί ισχυρή ελπιδοφόρο φόρτιση, ενώ η προστακτική πρόσκληση ακολουθίας (ἀπαρνησάσθω, ἀράτω, ἀκολουθείτω) εισάγει δευτερεύοντα κανονιστικό τόνο.",,159,
403,Ι΄,§13,Εἰς τὰς ἁγίας καὶ αὖθις ἐντολάς καὶ εἰς τὴν ἔνδειαν τοῦ ἔτους,ΕΝΤΟΛΗ,ΕΛΠΙΔΑ,Ουδέτερο,0.81,"Σειρά ευαγγελικών προστακτικών-κανονιστικών λόγων περί απαραίτητης προτεραιότητας Χριστού έναντι οικογενείας και κτημάτων, με δευτερεύουσα εσχατολογική ελπίδα της αιώνιας ζωής ως κίνητρο υπακοής.",,159,
404,Ι΄,§14,Εἰς τὰς ἁγίας καὶ αὖθις ἐντολάς καὶ εἰς τὴν ἔνδειαν τοῦ ἔτους,ΕΝΤΟΛΗ,ΑΓΑΠΗ,Ουδέτερο,0.81,"Ο Χριστός ερμηνεύει κανονιστικά την έννοια του «μίσους» ως πλήρη αποστασιοποίηση από κοσμικές δεσμεύσεις προκειμένου οι μαθητές να παραμείνουν αχώριστοι από Αυτόν — διδακτικός, εντολοδοτικός τόνος με υπόρρητο κίνητρο ακλόνητης αφοσίωσης-αγάπης.",,159,
405,Ι΄,§15,Εἰς τὰς ἁγίας καὶ αὖθις ἐντολάς καὶ εἰς τὴν ἔνδειαν τοῦ ἔτους,ΕΝΤΟΛΗ,ΚΑΤΗΓΟΡΙΑ,Ουδέτερο,0.82,"Η παραβολή του πύργου λειτουργεί ως διδακτικό επιχείρημα που καταλήγει σε σαφή κανονιστική απαίτηση αποταγής, με ήπια κατηγορηματικό τόνο απέναντι στον ημιτελή μαθητή.",,159,
406,Ι΄,§16,Εἰς τὰς ἁγίας καὶ αὖθις ἐντολάς καὶ εἰς τὴν ἔνδειαν τοῦ ἔτους,ΕΝΤΟΛΗ,ΕΛΠΙΔΑ,Θετικό,0.78,"Η παράγραφος αναπτύσσει κανονιστικά τη συνθήκη δουλείας-ακολουθίας Χριστού μέσω σειράς εντολών και υποσχέσεων (μιμείσθω, ἀκολουθείτω, μείνητε), με δευτερεύοντα τόνο ελπίδας μέσω της βεβαιότητας συμμετοχής στη Βασιλεία και καρποφορίας.",,160,
407,Ι΄,§17,Εἰς τὰς ἁγίας καὶ αὖθις ἐντολάς καὶ εἰς τὴν ἔνδειαν τοῦ ἔτους,ΕΝΤΟΛΗ,ΚΑΤΗΓΟΡΙΑ,Ουδέτερο,0.72,"Διδακτική-κανονιστική έκθεση της αναγκαιότητας μονής εν Χριστώ, με υπόρρητο έλεγχο όσων «μένουν αλλαχού» στη νύκτα των παθών.",,160,
408,Ι΄,§18,Εἰς τὰς ἁγίας καὶ αὖθις ἐντολάς καὶ εἰς τὴν ἔνδειαν τοῦ ἔτους,ΑΓΑΠΗ,ΕΛΠΙΔΑ,Θετικό,0.88,"Η πρόσκληση «Δεῦτε πρός με» και η επανάληψη «ἀγαπῶ / ἀγαπήσω» διαπνέονται από θερμή θεϊκή στοργή, ενώ η υπόσχεση ἀναπαύσεως και ἐλπίδος εν Κυρίῳ προσθέτει ελπιδοφόρο δευτερεύοντα τόνο.",,160,
409,Ι΄,§19,Εἰς τὰς ἁγίας καὶ αὖθις ἐντολάς καὶ εἰς τὴν ἔνδειαν τοῦ ἔτους,ΕΝΤΟΛΗ,ΚΑΤΗΓΟΡΙΑ,Αρνητικό,0.74,"Ο συγγραφέας εξηγεί διδακτικά τη διπλή εικόνα στενής πύλης και ελαφρού ζυγού μέσω του παραδείγματος του αιχμαλώτου, με υποδόρια κατηγορία κατά της ανθρώπινης φύσης που λησμονεί την αρχαία πατρίδα της.",,160,
410,Ι΄,§20,Εἰς τὰς ἁγίας καὶ αὖθις ἐντολάς καὶ εἰς τὴν ἔνδειαν τοῦ ἔτους,ΚΑΤΗΓΟΡΙΑ,ΜΕΤΑΝΟΙΑ,Αρνητικό,0.91,"Αυστηρός έλεγχος κοινωνικής αναλγησίας — πλεονέκτης, κλέπτης, πόρνος, δολερός δεν μετανοούν παρά τον λιμό, αλλά επιδίδονται σε αλληλοφονίαι και αἰσχρότερα, με ρητορική ερώτηση που καταδικάζει την ηθική τύφλωση.",,160,
411,Ι΄,§21,Εἰς τὰς ἁγίας καὶ αὖθις ἐντολάς καὶ εἰς τὴν ἔνδειαν τοῦ ἔτους,ΕΣΧΑΤΟΛΟΓΙΑ,ΚΑΤΗΓΟΡΙΑ,Αρνητικό,0.74,"Σκηνές βίας, φόνου, ληστείας και λιμού με ζωντανές αφηγηματικές μαρτυρίες δημιουργούν ατμόσφαιρα εσχατολογικής αφύπνισης μέσω της εικόνας ανθρώπινης φθοράς και κακίας, με παράλληλο κατηγορητικό υπόστρωμα.",,161,
412,Ι΄,§22,Εἰς τὰς ἁγίας καὶ αὖθις ἐντολάς καὶ εἰς τὴν ἔνδειαν τοῦ ἔτους,ΕΣΧΑΤΟΛΟΓΙΑ,ΚΑΤΗΓΟΡΙΑ,Αρνητικό,0.91,"Η παράγραφος κορυφώνεται στην απειλή της εσχατολογικής κρίσης («ὅταν ἔλθῃ κρῖναι τὸν κόσμον») ως συνέπεια της επίμονης αμαρτίας («τοιχωρυγίας, ἁρπαγμούς, αἰσχρουργίας»), με έντονο κατηγορητικό υπόστρωμα κατά αδιόρθωτων αμαρτωλών.",,161,
413,Ι΄,§23,Εἰς τὰς ἁγίας καὶ αὖθις ἐντολάς καὶ εἰς τὴν ἔνδειαν τοῦ ἔτους,ΑΓΑΠΗ,ΔΟΞΟΛΟΓΙΑ,Θετικό,0.78,"Η εικόνα του αγαθού Θεού που στέλνει βροχές και καρπούς ακόμα και επί της κακίας των ανθρώπων αποπνέει θερμή πατρική φιλανθρωπία, με δευτερεύον στοιχείο εμμέσου δοξολογίας μέσα από τις βιβλικές παραπομπές σε Δαυίδ και Ιωήλ.",,161,
414,Ι΄,§24,Εἰς τὰς ἁγίας καὶ αὖθις ἐντολάς καὶ εἰς τὴν ἔνδειαν τοῦ ἔτους,ΑΓΑΠΗ,ΜΕΤΑΝΟΙΑ,Θετικό,0.87,"Η συσσώρευση επιθέτων μακρόθυμος, πολυέλεος, ὑπεράγαθος και η εικόνα της ἀνεξάντλητης πηγῆς ἐλέους αναδεικνύουν τη θεϊκή αγάπη ως κεντρικό συναίσθημα, ενώ η αναφορά στη μετάνοια λειτουργεί ως δευτερεύον κίνητρο.",,161,
415,Ι΄,§25,Εἰς τὰς ἁγίας καὶ αὖθις ἐντολάς καὶ εἰς τὴν ἔνδειαν τοῦ ἔτους,ΕΝΤΟΛΗ,ΕΣΧΑΤΟΛΟΓΙΑ,Ουδέτερο,0.71,"Διδακτική-ερμηνευτική ανακεφαλαίωση περί στενής ὁδοῦ και χρηστοῦ ζυγοῦ με αλληγορία αιχμαλώτου, κυρίως κανονιστικός-επεξηγηματικός τόνος με ελαφρά εσχατολογική υπόρρηση στο πολυκίνδυνον βίον.",,162,
416,Ι΄,§26,Εἰς τὰς ἁγίας καὶ αὖθις ἐντολάς καὶ εἰς τὴν ἔνδειαν τοῦ ἔτους,ΚΑΤΗΓΟΡΙΑ,ΕΛΠΙΔΑ,Αρνητικό,0.78,"Ο συγγραφέας ελέγχει με ειρωνεία τη λήθη της ανθρώπινης αιχμαλωσίας και την προσκόλληση στα εγκόσμια (πλουτεῖν, οἰκοδομεῖν, φυτεύειν), ενώ η ρητορική ερώτηση στο τέλος ανοίγει ένα δευτερεύον κίνητρο ελπίδας στη θεία ανάπαυση.",,162,
417,Ι΄,§27,Εἰς τὰς ἁγίας καὶ αὖθις ἐντολάς καὶ εἰς τὴν ἔνδειαν τοῦ ἔτους,ΕΛΠΙΔΑ,ΑΓΑΠΗ,Θετικό,0.87,"Η αντιπαράθεση πονηρού ανθρώπου–αγαθού Θεού καταλήγει σε εικόνα υιοθεσίας και κληρονομιάς βασιλείας, δηλαδή σε εσχατολογική ελπίδα με έντονη θετική φόρτιση, ενώ η πατρική διάθεση του Θεού εισάγει και χαρακτήρα αγάπης.",,162,
418,Ι΄,§28,Εἰς τὰς ἁγίας καὶ αὖθις ἐντολάς καὶ εἰς τὴν ἔνδειαν τοῦ ἔτους,ΕΛΠΙΔΑ,ΑΓΑΠΗ,Θετικό,0.87,"Το μακαρισμός του φέροντος τον ζυγόν του Χριστοῦ, η υπόσχεση πνευματικής εὐφροσύνης στον παρόντα βίο και αιώνιας βασιλείας στον μέλλοντα, καθώς και η σοφιολογική ρήση «οἱ ἐμὲ ζητοῦντες εὑρήσουσιν χάριν», συνθέτουν ένα κλίμα θερμής εσχατολογικής ελπίδας, εμπλουτισμένης από αμοιβαία αγάπη Θεοῦ και ανθρώπου.",,162,
419,Ι΄,§29,Εἰς τὰς ἁγίας καὶ αὖθις ἐντολάς καὶ εἰς τὴν ἔνδειαν τοῦ ἔτους,ΕΝΤΟΛΗ,ΑΓΑΠΗ,Ουδέτερο,0.87,"Ο συγγραφέας εκθέτει με κανονιστικό και διδακτικό τόνο δύο μορφές δόσεως (ελεημοσύνη και δάνειο), παραθέτοντας ευαγγελικές εντολές σε προστακτική έγκλιση, χωρίς έντονη συναισθηματική φόρτιση.",,162,
420,Ι΄,§30,Εἰς τὰς ἁγίας καὶ αὖθις ἐντολάς καὶ εἰς τὴν ἔνδειαν τοῦ ἔτους,ΕΝΤΟΛΗ,ΑΓΑΠΗ,Θετικό,0.78,"Κυριαρχεί κανονιστικός τόνος μέσω ρητής εντολής («Εἰ ἀγαπᾷς με αὐτοὺς παρηγόρησον»), ενισχυμένος από θεϊκή υπόσχεση ανταμοιβής που προσδίδει θετική αγαπητική φόρτιση.",,162,
421,Ι΄,§31,Εἰς τὰς ἁγίας καὶ αὖθις ἐντολάς καὶ εἰς τὴν ἔνδειαν τοῦ ἔτους,ΕΝΤΟΛΗ,ΑΓΑΠΗ,Ουδέτερο,0.71,"Διαλογικός-διδακτικός τόνος που εξετάζει πρακτική περίπτωση εφαρμογής εντολής περί δόσεως, με υπόρρητη αναφορά στη θεϊκή συγγνώμη και κατανόηση.",,163,
422,Ι΄,§32,Εἰς τὰς ἁγίας καὶ αὖθις ἐντολάς καὶ εἰς τὴν ἔνδειαν τοῦ ἔτους,ΕΝΤΟΛΗ,ΕΛΠΙΔΑ,Θετικό,0.81,"Διδακτική ανάπτυξη εντολής ελεημοσύνης με κανονιστικό τόνο, αλλά η υπόσχεση μυριοπλάσιας θεϊκής ανταπόδοσης και το παράδειγμα της χήρας εισάγουν θετικά φορτισμένη ελπίδα αμοιβής.",,163,
423,Ι΄,§33,Εἰς τὰς ἁγίας καὶ αὖθις ἐντολάς καὶ εἰς τὴν ἔνδειαν τοῦ ἔτους,ΕΝΤΟΛΗ,ΕΛΠΙΔΑ,Ουδέτερο,0.72,"Ο συγγραφέας παραθέτει διδακτικά τη ρήση «Ἐγώ εἰμι ὁ ἄρτος τῆς ζωῆς» και ακολουθεί με ερμηνευτική απορία, διατηρώντας κανονιστικό-εξηγητικό τόνο με δευτερεύουσα ελπιδοφόρο διάσταση στην εικόνα της ζωής.",,163,
424,Ι΄,§34,Εἰς τὰς ἁγίας καὶ αὖθις ἐντολάς καὶ εἰς τὴν ἔνδειαν τοῦ ἔτους,ΕΣΧΑΤΟΛΟΓΙΑ,ΔΟΞΟΛΟΓΙΑ,Θετικό,0.81,"Η επανάληψη «ζωὴν αἰώνιον» και «ἀναστήσω αὐτὸν ἐν τῇ ἐσχάτῃ ἡμέρᾳ» εντάσσει την παράγραφο στην εσχατολογική προοπτική, ενώ η θριαμβευτική αντιδιαστολή ψευδοῦς-ἀληθοῦς βρώσεως και η εικόνα ἐν ἐμοὶ μένει εκπέμπουν δοξολογική θετικότητα.",,163,
425,Ι΄,§35,Εἰς τὰς ἁγίας καὶ αὖθις ἐντολάς καὶ εἰς τὴν ἔνδειαν τοῦ ἔτους,ΔΟΞΟΛΟΓΙΑ,ΕΛΠΙΔΑ,Θετικό,0.81,Η έμφαση στη μοναδικότητα της θεϊκής παρουσίας και των ζωηφόρων διδαχών — που ακόμα και προφῆται ἐπεθύμησαν ἰδεῖν χωρίς να αξιωθούν — εκφράζει δέος και αγαλλίαση για το χαρισμένο προνόμιο της άμεσης θεϊκής αποκάλυψης.,,163,
426,Ι΄,§36,Εἰς τὰς ἁγίας καὶ αὖθις ἐντολάς καὶ εἰς τὴν ἔνδειαν τοῦ ἔτους,ΔΟΞΟΛΟΓΙΑ,ΑΓΑΠΗ,Θετικό,0.74,"Η επιθυμία αυτόπτης θέασης της σαρκικής παρουσίας του Χριστού — γλυκυτάτης ὄψεως, παναχράντου στόματος — εκφράζει αγαλλιώδη έκσταση μπροστά στο θεϊκό μεγαλείο, με δευτερεύοντα τόνο θερμής αγάπης και πόθου.",,164,
427,Ι΄,§37,Εἰς τὰς ἁγίας καὶ αὖθις ἐντολάς καὶ εἰς τὴν ἔνδειαν τοῦ ἔτους,ΕΝΤΟΛΗ,ΦΟΒΟΣ_ΘΕΟΥ,Ουδέτερο,0.81,"Η παράγραφος εκθέτει κανονιστικά την εντολή της ταπεινοφροσύνης μέσω επαναλαμβανόμενων προστακτικών (λέγετε, μὴ φρονήσητε) και διευκρινίζει το παράδοξο της ἐπίπλαστης ἀχρηστίας ως οδό προς αληθινή δόξα, με δευτερεύοντα τόνο ιερού δέους μπροστά στην κρίση του ταπεινούντος και ὑψοῦντος Θεού.",,164,
428,Ι΄,§38,Εἰς τὰς ἁγίας καὶ αὖθις ἐντολάς καὶ εἰς τὴν ἔνδειαν τοῦ ἔτους,ΕΝΤΟΛΗ,ΕΛΠΙΔΑ,Θετικό,0.78,"Η παραβολή του φρονίμου οικοδόμου εκτίθεται με διδακτικό-κανονιστικό τόνο (ἀκούει καὶ ποιεῖ), ενώ η αταλάντευτη θεμελίωση ἐπὶ τὴν πέτραν ανοίγει σε ελπιδοφόρα βεβαιότητα σωτηρίας παρά τους πειρασμούς.",,164,
429,Ι΄,§39,Εἰς τὰς ἁγίας καὶ αὖθις ἐντολάς καὶ εἰς τὴν ἔνδειαν τοῦ ἔτους,ΚΑΤΗΓΟΡΙΑ,ΕΣΧΑΤΟΛΟΓΙΑ,Αρνητικό,0.88,"Η αλληγορία του μωροῦ οἰκοδόμου επί ἀστάτου ἄμμου, με τη διπλή επανάληψη ἦν ἡ πτῶσις αὐτῆς μεγάλη, αποτελεί οξεία ηθική επίπληξη κατά όσων ακούν τις εντολές και δεν τις τηρούν, με έντονα αρνητική φόρτιση.",,164,
430,Ι΄,§40,Εἰς τὰς ἁγίας καὶ αὖθις ἐντολάς καὶ εἰς τὴν ἔνδειαν τοῦ ἔτους,ΕΝΤΟΛΗ,ΚΑΤΗΓΟΡΙΑ,Ουδέτερο,0.72,"Διδακτική ερμηνεία παραβολών σπορέως και οικοδόμων με κανονιστικό τόνο, ενώ η κατάταξη των τεσσάρων τύπων καρδίας εμπεριέχει έμμεση κριτική της αδιαφόρου και πετρώδους ψυχής.",,164,
431,Ι΄,§41,Εἰς τὰς ἁγίας καὶ αὖθις ἐντολάς καὶ εἰς τὴν ἔνδειαν τοῦ ἔτους,ΕΝΤΟΛΗ,ΚΑΤΗΓΟΡΙΑ,Ουδέτερο,0.72,Διδακτική ανάπτυξη παραβολής σποράς με ερωτηματικό τόνο αφύπνισης — κανονιστική έκθεση τύπων ψυχών με υπόρρητο έλεγχο των πνευματικώς ανώριμων.,,165,
432,Ι΄,§42,Εἰς τὰς ἁγίας καὶ αὖθις ἐντολάς καὶ εἰς τὴν ἔνδειαν τοῦ ἔτους,ΔΟΞΟΛΟΓΙΑ,ΕΝΤΟΛΗ,Θετικό,0.74,"Η έκπληξη των ὄχλων και η έμφαση στην αυθεντία του Χριστού ως διδασκάλων διδασκάλου αποπνέουν αγαλλίαση μπροστά στο θεϊκό μεγαλείο, με δευτερεύοντα διδακτικό τόνο.",,165,
433,Ι΄,§43,Εἰς τὰς ἁγίας καὶ αὖθις ἐντολάς καὶ εἰς τὴν ἔνδειαν τοῦ ἔτους,ΕΛΠΙΔΑ,ΕΝΤΟΛΗ,Θετικό,0.78,Επευκτική προσευχή για θεία βοήθεια ώστε να τηρηθούν οι εντολές και να επιτευχθεί η βασιλεία — ήρεμη εσχατολογική ελπίδα με κανονιστικό υπόστρωμα.,,165,
434,Ι΄,§44,Εἰς τὰς ἁγίας καὶ αὖθις ἐντολάς καὶ εἰς τὴν ἔνδειαν τοῦ ἔτους,ΔΟΞΟΛΟΓΙΑ,ΕΝΤΟΛΗ,Θετικό,0.74,"Ο συγγραφέας καταλήγει με πρόσκληση δοξολογίας προς τον «τεχνίτη Θεό» και αποποίηση προσωπικής δόξας, ενώ παράλληλα παρακαλεί τους αναγνώστες να τηρούν τα θεία προστάγματα — κυρίαρχος τόνος η ταπεινή ευχαριστία.",,165,
435,Ι΄,§45,Εἰς τὰς ἁγίας καὶ αὖθις ἐντολάς καὶ εἰς τὴν ἔνδειαν τοῦ ἔτους,ΜΕΤΑΝΟΙΑ,ΑΓΑΠΗ,Θετικό,0.62,"Ο συγγραφέας εξομολογείται την ταπεινή βιογραφία του με σεμνοφροσύνη και αποστρέφεται τη φιλοτιμία, εκφράζοντας κατανυκτική αυτοσυνειδησία αλλά και ευγνωμοσύνη προς τη μονή που τον υποδέχθηκε πατρικώς.",,166,
436,Ι΄,§46,Εἰς τὰς ἁγίας καὶ αὖθις ἐντολάς καὶ εἰς τὴν ἔνδειαν τοῦ ἔτους,ΕΣΧΑΤΟΛΟΓΙΑ,ΕΝΤΟΛΗ,Αρνητικό,0.82,"Η εικόνα της μετά θάνατον «ἀνήροτου» ζωής ως αμητός, τρύγος και λίκμηση δημιουργεί έντονη εσχατολογική συνείδηση με σαφή κανονιστική προτροπή: ὁ μὴ σπέρων ἐν τῷδε τῷ βίῳ δεν μπορεί να θερίσει ἐκεῖ.",,166,
437,Ι΄,§47,Εἰς τὰς ἁγίας καὶ αὖθις ἐντολάς καὶ εἰς τὴν ἔνδειαν τοῦ ἔτους,ΕΣΧΑΤΟΛΟΓΙΑ,ΚΑΤΗΓΟΡΙΑ,Αρνητικό,0.87,"Η παραβολή του σπόρου και του θερισμού συνδέεται με τις μωρές παρθένους για να τονίσει τον εσχατολογικό κίνδυνο της αμέλειας στον κατάλληλο καιρό, με έντονο επικριτικό χαρακτήρα κατά των πνευματικά αδρανών.",,166,
438,Ι΄,§48,Εἰς τὰς ἁγίας καὶ αὖθις ἐντολάς καὶ εἰς τὴν ἔνδειαν τοῦ ἔτους,ΕΝΤΟΛΗ,ΕΣΧΑΤΟΛΟΓΙΑ,Ουδέτερο,0.78,"Αλυσίδα προτρεπτικών υποτακτικών (σπεύσωμεν, καλλιεργήσωμεν, ἐκτίλωμεν, ἐμπρήσωμεν) με αγροτικές μεταφορές ψυχικής καλλιέργειας συγκροτούν καθαρά κανονιστικό-διδακτικό τόνο, ενώ η εσχατολογική διάσταση θερισμού/σποράς παραμένει δευτερεύουσα υποδομή.",,166,
439,Ι΄,§49,Εἰς τὰς ἁγίας καὶ αὖθις ἐντολάς καὶ εἰς τὴν ἔνδειαν τοῦ ἔτους,ΜΕΤΑΝΟΙΑ,ΕΝΤΟΛΗ,Θετικό,0.82,"Η εκτεταμένη γεωργική αλληγορία (νηστεία, προσευχή, ταπείνωση, ὑπομονή) οργανώνει τη μετάνοια ως ενεργή, ελπιδοφόρα πνευματική εργασία — αρνητική αφετηρία (ἀκάνθαι παθῶν) που μεταμορφώνεται σε χαρά τρύγου (χαίροντες), με κυρίαρχο τόνο προτρεπτικής μετάνοιας.",,167,
440,Ι΄,§50,Εἰς τὰς ἁγίας καὶ αὖθις ἐντολάς καὶ εἰς τὴν ἔνδειαν τοῦ ἔτους,ΕΝΤΟΛΗ,ΔΟΞΟΛΟΓΙΑ,Θετικό,0.72,"Σειρά ρητορικών ερωτημάτων με διδακτικό-αναγωγικό χαρακτήρα που εισάγουν την αλληγορία της ουράνιας σποράς, με έμμεση αγαλλίαση μπροστά στη θεία τάξη των πραγμάτων.",,167,
441,Ι΄,§51,Εἰς τὰς ἁγίας καὶ αὖθις ἐντολάς καὶ εἰς τὴν ἔνδειαν τοῦ ἔτους,ΜΕΤΑΝΟΙΑ,ΚΑΤΗΓΟΡΙΑ,Αρνητικό,0.74,"Η εικόνα του άπορου γηπόνου με άγονη γη και ελλιπή εφόδια λειτουργεί ως παραβολή της πνευματικής αδυναμίας του ανθρώπου, εκφράζοντας πόνο και ταπεινή συνείδηση της αναξιότητας που βρίσκεται στη ρίζα της κατανυκτικής μετάνοιας.",,167,
442,Ι΄,§52,Εἰς τὰς ἁγίας καὶ αὖθις ἐντολάς καὶ εἰς τὴν ἔνδειαν τοῦ ἔτους,ΜΕΤΑΝΟΙΑ,ΕΛΠΙΔΑ,Θετικό,0.87,"Η εκτεταμένη αλληγορία της πνευματικής γεωργίας περιγράφει τη μετάνοια ως κατεργασία της σκληρής καρδίας μέσω δακρύων κατανύξεως και ενθύμησης θανάτου, με θετική κατάληξη στη μακαρία πηγή και στην πνευματική αφθονία.",,167,
443,Ι΄,§53,Εἰς τὰς ἁγίας καὶ αὖθις ἐντολάς καὶ εἰς τὴν ἔνδειαν τοῦ ἔτους,ΔΟΞΟΛΟΓΙΑ,ΕΛΠΙΔΑ,Θετικό,0.81,"Η ζωντανή εικόνα της θαυμαστής γεωργίας κορυφώνεται σε δοξολογική επευκτική προσφώνηση («εἰς δόξαν σὴν καὶ πλοῦτον ἀκένωτον»), με δευτερεύον στοιχείο ελπίδας στην αίτηση πνευματικής καρποφορίας διὰ τοῦ Θεοῦ.",,168,
444,Ι΄,§54,Εἰς τὰς ἁγίας καὶ αὖθις ἐντολάς καὶ εἰς τὴν ἔνδειαν τοῦ ἔτους,ΑΓΑΠΗ,ΔΟΞΟΛΟΓΙΑ,Θετικό,0.78,"Η προσφώνηση «ἀγαπητὲ ἡμῶν ἀδελφὲ καὶ ποθούμενε» και η υπακοή στην αίτηση του αδελφού από αγάπη και δέος Θεού εκπέμπουν θερμή αδελφική στοργή, ενώ η απόδοση του έργου στη «θεία χάρις εἰς δόξαν αὐτῆς» αγγίζει δοξολογικό τόνο.",,168,
445,Ι΄,§55,Εἰς τὰς ἁγίας καὶ αὖθις ἐντολάς καὶ εἰς τὴν ἔνδειαν τοῦ ἔτους,ΕΝΤΟΛΗ,ΔΟΞΟΛΟΓΙΑ,Θετικό,0.72,"Μεταγραφικό-κανονιστικό πλαίσιο: ο συγγραφέας ζητά καλλιγραφία και μελέτη εντολών ημέρας και νυκτός για διπλή ωφέλεια, με τελικό σκοπό τη δόξαν Θεοῦ και σωτηρίαν ψυχῆς — διδακτικός τόνος με δευτερεύουσα δοξολογική χροιά.",,168,
446,Ι΄,§56,Εἰς τὰς ἁγίας καὶ αὖθις ἐντολάς καὶ εἰς τὴν ἔνδειαν τοῦ ἔτους,ΔΟΞΟΛΟΓΙΑ,ΕΝΤΟΛΗ,Θετικό,0.74,"Ο «τεχνίτης Θεὸς» που μετατρέπει την ανθρώπινη ατέλεια σε «θαυμαστὴν ἁρμονίαν» αποπνέει θαυμασμό και έμμεση δοξολογία, ενώ η διδακτική έκθεση της θεϊκής οικονομίας προσδίδει παράλληλα κανονιστικό τόνο.",,168,
447,Ι΄,§57,Εἰς τὰς ἁγίας καὶ αὖθις ἐντολάς καὶ εἰς τὴν ἔνδειαν τοῦ ἔτους,ΕΝΤΟΛΗ,ΔΟΞΟΛΟΓΙΑ,Ουδέτερο,0.62,"Διδακτική-κανονιστική επιχειρηματολογία περί αμοιβαίας ανθρώπινης εξάρτησης με κτισιολογικό επιχείρημα, χωρίς έντονο συναίσθημα, αλλά με υπόρρητο θαυμασμό για την τάξη της δημιουργίας.",,169,
448,Ι΄,§58,Εἰς τὰς ἁγίας καὶ αὖθις ἐντολάς καὶ εἰς τὴν ἔνδειαν τοῦ ἔτους,ΔΟΞΟΛΟΓΙΑ,ΑΓΑΠΗ,Θετικό,0.74,"Η κοσμική αλληλεξάρτηση ουρανού, γης και θάλασσας αναδεικνύεται ως έκφραση της θείας πρόνοιας και ελέους που συνέχει τα πάντα, προκαλώντας έμμεση αγαλλίαση μπροστά στο θεϊκό μεγαλείο της δημιουργίας.",,169,
449,Ι΄,§59,Εἰς τὰς ἁγίας καὶ αὖθις ἐντολάς καὶ εἰς τὴν ἔνδειαν τοῦ ἔτους,ΔΟΞΟΛΟΓΙΑ,ΕΝΤΟΛΗ,Θετικό,0.74,"Η ρητορική θαύμαση της θαυμαστῆς ἁρμονίας που συνηρμώσατο ὁ Θεός και η αμοιβαία αναγκαιότητα κόσμου-ανθρώπου εκφράζουν δοξολογική αγαλλίαση μπροστά στη θεϊκή δημιουργική σοφία, χωρίς ωστόσο να φτάνουν σε ύμνο.",,169,
450,Ι΄,§60,Εἰς τὰς ἁγίας καὶ αὖθις ἐντολάς καὶ εἰς τὴν ἔνδειαν τοῦ ἔτους,ΕΝΤΟΛΗ,ΔΟΞΟΛΟΓΙΑ,Ουδέτερο,0.62,"Διδακτική-θεολογική επιχειρηματολογία περί θεόδοτης ατέλειας και κατανομής χαρισμάτων, με ρητορικό ερώτημα που εξηγεί κανονιστικά την ανθρώπινη μερικότητα ως πρόνοια Θεού, χωρίς κυρίαρχο συναισθηματικό τόνο.",,169,
451,Ι΄,§61,Εἰς τὰς ἁγίας καὶ αὖθις ἐντολάς καὶ εἰς τὴν ἔνδειαν τοῦ ἔτους,ΔΟΞΟΛΟΓΙΑ,ΕΝΤΟΛΗ,Θετικό,0.81,"Η παράγραφος κορυφώνεται σε δοξολογική επιφώνηση «Θαυμάσια τὰ ἔργα σου, Κύριε» μετά από διδακτική επιχειρηματολογία περί θεϊκής πρόνοιας και ανθρώπινης αλληλεξάρτησης.",,169,
452,Ι΄,§62,Εἰς τὰς ἁγίας καὶ αὖθις ἐντολάς καὶ εἰς τὴν ἔνδειαν τοῦ ἔτους,ΕΝΤΟΛΗ,ΔΟΞΟΛΟΓΙΑ,Ουδέτερο,0.61,"Διδακτική-κανονιστική παράθεση βιβλικών παραδειγμάτων ανακάλυψης τεχνών από τους πρωτόγονους ανθρώπους, χωρίς έντονη συναισθηματική φόρτιση, με αφηγηματικό-εγκυκλοπαιδικό χαρακτήρα.",,170,
453,Ι΄,§63,Εἰς τὰς ἁγίας καὶ αὖθις ἐντολάς καὶ εἰς τὴν ἔνδειαν τοῦ ἔτους,ΕΝΤΟΛΗ,,Ουδέτερο,0.61,"Η παράγραφος έχει καθαρά ερμηνευτικό-διδακτικό χαρακτήρα: ο συγγραφέας εξετάζει με σχολαστική λογική τις πρακτικές συνθήκες της πρωτόγονης γεωργίας, χωρίς εμφανή συναισθηματική φόρτιση, προσεγγίζοντας τη θεολογική αφήγηση ως κανονιστική γνωσιολογική παρουσίαση.",,170,
454,Ι΄,§64,Εἰς τὰς ἁγίας καὶ αὖθις ἐντολάς καὶ εἰς τὴν ἔνδειαν τοῦ ἔτους,ΚΑΤΗΓΟΡΙΑ,ΔΟΞΟΛΟΓΙΑ,Αρνητικό,0.71,"Η αντίθεση δικαίων (Νώε, Μωϋσής) προς Έλληνες που «ὑγιές τι λαλῆσαι οὐκ ἴσχυσαν» λειτουργεί ως ήπια αλλά σαφής κατηγορία της ειδωλολατρικής σοφίας.",,170,
455,Ι΄,§65,Εἰς τὰς ἁγίας καὶ αὖθις ἐντολάς καὶ εἰς τὴν ἔνδειαν τοῦ ἔτους,ΔΟΞΟΛΟΓΙΑ,ΕΝΤΟΛΗ,Θετικό,0.74,"Η παράγραφος εξυμνεί την άπειρη σοφία και δύναμη του Θεού ως πηγή πάσης γνώσης και τέχνης, με κορύφωση στην Ενσάρκωση ως απόλυτη αποκάλυψη της σωτήριας οδού — δοξολογικός τόνος με διδακτικό υπόστρωμα.",,170,
456,Ι΄,§66,Εἰς τὰς ἁγίας καὶ αὖθις ἐντολάς καὶ εἰς τὴν ἔνδειαν τοῦ ἔτους,ΜΕΤΑΝΟΙΑ,ΕΛΠΙΔΑ,Θετικό,0.91,"Πενταπλή επανάληψη «μετανοεῖτε» με άμεση σύνδεση στη βασιλεία τῶν οὐρανῶν — η μετάνοια παρουσιάζεται όχι ως τιμωρία αλλά ως θύρα σωτηρίας, με θετική εσχατολογική φόρτιση που κυριαρχεί επί του ελεγκτικού τόνου.",,170,
457,Ι΄,§67,Εἰς τὰς ἁγίας καὶ αὖθις ἐντολάς καὶ εἰς τὴν ἔνδειαν τοῦ ἔτους,ΔΟΞΟΛΟΓΙΑ,ΕΛΠΙΔΑ,Θετικό,0.82,"Η παράγραφος κλείνει με τριαδική δοξολογία (ᾧ ἡ δόξα καὶ τὸ κράτος… εἰς τοὺς αἰῶνας τῶν αἰώνων· ἀμήν) που κυριαρχεί συναισθηματικά, ενώ η επευκτική φράση για μετάνοια και αιώνιο ζωή προσθέτει δευτερεύουσα ελπιδοφόρο χροιά.",,171,
