"id","logos","section","paragraph","text","source","page_start","page_end","sequence","token_count","text_hash","biblical_citations","incomplete","partial"
"1","Α΄","","Περὶ μετανοίας καὶ βασιλείας αἰωνίου","","Stefanis 1996","75","75","1","0","","","True","False"
"2","Β΄","§1","Εἰς τὰ τῆς μετανοίας ἐπίλοιπα","***] ὑπὲρ νοῦν θεαμάτων ἐκείνων, τὸ δὲ μῆκος καὶ πλάτος καὶ μέγεθος τοῦ θείου λειμῶνος ἐκείνου ὁ ἄρδων αὐτὸν ἐδήλωσε ποταμός· ποταμὸς γάρ, φησίν, ἐκπορεύεται ἐξ Ἐδὲμ ποτίζειν τὸν παράδεισον. Διατί δὲ ἀρδείαν καὶ ποταμοῦ ἐδήλωσε μέγεθος; ἴσμεν γὰρ ὅτι οὐκ ἔστι παράδεισος μὴ ἔχων νᾶμα πηγαῖον τοῦτον ἐπάρδον· ἀλλ᾿ ἵνα πάντως ἐκ τοῦ ἀρδικοῦ πλήθους τῶν ὑδάτων ἐκείνων μυηθῶμεν τοῦ ἀρδομένου τὸ μέγεθος· ἐκεῖθεν, φησίν, ἀφορίζεται εἰς τέσσαρας ἀρχάς, τὸν Φισὼν δηλῶν καὶ Γεὼν σὺν τῷ Τίγρει καὶ Εὐφράτῃ, ἐξ ὧν εἷς μόνος ἱκανεῖ ἀρδεῦσαι πλάτος γῆς ἀπειρότατον· τί δὲ λοιπὸν οἱ τέσσαρες ὁμοῦ ἀναβλύζοντες καὶ ἀρδεύοντες ἅμα τὸν θεῖον παράδεισον; Εἴη δὲ ἡμᾶς τῆς τούτου εὐκαίρως τυχεῖν ἀπολαύσεως καὶ τρυφῆς ἀκηράτου.","Stefanis 1996","75","75","2","113","56d0b188faa319923005e10efe720d66329ca01ae4598d8578733ce98a56aad9","","True","True"
"3","Β΄","§2","Εἰς τὰ τῆς μετανοίας ἐπίλοιπα","Ἐπεὶ δὲ παραδείσους παραδείσῳ συγκρίναντες, ὡς προειρήκαμεν, καὶ μικρὰ ἐκ τῶν μεγάλων τῷ λόγῳ κατετρυφήσαμεν, ἐξίωμεν ἤδη πρὸς τὰ βασίλεια πορευόμενοι καὶ ὡς ἐν εἰκόσι καὶ τύποις ἐντεῦθεν τὰ ἐκεῖ κατοπτεύσωμεν. Ὅρα τὸν βασιλέα τὸν ἐπὶ γῆς καὶ τὴν δόξαν αὐτοῦ καὶ τὴν λαμπρὰν βασιλείαν, τὴν φαιδρὰν ἁλουργίδα, τὰς φανοτάτους οἰκίας, τοὺς ταξιάρχους, τὰ στρατόπεδα, τοὺς υἱούς, τοὺς φίλους, τοὺς δούλους, τοὺς ἐχθρούς, τὸν θρόνον, τὸν βασιλέα, τὴν κρίσιν, τὴν τάξιν, τοὺς παρέδρους, τοὺς ἐγγύς, τοὺς μήκοθεν, τοὺς πόρρω, τοὺς ὑπευθύνους, τοὺς ἀνευθύνους, τοὺς κληρονόμους, τὸ διάδημα, περὶ οὗ μνείαν ποιεῖται ὁ Σολομὼν βουλόμενος δεῖξαι διὰ τοῦ προσκαίρου τὸ ἀθάνατον, ὅτε λήψονται τὸ βασίλειον τῆς εὐπρεπείας καὶ τὸ διάδημα τοῦ κάλλους ἐκ χειρὸς Κυρίου.","Stefanis 1996","75","75","3","114","9e2045d2632a24848dd5cdea30807c7749361afab59fa318c9612a73854875fa","","False","False"
"4","Β΄","§3","Εἰς τὰ τῆς μετανοίας ἐπίλοιπα","Καὶ εἰ ταῦτα μὲν ῥητὰ καὶ αἰσθητὰ ὄντα οὐ δύναται ῥᾳδίως ὁ λόγος ἀπαριθμῆσαι, ἐπεὶ καὶ αὕτη ἡ πρόσκαιρος βασιλεία πλείστους κρυφίους κέκτηται θησαυρούς, πῶς ἂν δυνήσηται τὴν ἄρρητον βασιλείαν ἐκείνην καὶ τὸν ἄφραστον πλοῦτον ὁ λόγος δηλῶσαι; Σιωπῆς χρεία λοιπὸν καὶ μόνον θαυμάζειν ἐκ τῶν ὁρωμένων τὰ μὴ ὁρώμενα, οἷον τὸ ἀνέσπερον φῶς, τὸν πλοῦτον τὸν ἄφραστον, τὴν δόξαν τὴν ἄληκτον, τὰ στίφη τῶν σῳζομένων, τὴν χιλίων χιλιάδων καὶ μυρίων μυριάδων ἀγλαϊφόρον πληθύν, δηλαδὴ τῶν ἀγγέλων καὶ ἀρχαγγέλων καὶ ἀρχῶν, τῶν ἐξουσιῶν, τῶν δυνάμεων ἅμα τῶν κυριοτήτων, τῶν σεραφίμ, τῶν χερουβὶμ καὶ τῶν θείων θρόνων ἐκείνων τὴν τρισάγιον ὑμνῳδίαν, τῆς ἀγαλλιάσεως τὴν φωνήν, τὴν πόλιν τὴν ἄρρητον, ἧς τεχνίτης καὶ δημιουργὸς ὁ Θεός.","Stefanis 1996","75","76","4","114","0e0f83e31cf4ec30f34acd6d74a3cd13952c997b81a16241b8aa39ac2890c2ed","","False","False"
"5","Β΄","§4","Εἰς τὰ τῆς μετανοίας ἐπίλοιπα","Εἰ δέ τις ἡμᾶς ἀπαιτεῖ φάναι τί ἐστιν βασιλεία, φῶμεν ὅτι ἀμήχανον λέξαι σαφῶς τί ἐστι βασιλεία ἢ τί ἐστιν ὁ αὐτῆς βασιλεύς. Ὁπηνίκα γὰρ ὤφθη ἐπὶ τῆς γῆς ὁ θεάνθρωπος αὐτῆς βασιλεὺς καὶ τοῖς ἀνθρώποις συνανεστράφη, πολλάκις παραβολικῶς μέμνηται βασιλείας, τὴν δὲ φύσιν αὐτῆς οὐκ ἐδήλωσεν. Ἔλεγε γάρ· Ὡμοιώθη ἡ βασιλεία τῶν οὐρανῶν ἀνθρώπῳ σπείροντι καλὸν σπέρμα ἐν τῷ ἀγρῷ αὐτοῦ, καὶ αὖθις· Ὁμοία ἐστὶν ἡ βασιλεία τῶν οὐρανῶν κόκκῳ σινάπεως, καί· Ὁμοία ἐστὶν ἡ βασιλεία τῶν οὐρανῶν ζύμῃ καὶ τὰ ἑξῆς, καὶ αὖθις· Ὁμοία ἐστὶν ἡ βασιλεία τῶν οὐρανῶν θησαυρῷ κεκρυμμένῳ ἐν ἀγρῷ, καὶ πάλιν· Ὁμοία ἐστὶν ἡ βασιλεία τῶν οὐρανῶν σαγήνῃ βληθείσῃ εἰς τὴν θάλασσαν, καί· Ὁμοία ἐστὶν ἡ βασιλεία τῶν οὐρανῶν ἀνθρώπῳ οἰκοδεσπότῃ, ὅστις ἐξῆλθεν ἅμα πρωῒ μισθώσασθαι ἐργάτας εἰς τὸν ἀμπελῶνα αὐτοῦ καὶ τὰ ἑξῆς, καὶ ὅτι· Ὁμοία ἐστὶν ἡ βασιλεία τῶν οὐρανῶν ἀνθρώπῳ βασιλεῖ, ὃς ἠθέλησε συνᾶραι λόγον μετὰ τῶν δούλων αὐτοῦ, καὶ αὖθις· Ὡμοιώθη ἡ βασιλεία τῶν οὐρανῶν ἀνθρώπῳ βασιλεῖ, ὅστις ἐποίησε γάμους τῷ υἱῷ αὐτοῦ, καὶ ὅτι· Ὡμοιώθη ἡ βασιλεία τῶν οὐρανῶν δέκα παρθένοις.","Stefanis 1996","76","76","5","172","0e3800097adbe41f186e24281acb7c5503a6bc170352d7fea92fd68b48c25e07","","False","False"
"6","Β΄","§5","Εἰς τὰ τῆς μετανοίας ἐπίλοιπα","Ὁρᾷς ὁσαχῶς ἐμνημόνευσε βασιλείας καὶ τὴν φύσιν αὐτῆς οὐκ ἐδήλωσεν; Ὅρα δὲ ὅτι ἐν ταῖς δυσὶν ἐσχάταις παραβολαῖς δείκνυσιν ὁ Δεσπότης τὴν χαρὰν τοῦ θείου νυμφῶνος ἐκείνου καὶ ὅτι ὁ μὴ ἔχων ἔνδυμα γάμου ἐκεῖθεν πρὸς τιμωρίαν ἀπελαθήσεται, τῇ δὲ μωρᾷ παρθενίᾳ ἐστὶν ἀπρόσιτος· αἱ δὲ λοιπαὶ θεῖαι παραβολαὶ διαφόρους καὶ προσηκούσας κέκτηνται τὰς ἐννοίας καὶ ὡς ῥεῖθρα θεόβρυτα ψυχὰς ἀρδεύουσι τῶν πιστῶν.","Stefanis 1996","76","76","6","63","e40fd7a2eaa44fafa603c9dd0ff9d252acc1d8e741f58072c008b7e7f8836436","","False","False"
"7","Β΄","§6","Εἰς τὰ τῆς μετανοίας ἐπίλοιπα","Γένοιτο δὲ ἡμᾶς τὰ θεῖα ταῦτα ποτίζεσθαι ῥεῖθρα ὡς τὴν Σαμαρείτιδα ἐκείνην γυναῖκα καὶ τὴν ἄνοιαν μὲν εἰλικρινῶς διαφυγεῖν, προσδραμεῖν δὲ τῇ μετανοίᾳ θερμῶς καὶ ἐκ τῶν προσκαίρων τὰ αἰώνια καθορᾶν, καθάπερ καὶ ὁ λόγος ἀμυδρῶς διεξῆλθε, καὶ τῆς αἰωνίου βασιλείας ἀξιωθῆναι χάριτι καὶ φιλανθρωπίᾳ τοῦ Κυρίου ἡμῶν Ἰησοῦ Χριστοῦ, μεθ᾿ οὗ τῷ Πατρὶ ἅμα τῷ ἁγίῳ Πνεύματι πρέπει πᾶσα δόξα, τιμὴ καὶ προσκύνησις νῦν καὶ ἀεὶ καὶ εἰς τοὺς αἰῶνας τῶν αἰώνων· ἀμήν. ΤΟΥ ΑΥΤΟΥ","Stefanis 1996","76","76","7","76","ab0c5ca6bd28bbac3115e9cd5cafe588bbee2e0f83cef4d9b7555651f581fa67","","False","False"
"8","Γ΄","§1","Περὶ τοῦ θείου βαπτίσματος καὶ τῆς ἁγίας ἀγάπης καὶ πλείστων ἑτέρων θείων ἐντολῶν","Πρῶτον περὶ πρώτης θείας φωνῆς καὶ ἐντολῆς, τῆς σωστικῆς φημι μετανοίας καὶ βασιλείας αἰωνίου, διαλεχθέντες, ὡς ἡ τοῦ παναγίου Πνεύματος ἐχορήγησε χάρις, καὶ τὸν λόγον ἀποτιθέμενοι, δευτεραῖοι πρὸς παράδεισον ἄλλον ὡς ἐκ παραδείσου, πρὸς υἱοθεσίαν καὶ ἀγάπην, ποιούμεθα τὴν πορείαν, ἤγουν τῆς τοῦ θείου βαπτίσματος χάριτος. Διὸ καὶ ἐβαπτίζοντο … ἐξομολογούμενοι τὰς ἁμαρτίας αὐτῶν, καί· Ἐὰν μή τις γεννηθῇ ἄνωθεν, ἤγουν δι᾿ ὕδατος καὶ πνεύματος, οὐ μὴ εἰσέλθῃ, φησίν, εἰς τὴν βασιλείαν τῶν οὐρανῶν, καί· Μετανοήσατε, καὶ βαπτισθήτω, φησίν, ἕκαστος ὑμῶν καὶ τὰ ἑξῆς· καὶ αὖθις· Ὅσοι, φησίν, ἔλαβον αὐτὸν (διὰ λουτροῦ παλιγγενεσίας) ἔδωκεν αὐτοῖς ἐξουσίαν τέκνα Θεοῦ γενέσθαι.","Stefanis 1996","76","77","8","99","2b2d6583f4c0467b8d653391a2c842cacc2355f6312ef809ca954f7e687b7727","","False","False"
"9","Γ΄","§2","Περὶ τοῦ θείου βαπτίσματος καὶ τῆς ἁγίας ἀγάπης καὶ πλείστων ἑτέρων θείων ἐντολῶν","Εἰκότως ἥρμοσται τῇ μετανοίᾳ τὸ βάπτισμα, καὶ τούτῳ ἡ υἱοθεσία, μεθ᾿ ἣν ἡ κραταιὰ τῶν ἀγαθῶν κορωνίς, τὸ τοῦ νόμου πλήρωμα καὶ πάντων τῶν προφητῶν, τὸ ἀποστολικὸν ἐγκαλλώπισμα, τῆς μαθητείας τὸ γνώρισμα· Ἐν τούτῳ, φησί, γνώσονται πάντες ὅτι ἐμοί ἐστε μαθηταί, ἐὰν ἀγάπην ἔχητε ἐν ἀλλήλοις· οὐχ ἵνα νεκροὺς ἀναστήσητε καὶ λεπροὺς καθαρίσητε καὶ δαίμονας ἀπελάσητε καὶ τυφλοὺς ὀμματώσητε, οὐκ ἐντεῦθεν γνώσονται πάντες ὅτι ἐμοί ἐστε μαθηταί, ἐπεὶ καὶ πολλοὶ ἐροῦσί μοι ἐν ἐκείνῃ τῇ ἡμέρᾳ· Κύριε Κύριε, οὐ τῷ σῷ ὀνόματι προεφητεύσαμεν καὶ δαιμόνια ἐξεβάλομεν καὶ δυνάμεις πολλὰς ἐποιήσαμεν; καὶ τότε ὁμολογήσω αὐτοῖς ὅτι οὐδέποτε ἔγνων ὑμᾶς· ἀλλ᾿ ἐν τούτῳ γνώσονται πάντες ὅτι ἐμοί ἐστε μαθηταί, ἐὰν ἀγάπην ἔχητε ἐν ἀλλήλοις· τὰ γὰρ σημεῖα διαβάλλειν ἴσως ἐπιχειροῦσιν οἱ πονηροί, ὡς ἐκ γοητείας καὶ ἐκ Βεελζεβούλ, τὴν δὲ ἀγάπην θαυμάσωσι πάντες· ὁπηνίκα καὶ ἐχθροὺς λογίζεσθε ὡς φίλους, τότε γνώσονται πάντες ὅτι ἐμοί ἐστε μαθηταί.","Stefanis 1996","77","77","9","144","1c7da3ba89e3aa2e14c0184ae70e7a42cf42316b0dc0824f25bbe179f0a86b2c","","False","False"
"10","Γ΄","§3","Περὶ τοῦ θείου βαπτίσματος καὶ τῆς ἁγίας ἀγάπης καὶ πλείστων ἑτέρων θείων ἐντολῶν","Ἐντολὴν καινὴν δίδωμι ὑμῖν, ἵνα ἀγαπᾶτε ἀλλήλους, καθὼς ἠγάπησα ὑμᾶς. Τί ἐστιν καθὼς ἠγάπησα ὑμᾶς; ἐπειδὴ ἔστι καὶ ἀγάπη σαρκικὴ καὶ ἀγάπη σατανική, ὡσαύτως καὶ ὑποκριτική, προσέθηκε τό· Καθὼς ἠγάπησα ὑμᾶς. Ἠγάπησα ὑμᾶς ἀγάπην ἀπὸ καρδίας, ἀγάπην θεϊκήν, ἀγάπην σωτήριον, ἀγάπην πρὸς βασιλείαν, ὥστε καὶ τὸ αἷμά μου δίδωμι λύτρον ὑπὲρ τοῦ κόσμου καὶ τὴν ψυχήν μου τίθημι ὡς ποιμὴν ἀγαθὸς ὑπὲρ προβάτων ἰδίων. Καὶ ὑμῖν ἐντέλλομαι τοῦτο, ἵνα ἀγαπᾶτε ἀλλήλους, καθὼς ἠγάπησα ὑμᾶς· μεῖζον γὰρ ταύτης ἀγάπην οὐδεὶς ἔχει, ἵνα τις τὴν ψυχὴν αὐτοῦ θῇ ὑπὲρ τῶν φίλων αὐτοῦ· καὶ ὑμεῖς φίλοι μού ἐστε, ἐὰν ποιῆτε ἃ ἐντέλλομαι ὑμῖν· καὶ τὴν ψυχήν μου τίθημι ὑπὲρ πάντων ὑμῶν.","Stefanis 1996","77","77","10","108","94f9f0bfd2ebebdd5ef25a1726ad185b950805895b6169899f60a8baa7d3f6cc","","False","False"
"11","Γ΄","§4","Περὶ τοῦ θείου βαπτίσματος καὶ τῆς ἁγίας ἀγάπης καὶ πλείστων ἑτέρων θείων ἐντολῶν","Ταῦτα πρὸς τοὺς κλεινοὺς καὶ θείους ἐντέταλται ἀποστόλους καὶ πρὸς ἡμᾶς διαπορθμεῦσαι ταῦτα τούτοις διεκελεύσατο. Πορευθέντες, φησὶ μετὰ τὴν σωτήριον καὶ φαιδρὰν ἐξανάστασιν, μαθητεύσατε πάντα τὰ ἔθνη <διδάσκοντες αὐτοὺς> τηρεῖν πάντα ὅσα ἐνετειλάμην ὑμῖν.","Stefanis 1996","77","77","11","34","25712e298adf5a20a5a5a1f56710d0058aee679566253c5bfb3383f3bbb18e7a","","False","False"
"12","Γ΄","§5","Περὶ τοῦ θείου βαπτίσματος καὶ τῆς ἁγίας ἀγάπης καὶ πλείστων ἑτέρων θείων ἐντολῶν","Ἐντολὴν καινὴν δίδωμι ὑμῖν, οὐ καθὼς ἠκούσατε τοῖς ἀρχαίοις ῥηθεῖσαν, ὅτι ἀγαπήσεις τὸν πλησίον σου καὶ μισήσεις τὸν ἐχθρόν σου, ἀλλὰ Ἀγαπᾶτε τοὺς ἐχθροὺς ὑμῶν, εὐλογεῖτε τοὺς καταρωμένους ὑμᾶς, καλῶς ποιεῖτε τοῖς μισοῦσιν ὑμᾶς καὶ προσεύχεσθε ὑπὲρ τῶν ἐπηρεαζόντων καὶ διωκόντων ὑμᾶς.","Stefanis 1996","77","77","12","42","2cac8f6ee4a9b1c6830164f1a3cd5e3652ba4c875d58605a6cbe9675efa02ce5","","False","False"
"13","Γ΄","§6","Περὶ τοῦ θείου βαπτίσματος καὶ τῆς ἁγίας ἀγάπης καὶ πλείστων ἑτέρων θείων ἐντολῶν","Εἰ δὲ σκληρὰ ταῦτα καὶ δυσαγώνιστα, ὅρα τὴν ἀμοιβήν· Ἵνα γένησθε υἱοὶ τοῦ πατρὸς ὑμῶν τοῦ ἐν οὐρανοῖς, τουτέστιν ἐμοὶ ἀδελφοὶ καὶ μιμηταί, ὡς ἐνῆν, ὅτι τὸν ἥλιον αὐτοῦ ἀνατέλλει ἐπὶ πονηροὺς καὶ ἀγαθοὺς καὶ βρέχει ἐπὶ δικαίους καὶ ἀδίκους. Οὐκ ἀγαθοῖς καὶ δικαίοις τὸν ἥλιον καὶ τὸν ὑετὸν δίδωσι μόνον, τοῖς δὲ πονηροῖς καὶ ἀπίστοις καὶ ἁμαρτωλοῖς ἐπέσχε τὴν τούτων μετάδοσιν, ἀλλὰ τοῖς πᾶσιν ὁμοῦ εὐεργετεῖ τε καὶ θάλπει. Καὶ σὺ τοιγαροῦν, ἐξαπλῶν τὴν ἀγάπην πρὸς ἐχθρούς τε καὶ φίλους, ἐκεῖνον μιμεῖσαι τὸ κατὰ δύναμιν. Ἐὰν γὰρ ἀγαπᾶτε τοὺς ἀγαπῶντας ὑμᾶς, τίνα μισθὸν ἔχετε; καὶ ἐὰν ἀσπάζεσθε τοὺς φίλους ὑμῶν μόνον, τί περισσὸν ποιεῖτε; οὐχὶ καὶ οἱ τελῶναι τὸ αὐτὸ ποιοῦσιν; ἔσεσθε οὖν ὑμεῖς τέλειοι, ὡς ὁ πατὴρ ἡμῶν ὁ οὐράνιος τέλειός ἐστιν.","Stefanis 1996","77","78","13","124","c3a97208aafc3bc6f906068aba43a276292ee89f86ec30b124aecc6fff8e88f5","","False","False"
"14","Γ΄","§7","Περὶ τοῦ θείου βαπτίσματος καὶ τῆς ἁγίας ἀγάπης καὶ πλείστων ἑτέρων θείων ἐντολῶν","Ὅρα πῶς ἀνάγει πρὸς τελειότητα τοὺς τηροῦντας τὰ θεῖα ταῦτα προστάγματα. Ἐν τῷ ἀγαπᾶν, φησί, τοὺς ἐχθροὺς καὶ εὐλογεῖν τοὺς καταρωμένους καὶ ποιεῖν καλῶς τοῖς μισοῦσι τέλειοι ἔσεσθε καὶ υἱοὶ τοῦ ἐπουρανίου πατρός. Οὐ διὰ τοῦτο τέλειός ἐστιν ὁ πατήρ, ὅτι τὸν ἥλιον αὐτοῦ ἀνατέλλει ἐπὶ πονηροὺς καὶ ἀγαθοὺς καὶ βρέχει ἐπὶ δικαίους καὶ ἀδίκους· ἦν γὰρ τέλειος καὶ ὑπερτέλειος καὶ ἔστι καὶ ἔσται καὶ τούτου χωρίς. Ἀλλὰ ὑμεῖς ἔσεσθε τέλειοι ἐν τῷ ἔχειν ἀγάπην πρὸς πάντας καὶ τῶν ἐχθρῶν ὑπερεύχεσθαι. Καθάπερ καὶ ἑτέρωθι· Εἰ θέλεις τέλειος εἶναι, φησί, πώλησόν σου τὰ ὑπάρχοντα καὶ δὸς πτωχοῖς, καὶ δεῦρο ἀκολούθει μοι, καὶ ἕξεις θησαυρὸν ἐν οὐρανοῖς.","Stefanis 1996","78","78","14","105","b7a8c3a368b8a3df8762aa4f715d8a8a7033a568c751b8b2c8ddbd8251a3b449","","False","False"
"15","Γ΄","§8","Περὶ τοῦ θείου βαπτίσματος καὶ τῆς ἁγίας ἀγάπης καὶ πλείστων ἑτέρων θείων ἐντολῶν","Ἔδειξεν οὖν ὁ ὑπεράγαθος τί δεῖ ποιεῖν τοὺς ἐραστὰς τῆς μακαρίας τελειότητος, ἀγαπᾶν τοὺς ἐχθρούς, εὐλογεῖν τοὺς καταρωμένους, καλῶς ποιεῖν τοῖς μισοῦσι καὶ προσεύχεσθαι ὑπὲρ τῶν ἐπηρεαζόντων καὶ διωκόντων, πωλεῖν δὲ τὰ ὑπάρχοντα καὶ πτωχοῖς διανέμειν. Ἐκ γὰρ τοῦ ἀγαπᾶν τοὺς ἐχθροὺς καὶ τὰ ἑξῆς γαλήνην καὶ ἀταραξίαν τῇ ψυχῇ παρεισάγει, δι᾿ ἧς τοῦ Πνεύματος τοῦ ἁγίου δοχεῖον ἐράσμιον ἀπαρτίζεται, καὶ Χριστοῦ μιμητής, ὡς τό· Ἄφες αὐτοῖς τὴν ἁμαρτίαν, πάτερ· οὐ γὰρ οἴδασι τί ποιοῦσι· ἐκ δὲ τοῦ πωλεῖν τὰ ὑπάρχοντα καὶ διανέμειν πτωχοῖς τριπλῆ κατορθοῦται ὠφέλεια, ἤγουν ἀκτημοσύνη, ἐλεημοσύνη καὶ Χριστοῦ ὀπαδία, ὡς τό· Ἰδοὺ ἀφήκαμεν πάντα καὶ ἠκολουθήσαμέν σοι. Εἰ δὲ καὶ σὺ ἐρωτήσεις τί ἄρα ἔσται ἡμῖν, ἀκούσεις ἀψευδεῖς ὑποσχέσεις καὶ πολλὴν ἀμοιβήν, ὅτι ἑκατονταπλασίονα λήψῃ τῶν παρεαθέντων ἐν τῷ αἰῶνι τούτῳ, ἐν δὲ τῷ μέλλοντι ζωῆς αἰωνίου κληρονομίαν.","Stefanis 1996","78","78","15","132","71b82cee0a52edb70f06ff5905a7da20465f65a9839f0262430beb8d65442c00","","False","False"
"16","Γ΄","§9","Περὶ τοῦ θείου βαπτίσματος καὶ τῆς ἁγίας ἀγάπης καὶ πλείστων ἑτέρων θείων ἐντολῶν","Ἀλλ᾿ ἐπειδὴ περὶ ἀγάπης ὁ λόγος, πρὸς ταύτην καὶ αὖθις ἐπανιτέον. Ἀγαπᾶτε, φησί, τοὺς ἐχθροὺς ὑμῶν, εὐλογεῖτε τοὺς καταρωμένους ὑμᾶς, καλῶς ποιεῖτε τοῖς μισοῦσιν ὑμᾶς καὶ προσεύχεσθε ὑπὲρ τῶν ἐπηρεαζόντων καὶ διωκόντων ὑμᾶς, ὅπως γένησθε υἱοὶ τοῦ πατρὸς ἡμῶν τοῦ ἐν τοῖς οὐρανοῖς· καὶ αὖθις· Ἐὰν ἀφῆτε τοῖς ἀνθρώποις τὰ παραπτώματα αὐτῶν, ἀφήσει καὶ ὁ πατὴρ ἡμῶν ὁ οὐράνιος τὰ παραπτώματα ὑμῶν· ἐὰν δὲ μὴ ἀφίητε, οὐδὲ ὁ πατὴρ ἡμῶν ὁ οὐράνιος ἀφήσει ὑμῖν τὰ παραπτώματα ὑμῶν. Τὸ ἀκροτελεύτιον δὲ τῆς τῶν μυρίων ταλάντων παραβολῆς φρικτῶς ἀποτίθεται· Οὕτως, φησί, καὶ ὁ πατήρ μου ὁ οὐράνιος ποιήσει ὑμῖν, ἐὰν μὴ ἀφῆτε ἕκαστος τῷ ἀδελφῷ αὐτοῦ ἀπὸ τῶν καρδιῶν ὑμῶν τὰ παραπτώματα αὐτῶν.","Stefanis 1996","78","78","16","111","e1967c650e2069f50c3c49f7c6e5664db9a9a2e2e16cc09fe4957942a2406296","","False","False"
"17","Γ΄","§10","Περὶ τοῦ θείου βαπτίσματος καὶ τῆς ἁγίας ἀγάπης καὶ πλείστων ἑτέρων θείων ἐντολῶν","Ὥσπερ πατὴρ φιλόστοργος, εἰς εὐταξίας κοσμιότητα ῥυθμίζειν τοὺς παῖδας βουλόμενος καὶ μηδὲν τῆς πατρικῆς εὐγενείας ἔξωθεν περιφέρεσθαι, πολλὴν ποιεῖται τὴν ἐπιμέλειαν, οὕτω καὶ ὁ Χριστός, βουλόμενος ἡμῶν γαληνιᾶν τὴν καρδίαν διηνεκῶς, πολλὴν ποιεῖται τὴν ἐπιμέλειαν, πολλὴν παρεισάγει τὴν εὐταξίαν, οὐ βούλεται ἡμᾶς ἐχθραίνειν, οὐ μάχεσθαι, οὐ μνησικακεῖν, οὐκ ἀντιλέγειν· διὸ καὶ ἐπάγει μὴ ἀντιστήκειν τῷ πονηρῷ. ’Ηκούσατε, φησίν, ὅτι ἐρρέθη τοῖς ἀρχαίοις ὀφθαλμὸν ἀντὶ ὀφθαλμοῦ καὶ ὀδόντα ἀντὶ ὀδόντος· ἐγὼ δὲ λέγω ὑμῖν μὴ ἀντιστῆναι τῷ πονηρῷ, ἀλλ᾿ ὅστις σε ῥαπίσει εἰς τὴν δεξιὰν σιαγόνα, στρέψον αὐτῷ καὶ τὴν ἄλλην· καὶ ὅστις σε ἀγγαρεύσει μίλιον ἕν, ὕπαγε μετ᾿ αὐτοῦ δύο. Τῷ θέλοντί σοι κριθῆναι καὶ τὸν χιτῶνά σου λαβεῖν, ἄφες αὐτῷ καὶ τὸ ἱμάτιον.","Stefanis 1996","78","79","17","114","d47d1a2130c83da21d9d4127f68f0814b8e312b9e8afcaf0e63085615fbfecad","","False","False"
"18","Γ΄","§11","Περὶ τοῦ θείου βαπτίσματος καὶ τῆς ἁγίας ἀγάπης καὶ πλείστων ἑτέρων θείων ἐντολῶν","Ὅρα πῶς, καθάπερ γεωργὸς ἄριστος τὰς ἀρούρας, ὁ Δεσπότης τοὺς ἐραστὰς τῶν ἁγίων αὐτοῦ ἐντολῶν πάντοθεν περιφράττει, ὅτι μὴ μόνον ἐχθροὺς ἀγαπᾶν διακελεύεται καὶ εὔχεσθαι ἐπηρεαζόντων καὶ ἀγαθοποιεῖν τοὺς μισοῦντας καὶ διώκοντας ἡμᾶς, ἀλλὰ μηδὲ ἀντιστήκειν τῷ πονηρῷ, παρέχειν δὲ ἑαυτοὺς τῷ θέλοντι καταδυναστεύειν· καὶ μὴ παρέχειν ἁπλῶς, ἀλλὰ καὶ μετὰ προσθήκης τοῦτο ποιεῖν, ὥστε, εἴτε τύπτειν θελήσειεν εἴτε ἀγγαρεύειν εἴτε καὶ τὸν χιτῶνα λαμβάνειν, μὴ ἀντιστήκειν τῷ πονηρῷ, ἀλλὰ καὶ τὸ ἱμάτιον παρέχειν ὁ Δεσπότης κελεύει.","Stefanis 1996","79","79","18","77","f099fe78cada88af79f283e3dd58bace9bf59d7197ea21b30f9fabe06bff0615","","False","False"
"19","Γ΄","§12","Περὶ τοῦ θείου βαπτίσματος καὶ τῆς ἁγίας ἀγάπης καὶ πλείστων ἑτέρων θείων ἐντολῶν","Διατί, ὦ Δέσποτα, μετὰ προσθήκης κελεύεις ὑπείκειν τῷ πονηρῷ, ὥστε καὶ τύπτοντι σιαγόνι δεξιᾷ καὶ τὴν ἄλλην παρέχειν καὶ ἀγγαρεύοντι μίλιον ἓν δύο ἕπεσθαι αὐτῷ, ἀλλὰ καὶ τὸ ἱμάτιον παρέχειν τῷ βουλομένῳ κριθῆναι καὶ λαβεῖν τὸν χιτῶνα;","Stefanis 1996","79","79","19","37","680aa699c27164fbbfe26d8bbdfbabcaa69b18e35b6dd895ac9d88e46e372355","","False","False"
"20","Γ΄","§13","Περὶ τοῦ θείου βαπτίσματος καὶ τῆς ἁγίας ἀγάπης καὶ πλείστων ἑτέρων θείων ἐντολῶν","Ταῦτα ποιῶν, φησί, τὴν ἐκείνου διακλᾷς πονηρίαν, θραύεις αὐτοῦ τὴν ἄπληστον γνώμην, ἀμείβεις αὐτὸν ἐκ τοῦ ἀποτόμου πρὸς τὸ ἐνδόσιμον, κερδάνεις κἀκεῖνον ἐν τῇ σῇ ταπεινώσει, ἐπεὶ καὶ δαίμοσι πονηροῖς ἡ ταπείνωσίς ἐστιν ἀμίμητος, καὶ σαυτῷ διπλοῦν προξενήσεις τὸν στέφανον· εἰ δὲ καὶ ἄτρεπτον ἐκεῖνος τὴν πονηρίαν ἐπιτελεῖ, τότε μᾶλλον σὺ σπεῦσον μὴ ἀντιστῆναι τῷ πονηρῷ, καὶ πολὺν ἕξεις ἐν οὐρανοῖς τὸν μισθόν.","Stefanis 1996","79","79","20","63","25068b0649101bc1b6bd7860236f3f6b87a02a16d9b7a6e7bbf5026185d54174","","False","False"
"21","Γ΄","§14","Περὶ τοῦ θείου βαπτίσματος καὶ τῆς ἁγίας ἀγάπης καὶ πλείστων ἑτέρων θείων ἐντολῶν","Ἐὰν δὲ καὶ τὸ δῶρόν σου προσφέρῃς ἐπὶ τὸ θυσιαστήριον κἀκεῖ μνησθῇς ὅτι ὁ ἀδελφός σου ἔχει τι κατὰ σοῦ, ἄφες ἐκεῖ τὸ δῶρόν σου ἔμπροσθεν τοῦ θυσιαστηρίου καὶ ὕπαγε, πρῶτον διαλλάγηθι τῷ ἀδελφῷ σου, καὶ τότε ἐλθὼν πρόσφερε τὸ δῶρόν σου· ἔχοντος γὰρ ἐκείνου τι κατὰ σοῦ, ὥς τι παρὰ σοῦ ἀδικηθέντος (ἢ καὶ μὴ ἀδικηθέντος, ἔχει δ᾿ ὅμως τι κατὰ σοῦ), ἀπρόσδεκτόν σου τὸ δῶρον γενήσεται.","Stefanis 1996","79","79","21","68","880bf05c5034e4dba479d1769762d91647ecb7b01bd8ebfb56b5821fd0ae7406","","False","False"
"22","Γ΄","§15","Περὶ τοῦ θείου βαπτίσματος καὶ τῆς ἁγίας ἀγάπης καὶ πλείστων ἑτέρων θείων ἐντολῶν","Ἐὰν δὲ ἐκεῖνος εἰς σὲ ἁμαρτήσῃ, ἔλεγξον αὐτὸν μεταξὺ σοῦ καὶ αὐτοῦ μόνου· καὶ ἐὰν ἀκούσῃ σου, ἐκέρδησας τὸν ἀδελφόν σου, ὃν μικροῦ δεῖν ἔμελλες ζημιωθῆναι διὰ σιωπὴν ἐχθροποιὸν τῆς ἐκείνου πρὸς σὲ ἁμαρτίας. Ἐὰν δὲ παρακούσῃ σου, παράλαβε μετὰ σοῦ ἔτι ἕνα ἢ δύο, ἵνα δυσωπηθῇ ἐκείνους διεντραπείς· εἰ δὲ μὴ τοῦτο, ἵνα ἐπὶ στόματος δύο μαρτύρων ἢ τριῶν σταθήσεται πᾶν ῥῆμα. Ἐὰν δὲ καὶ αὐτῶν παρακούσῃ, εἰπὲ τῇ ἐκκλησίᾳ· ἐὰν δὲ καὶ τῆς ἐκκλησίας παρακούσῃ, ὡς ἀνίατος λοιπὸν καὶ ἄσπονδος ἔστω σοι ὡς ὁ ἐθνικὸς καὶ ὁ τελώνης. Μὴ μέντοι ὡς ἐθνικὸν καὶ τελώνην καταπολεμήσῃς αὐτόν, ἵνα λέγῃς ἐν παρρησίᾳ· Ἄφες ἡμῖν τὰ ὀφειλήματα ἡμῶν, ὡς καὶ ἡμεῖς ἀφίεμεν τοῖς ὀφειλέταις ἡμῶν. Καὶ κατελέησον ἐκεῖνον μᾶλλον οὕτω διακείμενον, ἐθνικοῦ καὶ τελώνου κεκτημένον καρδίαν, μίσει δὲ ἐκείνου τὴν ἄσπονδον γνώμην καὶ μὴ ἐκεῖνον αὐτόν, ἵνα καὶ σὺ δυνηθῇς διαδρᾶσαι τὸ ἀπειλούμενον οὐαὶ διὰ τὰ σκάνδαλα. Οὐαὶ γὰρ τῷ κόσμῳ ἀπὸ τῶν σκανδάλων· ἀνάγκη γὰρ ἐλθεῖν τὰ σκάνδαλα, πλὴν οὐαὶ τῷ ἀνθρώπῳ ἐκείνῳ δι᾿ οὗ τὸ σκάνδαλον ἔρχεται.","Stefanis 1996","79","80","22","168","14343d32083027ddab65386855e2bb30f9447913d610df43c4ec1af8733cf681","","False","False"
"23","Γ΄","§16","Περὶ τοῦ θείου βαπτίσματος καὶ τῆς ἁγίας ἀγάπης καὶ πλείστων ἑτέρων θείων ἐντολῶν","Ἐπεὶ ἀδύνατόν ἐστιν τοῦ μὴ ἐλθεῖν τὰ σκάνδαλα, πῶς δυνηθῶμεν διαδρᾶσαι τὸ ἀπειλούμενον οὐαί; Κἂν μυριάκις τῆς ἡμέρας καὶ τῆς νυκτὸς τοσαυτάκις τὰ σκάνδαλα φύωνται, οὐκ ἐξ ἡμῶν δὲ αὐτῶν ἀλλ᾿ ἐξ ἑτέρου τινός, οὐδὲν ἡμῖν προσψαύσει τὸ ἀπειλούμενον οὐαί. Ἐῶ γὰρ λέγειν ὅτι καὶ τὰ μέγιστα ὠφεληθῶμεν, εἰ φανῶμεν γενναῖοι ἐν τοιούτῳ καιρῷ, ὥστε μὴ <μόνον μὴ> ἀντιστήκειν τῷ πονηρῷ, ἀλλὰ καὶ εὔχεσθαι τῶν ἐπηρεαζόντων ἡμᾶς καὶ διωκόντων ἢ καὶ τυπτόντων.","Stefanis 1996","80","80","23","72","45ce3bd67bd396862ab82ca24396de90189c481523185ea28ccbe0f62a5e763a","","False","False"
"24","Γ΄","§17","Περὶ τοῦ θείου βαπτίσματος καὶ τῆς ἁγίας ἀγάπης καὶ πλείστων ἑτέρων θείων ἐντολῶν","Ταῦτα ὁ Δεσπότης οὐκ εἶπε μέχρι λόγου ψιλοῦ, ἀλλὰ καὶ ἔργῳ ταῦτα ἐξεπλήρωσε· τί γὰρ ταπεινότερον τοῦ πραθῆναι (δούλου γὰρ τὸ πιπράσκεσθαι, δεσπότου δὲ τὸ πιπράσκειν), ἀλλὰ καὶ τοῦτο ὑπὸ δούλου ὑπὲρ δούλων ἀχρείων; Τῆς δουλείας τοῦ πονηροῦ πεπραμένους τῇ ἁμαρτίᾳ ἐξαγοράσας ἡμᾶς ἠλευθέρωσεν, ἠγάπα δὲ τοὺς ἐχθρούς, καὶ τὴν αὐτῶν σωτηρίαν ἐπιποθῶν μακροθύμως ἔφερε πάντα καὶ οὐκ ἀντέστη τῷ πονηρῷ Ἰούδᾳ ὑπ’ αὐτοῦ προδιδόμενος, ἀλλὰ καὶ ἀδελφὸν ἐπωνόμασε τὸν πονηρὸν ἐκεῖνον προδότην καὶ πράτην· Ἑταῖρε, ἐφ᾿ ᾧ πάρει, τουτέστιν, ἀδελφέ, δι᾿ ὃ ἦλθες· οὐδὲ γὰρ ἀντίσταμαι τῇ σῇ πονηρίᾳ, οὐ σκηπτῷ, οὐ κεραυνῷ κατακαύσω σε, οὐ θέλω καταποθῆναί σε ἀρτίως ζῶντα τῇ γῇ. Ἑταῖρε, ἐφ᾿ ᾧ πάρει· ἔργῳ τοὺς ἀνθρώπους διδάσκειν ἐπείγομαι μὴ ἀντιστήκειν τῷ πονηρῷ· γνώσονται γὰρ ἐντεῦθεν οἱ νουνεχεῖς, ἀπό τε τῆς σῆς πονηρίας καὶ τῆς ἐμῆς ἀνοχῆς, τίς ὁ κακῶς πεπονθώς, εἴτε ὁ δρῶν εἴτε ὁ πάσχων, καὶ γνόντες οἱ ἐρασταί μου καὶ τῶν ἐμῶν ἐντολῶν μάθωσι μὴ ἀντιστήκειν τῷ πονηρῷ, ἀλλὰ λέγειν καὶ αὐτοὺς πρὸς αὐτόν· Ἑταῖρε, ἐφ᾿ ᾧ πάρει.","Stefanis 1996","80","80","24","165","3e49d0645f130981f7017b6fcc250d241801777b7597ddf61b30b517d0389533","","False","False"
"25","Γ΄","§18","Περὶ τοῦ θείου βαπτίσματος καὶ τῆς ἁγίας ἀγάπης καὶ πλείστων ἑτέρων θείων ἐντολῶν","Τότε δήσαντες ὡς ὑπεύθυνον τὸν ἀνεύθυνον <***> ἀλλὰ καὶ τοὺς ὑπευθύνους ὡς ἀνευθύνους ἐλευθεροῦντα καὶ αἴροντα τὴν ἁμαρτίαν τοῦ κόσμου, ἄγουσιν αὐτὸν πρὸς Ἄνναν καὶ Καϊάφαν, πρὸς Πιλᾶτον καὶ Ἡρώδην· καὶ ψευδομαρτυρούμενος, λοιδορούμενος, διαβαλλόμενος, καταγελώμενος, ἐμπαιζόμενος, μυκτηριζόμενος, κωμῳδούμενος, ἐμπτυόμενος, τυπτόμενος, ῥαπιζόμενος, φραγγελούμενος ἔφερε μακροθύμως ὁ ἀνεξίκακος, καὶ νῦν μὲν σιωπῶν μηδὲν τὰς ἐκείνων ἀσεβείας λογιζόμενος, νῦν δὲ ἀποκρινόμενος μετὰ πολλῆς ἡμερότητος· Εἰ μὲν κακῶς, φησίν, ἐλάλησα, μαρτύρησον περὶ τοῦ κακοῦ· εἰ δὲ καλῶς, τί με δέρεις; Ἄρτι δὲ καὶ εὐχόμενος ὑπὲρ τῶν ἀναιρούντων αὐτόν, Ἄφες αὐτοῖς, φησί, τὴν ἁμαρτίαν ταύτην· οὐ γὰρ οἴδασι τί ποιοῦσι.","Stefanis 1996","80","80","25","95","157cb01d5cc23865e920075b0449eaab0c7b9697c41e311b24c55ad1cfe62a57","","False","False"
"26","Γ΄","§19","Περὶ τοῦ θείου βαπτίσματος καὶ τῆς ἁγίας ἀγάπης καὶ πλείστων ἑτέρων θείων ἐντολῶν","Εἰκότως γὰρ ὁ Δεσπότης καὶ πρὸς ἡμᾶς ἐντέλλεται ταῦτα, ὥστε ἀγαπᾶν τοὺς ἐχθροὺς ἡμῶν καὶ μὴ ἀντιστήκειν τῷ πονηρῷ, εὔχεσθαι δὲ τῶν ἐπηρεαζόντων καὶ διωκόντων ἡμᾶς. Ὅτι δὲ εὐχόμενοι τῶν ἐχθρῶν, μὴ μετανοούντων ἐκείνων τῆς πρὸς ἡμᾶς ἁμαρτίας, οὐκ ἐκείνους ἀλλ᾿ ἡμᾶς αὐτοὺς ὠφελοῦμεν ἔξεστι βουλομένους ἐντεῦθεν μανθάνειν. Ἐπεὶ γὰρ ἡ εὐχὴ τοῦ Σωτῆρος ἡμῶν Ἰησοῦ Χριστοῦ ὤνησεν οὐδαμῶς τοὺς οὐδὲν μετανοήσαντας, ποίου λοιπὸν ἀνθρώπου εὐχὴ ὑπὲρ ἐχθροῦ γενομένη δύναται ὠφελῆσαι τὸν μηδὲν πρὸς μετάνοιαν ἐπιστρέψαντα; Ἡ μὲν εὐχὴ μεγάλη καὶ θεία καὶ παρὰ Θεοῦ υἱοῦ πρὸς πατέρα Θεὸν ὑπὲρ ἐχθρῶν ἐξαιτήθη· Ἄφες αὐτοῖς, φησί, πάτερ, τὴν ἁμαρτίαν, καὶ ἀφείθη μὲν αὐτοῖς, οὐ μέντοι πᾶσιν, ἀλλὰ μόνοις δηλαδὴ ἐκείνοις τοῖς πιστεύσασιν εἰς αὐτὸν καὶ καλῶς μετανοήσασι, τοῖς δὲ μὴ τοιούτοις οὐ μόνον ὅτι ἡ ἁμαρτία οὐκ ἀφείθη αὐτοῖς, ἀλλὰ καὶ τὸ τῆς χριστοκτονίας ὄνομα ἐκληρώσαντο.","Stefanis 1996","80","81","26","135","6160290950921c868fd02e6793da66c6e6363093a3b5b79aff1bebdf0db6c9a0","","False","False"
"27","Γ΄","§20","Περὶ τοῦ θείου βαπτίσματος καὶ τῆς ἁγίας ἀγάπης καὶ πλείστων ἑτέρων θείων ἐντολῶν","Ἔδει μὲν οὖν ἡμᾶς ἀπεριέργως ὑπείκειν τῷ ἐντειλαμένῳ καὶ τῶν ἐχθρῶν ὑπερεύχεσθαι. Ἐπεὶ δὲ ὁ λόγος ὑπέδειξεν ὅτι ὑπὲρ ἐχθρῶν εὐχομένων ἡμῶν ἡμᾶς, οὐκ αὐτοὺς ὠφελοῦμεν ἐκείνους, κἂν πρὸς τὴν ἡμῶν ἀποσκοποῦντες ὠφέλειαν εὐχώμεθα τῶν ἐχθρῶν, καίπερ οὐδὲ τοῦτο ἐπαινετόν, εἰ διὰ τὴν ἡμῶν ὠφέλειαν ἐκείνοις εὐχόμεθα· ἀλλ᾿ ὅμως κἂν οὕτω γινέσθω, καὶ ἴσως μετὰ μικρὸν εἰλικρινῶς ὑπὲρ ἐκείνων εὐξόμεθα τῷ Κυρίῳ.","Stefanis 1996","81","81","27","62","17cb3c7e9e6a16356c06afbce13c7a20668e19cfd429244b1c7bb7d23145ada0","","False","False"
"28","Γ΄","§21","Περὶ τοῦ θείου βαπτίσματος καὶ τῆς ἁγίας ἀγάπης καὶ πλείστων ἑτέρων θείων ἐντολῶν","Οὕτως, φησί, καὶ ὁ πατήρ μου ὁ ἐπουράνιος ποιήσει ὑμῖν. Πῶς οὕτως; ἀπαιτήσει τῶν ἀφεθέντων μυρίων ταλάντων ἁμαρτημάτων τὴν ὀφειλήν, παραδώσει τοῖς βασανισταῖς, εἰς φυλακὴν κατακλείσει, ἕως οὗ ἀποδῶμεν τῶν μυρίων ταλάντων τὴν ὀφειλήν. Οὕτως καὶ ὁ πατήρ μου ὁ ἐπουράνιος ποιήσει ὑμῖν, ἐὰν μὴ ἀφῆτε ἕκαστος τῷ ἀδελφῷ αὐτοῦ ἀπὸ τῶν καρδιῶν ὑμῶν τὰ παραπτώματα αὐτῶν.","Stefanis 1996","81","81","28","57","1c7f82b639c4958f70af8cc645fe4aa6142c27f56a652ad0b745ad654c7fe1fe","","False","False"
"29","Γ΄","§22","Περὶ τοῦ θείου βαπτίσματος καὶ τῆς ἁγίας ἀγάπης καὶ πλείστων ἑτέρων θείων ἐντολῶν","Καὶ πῶς, ἴσως ἂν εἴποι τις, δύναμαι ἀπὸ καρδίας ἀφιέναι τῷ πολλὰ δεινὰ ἐργασμένῳ μοι; Τὸ ἀπὸ καρδίας παρευθὺς ἀφιέναι καὶ εἰλικρινῶς εὔχεσθαι ὑπὲρ ἐχθρῶν τελείων καὶ πνευματικῶν καὶ θεοφρόνων ἀνδρῶν ἐστι τὸ κατόρθωμα· ἡμεῖς δὲ ὡς χαμερπεῖς καὶ μικρόφρονες, μᾶλλον δὲ καὶ ὀλίγωροι, κἂν διὰ τὴν ὠφέλειαν ἡμῶν βιασώμεθα ἑαυτοὺς μὴ ἔχειν κατά τινος ἔχθραν ἐν τῇ καρδίᾳ. Ἐπεὶ δὲ τελείων καὶ πνευματικῶν καὶ θεοφρόνων ἀνδρῶν ἐστιν, ὡς εἴρηται, τὸ κατόρθωμα, τὸ μὴ μόνον <μὴ> ἐχθραίνειν ἀλλὰ καὶ εὔχεσθαι τῶν ἐχθρῶν, δέον βιασθῆναι καὶ ἡμᾶς θεῖον καὶ πνευματικὸν φρόνημα κατορθῶσαι, εἰς τὸ ἀγαπᾶν δηλαδὴ τοὺς ἐχθροὺς καὶ εὔχεσθαι ὑπὲρ αὐτῶν· ἀδύνατον γὰρ βίας χωρὶς κτήσασθαί τι ἀγαθόν.","Stefanis 1996","81","81","29","108","02f6370ed934e01d07e336d0ba08c6b66c5c9716e7d84ce641cd54d6a2726fc8","","False","False"
"30","Γ΄","§23","Περὶ τοῦ θείου βαπτίσματος καὶ τῆς ἁγίας ἀγάπης καὶ πλείστων ἑτέρων θείων ἐντολῶν","Ἐπεὶ δὲ τὰς περὶ ἀγάπης θείας ἐντολὰς ὁ παρὼν ἤθροισε λόγος, δέον ἐστὶ καὶ τῶν θεοφθόγγων τοῦ μακαρίου Παύλου μνημονεῦσαι ῥημάτων, καὶ καθάπερ σφραγῖδά τινα ἀσφαλῆ καὶ βεβαίαν τὸν λόγον σφραγίσαντες, αὐτὸν καταπαύσομεν.","Stefanis 1996","81","81","30","33","f797422251a27f73e1ef99d32b1ebc7548aab08611bf9cf06ea0e2dffa3d8166","","False","False"
"31","Γ΄","§24","Περὶ τοῦ θείου βαπτίσματος καὶ τῆς ἁγίας ἀγάπης καὶ πλείστων ἑτέρων θείων ἐντολῶν","Τί οὖν, φησίν, ὁ δοῦλος τὰ τοῦ δεσπότου ἐπιβεβαιοῖ καὶ σφραγίζει; Οὐ τοῦτο λέγομεν (εἰσὶ γὰρ καὶ τούτου χωρὶς ἔργῳ καὶ ἀληθείᾳ ἐσφραγισμένα καὶ ὑπερβέβαια), ἀλλ᾿ ὅτι ὡς δοῦλος εὐγνώμων τὰ παρὰ τοῦ δεσπότου ῥηθέντα συνευδοκεῖ καὶ συνᾴδει. Τί δὲ περὶ ἀγάπης ῥᾳδίως ἐκείνῳ πεφιλοσόφηται ἀκούσωμεν καὶ φυλάξωμεν καὶ ποιήσωμεν συνεργείᾳ Θεοῦ καὶ χάριτι.","Stefanis 1996","81","81","31","54","5ca4ca3dcd9b7ac398944540a5514976c7100d092b6fce21391b265617752c6f","","False","False"
"32","Γ΄","§25","Περὶ τοῦ θείου βαπτίσματος καὶ τῆς ἁγίας ἀγάπης καὶ πλείστων ἑτέρων θείων ἐντολῶν","Ἐὰν ταῖς γλώσσαις, φησί, τῶν ἀνθρώπων λαλῶ καὶ τῶν ἀγγέλων, ἀγάπην δὲ μὴ ἔχω, γέγονα χαλκὸς ἠχῶν ἢ κύμβαλον ἀλαλάζον. Καὶ ἐὰν ἔχω προφητείαν καὶ ἴδω τὰ μυστήρια πάντα καὶ πᾶσαν τὴν γνῶσιν καὶ ἐὰν ἔχω πᾶσαν τὴν πίστιν, ὥστε ὄρη μεθιστάνειν, ἀγάπην δὲ μὴ ἔχω, οὐθέν εἰμι. Καὶ ἐὰν ψωμίσω πάντα τὰ ὑπάρχοντά μοι καὶ ἐὰν παραδῶ τὸ σῶμά μου ἵνα καυθήσεται, ἀγάπην δὲ μὴ ἔχω, οὐδὲν ὠφελοῦμαι. Ἡ ἀγάπη μακροθυμεῖ, χρηστεύεται· ἡ ἀγάπη οὐ ζηλοῖ· ἡ ἀγάπη οὐ περπερεύεται, οὐ φυσιοῦται, οὐκ ἀσχημονεῖ, οὐ ζητεῖ τὰ ἑαυτῆς, οὐ παροξύνεται, οὐ λογίζεται τὸ κακόν, οὐ χαίρει ἐπὶ τῇ ἀδικίᾳ, συγχαίρει δὲ τῇ ἀληθείᾳ, πάντα στέγει, πάντα πιστεύει, πάντα ὑπομένει, πάντα ἐλπίζει· ἡ ἀγάπη οὐδέποτε ἐκπίπτει.","Stefanis 1996","82","82","32","116","f972f8b2ab6c9ccd66b3da1e0cab1f0df7d904be66b3ffc7b7cb5d836f2b77a2","","False","False"
"33","Γ΄","§26","Περὶ τοῦ θείου βαπτίσματος καὶ τῆς ἁγίας ἀγάπης καὶ πλείστων ἑτέρων θείων ἐντολῶν","Ἐν γὰρ τῷ εἰπεῖν ὅτι· Ἐὰν ταῖς γλώσσαις τῶν ἀνθρώπων λαλῶ καὶ τῶν ἀγγέλων … καὶ ἐὰν ἔχω προφητείαν καὶ ἴδω τὰ μυστήρια πάντα καὶ θαυμάτων ὑπεροχήν, ὥστε καὶ ὄρη μεθιστᾶν, καὶ ἐὰν ψωμίσω πάντα τὰ ὑπάρχοντά μου καὶ ἐὰν παραδῶ τὸ σῶμά μου ἵνα καυθήσεται, ἀγάπην δὲ μὴ ἔχω, οὐδὲν ὠφελοῦμαι ἐκεῖνο, οἶμαι, συνᾴδει, τό· Κύριε, οὐ τῷ σῷ ὀνόματι προεφητεύσαμεν καὶ δαιμόνια ἐξεβάλομεν καὶ δυνάμεις πολλὰς ἐποιήσαμεν; (καὶ ὡς ἄγνωστοι τῷ Κυρίῳ καὶ ἐργάται τῆς ἀνομίας ἀποπέμπονται μηδὲν ἐκ τῶν σημείων ὠφεληθέντες τὸ σύνολον).","Stefanis 1996","82","82","33","86","45f9ee079e2d97031f204f3ead5fb9f8f906c5e1944a35b27e102e7177f294c7","","False","False"
"34","Γ΄","§27","Περὶ τοῦ θείου βαπτίσματος καὶ τῆς ἁγίας ἀγάπης καὶ πλείστων ἑτέρων θείων ἐντολῶν","Ἐν δὲ τῷ εἰπεῖν ὅτι· Ἡ ἀγάπη μακροθυμεῖ, … οὐ ζητεῖ τὰ ἑαυτῆς, οὐ παροξύνεται, οὐ λογίζεται τὸ κακὸν καὶ ὅσα τοιαῦτα ἐκεῖνα καὶ αὖθις, οἶμαι, συνᾴδει τὰ τοῦ Δεσπότου, οἷον τό· Ἀγαπᾶτε τοὺς ἐχθροὺς ὑμῶν, εὐλογεῖτε τοὺς καταρωμένους ὑμᾶς καὶ καλῶς ποιεῖτε τοῖς μισοῦσιν ὑμᾶς καὶ προσεύχεσθε ὑπὲρ τῶν ἐπηρεαζόντων ὑμᾶς, καὶ ὅστις σε ῥαπίσει, στρέψον αὐτῷ καὶ τὴν ἄλλην καὶ ὅσα τοιαῦτα. Μᾶλλον δὲ εἰς τὴν πρὸς Ῥωμαίους ἐπιστολὴν τὰς τοῦ Δεσπότου ἀναφανδὸν ἐχρήσατο λέξεις· Εὐλογεῖτε, φησί, τοὺς διώκοντας ὑμᾶς, εὐλογεῖτε καὶ μὴ καταρᾶσθε.","Stefanis 1996","82","82","34","86","fd7e96e9facb92eb63d3a2759c1f7b65c5ab4feb7c466105e859607639b5943f","","False","False"
"35","Γ΄","§28","Περὶ τοῦ θείου βαπτίσματος καὶ τῆς ἁγίας ἀγάπης καὶ πλείστων ἑτέρων θείων ἐντολῶν","Γένοιτο δὲ ἡμᾶς, Χριστὲ βασιλεῦ, μὴ ἀθροιστὰς μόνον καὶ ἐξηγητὰς ἀλλὰ καὶ ποιητὰς τῶν θείων σου ἐνταλμάτων ἀναδειχθῆναι ἀκριβεῖς εἰς αἶνον καὶ εὐχαριστίαν τῆς σῆς ἀγαθότητος, ὅτι πρέπει σοι πᾶσα δόξα, τιμὴ καὶ προσκύνησις σὺν τῷ ἀνάρχῳ σου Πατρὶ καὶ τῷ παναγίῳ καὶ ἀγαθῷ καὶ ζωοποιῷ σου Πνεύματι νῦν καὶ ἀεὶ καὶ εἰς τοὺς αἰῶνας τῶν αἰώνων· ἀμήν. ΤΟΥ ΑΥΤΟΥ","Stefanis 1996","82","82","35","60","011d3cbb2cc87a4078d89dd7a9e9c0cd53e8b526fb41c422e65741061b6c1ca8","","False","False"
"36","Δ΄","§1","Εἰς τὰς ἁγίας ἐντολὰς τοῦ Σωτῆρος","Τὸν τοῦ κόσμου ἰσοστοίχιον λόγον σὺν Θεῷ βουλόμενος ἐγχειρεῖν δίκαιον ὠοῦμαι προτάξαι ἀπολογίαν τοῖς βουλομένοις διαπορεῖν ἢ καταμέμφεσθαι πῶς ταῦτα διαγράψαι κατετολμήσαμεν. Εἰκὸς γὰρ λέγειν τινὰς ὅτι παρέλαβεν ἡ ἐκκλησία γραφὰς καὶ συγγράμματα καὶ ἑρμηνείας, ὅσας δὴ καὶ παρέλαβεν, οὐ μόνον ἱκανούσας αὐτὴν καὶ τοὺς τροφίμους αὐτῆς, ἀλλὰ καὶ ὑπὲρ τοῦ δέοντος ὑπερβλύζει ταῖς διδαχαῖς.","Stefanis 1996","82","83","36","55","cb14399f228075ff4cb9dd0805033e654e5828a8c2ee8dba703f9c825a21d509","","False","False"
"37","Δ΄","§2","Εἰς τὰς ἁγίας ἐντολὰς τοῦ Σωτῆρος","Διὸ καὶ ἐν τοῖς παροῦσι καιροῖς πλεῖστοι σοφοὶ πεφυκότες τῷ κόσμῳ οὐδὲν τοῦτο ἐπιχειρῶσι ποσῶς, καίπερ δυνάμενοι γνώσει καὶ τέχνῃ λέξεων καλλωπίζειν συγγράμματα· ἀλλ᾿ ὅμως σιωπῶσι διὰ τὴν ῥηθεῖσαν αἰτίαν, ἤγουν διὰ τὸ ὑπεργέμειν τὴν ἐκκλησίαν θεοφθόγγοις διδάγμασι. Ταῦτα, ἀδελφὲ ἢ πάτερ ἢ δέσποτα ἢ αὐθέντα καὶ ἁπλῶς ὅστις ἂν ᾖς ὁ ταῦτα λέγων, φημὶ κἀγώ, καὶ εἴθε ἐφυλάττομεν τὰ γεγραμμένα τῇ ἐκκλησίᾳ τοῦ Θεοῦ, καὶ χρείαν οὐκ εἴχομεν συγγραμμάτων ἑτέρων.","Stefanis 1996","83","83","37","71","4abf8d7b3a10c5fd163c62d9e84a3704449456d3da6862b81cda4639ec8d801b","","False","False"
"38","Δ΄","§3","Εἰς τὰς ἁγίας ἐντολὰς τοῦ Σωτῆρος","Καὶ τί λέγω πάντα τὰ γεγραμμένα; εἰ ἠθέλομεν ἀκούειν ἑνὸς τῶν ἱερῶν διδασκάλων καὶ ἑτέρου ἑνὸς τῶν ὁσίων, ἤρκει τὸν σύμπαντα κόσμον εἰς σωτηρίαν. Καί, εἰ δοκεῖ, διαστήσωμεν τῷ λόγῳ μικρὸν τὸν μέγαν Βασίλειον καὶ τὸν θεσπέσιον Γρηγόριον, λέγω δὴ τὸν Θεολόγον, καὶ πάντας ὁμοῦ τοὺς τὰ θεῖα διαπορθμεύσαντας καὶ ἐπιστήσωμεν μόνον τὸν θεῖον Χρυσόστομον, τὸν μᾶλλον Χριστόστομον ὡς Χριστοῦ στόμα, εἰπεῖν οἰκειότερον, καὶ ἴδωμεν αὐτὸν ὡς ποταμὸν θεόβρυτον τὰ σωτήρια νάματα τὰς λογικὰς ἀρούρας ἀρδεύοντα καὶ μέγαν ὠκεανὸν κυκλοῦντα τὴν οἰκουμένην ταῖς διδαχαῖς καὶ στρατηγὸν ὡπλισμένον τῇ πανοπλίᾳ τοῦ Πνεύματος καὶ στίφη αἱρετικῶν ὡς ἱστοὺς ἀραχνῶν διαλύοντα, κεκτημένον τὴν γλῶτταν ὡς φάσγανον, ὡς δὲ ξίφος τὸν μέλαν καὶ ὡς δόρυ τὸν κάλαμον, δι᾿ ὧν ἀναιροῦνται ῥᾳδίως τῆς εὐσεβείας οἱ ἀντίπαλοι, καὶ ὡς ἰατρὸν δοκιμώτατον τὰς ψυχικὰς ἀλγηδόνας ἐξαφανίζοντα· ποίαν γὰρ γραφὴν οὐκ ἐξήπλωσε, ποίαν δὲ αἵρεσιν οὐ κατέβαλε καὶ ποίαν κακίαν οὐκ ἐστηλίτευσεν; ἢ ποίαν ἀρετὴν οὐκ ἐτράνωσε καὶ ἐγκωμίασε καὶ ἀνεκήρυξεν;","Stefanis 1996","83","83","38","153","4d4d2540f5f731c39cfe13f7d4aabc68eeaa00e5abd19ac270dfecbaef43cda7","","False","False"
"39","Δ΄","§4","Εἰς τὰς ἁγίας ἐντολὰς τοῦ Σωτῆρος","Ὥστε ἤρκουν τὰ παρ᾿ αὐτοῦ λαληθέντα καὶ μόνου, ὡς προέφημεν, τὸν κόσμον εἰς σωτηρίαν. Ἐὰν δὲ καὶ τοὺς μετόχους αὐτοῦ συναθροίσωμεν καὶ συστήσωμεν τούτῳ καὶ ἑκατέρων λαλούντων ἀκούσωμεν (ἐὰν τέως ἄρα καὶ ἀκούωμεν), εὑρήσομεν αὐτοὺς ὁμοφώνους καὶ ὁμοφρόνους, ὡς ὄργανα θεόπνευστα καὶ ὡς λύρας παναρμονίους τὰ θεῖα ῥητορεύοντας.","Stefanis 1996","83","83","39","48","a5836ae3bd7e47d588d4e544845ac0df2f15218f0228a2ff78fd9b8f4619ef78","","False","False"
"40","Δ΄","§5","Εἰς τὰς ἁγίας ἐντολὰς τοῦ Σωτῆρος","Καὶ αὖθις ἐάσωμεν μικρὸν τοὺς βίους καὶ τοὺς λόγους τῶν μακαρίων πατέρων ἡμῶν, οἱ βουλόμενοι δηλαδὴ τῆς μοναχικῆς πολιτείας μυηθῆναι τὴν ἀσφάλειαν, καὶ μόνα τὰ Ἀσκητικὰ τοῦ μεγάλου Βασιλείου προσέξωμεν ἢ τὰ τοῦ μεγάλου Ἠσαΐου, τοῦ ἀσκητοῦ καὶ ἡσυχαστοῦ, ἢ μόνου τοῦ τρισοσίου καὶ ἀγγέλου ἐν ἀνθρώποις, τοῦ μακαρίου λέγω τῆς Κλίμακος Ἰωάννου· ἀρκεῖ γὰρ οὗτος διδάξαι ἀκριβῶς τῶν μοναχῶν τὰς ἀγέλας πᾶσαν ἀκρίβειαν θεάρεστον.","Stefanis 1996","83","83","40","65","d0a4e0b28e07e4a922540612fc0fd48ba6c8d73e5f33bf315d118c38cf4a4dc1","","False","False"
"41","Δ΄","§6","Εἰς τὰς ἁγίας ἐντολὰς τοῦ Σωτῆρος","Πνευματικὴν τεκτηνάμενος κλίμακα καὶ ἐν βαθμίσι τριάκοντα θείων ἀρετῶν συναρμόσας ἀνάγει τοὺς βουλομένους ἀπὸ γῆς πρὸς οὐράνια καὶ σὺν ἀγγέλοις παριστᾷ τῷ Θεῷ μοναχοὺς στεφανίτας· ἧς τὴν πρώτην βαθμίδα ὡς σοφὸς ἀρχιτέκτων προύθηκε τὴν ἐκ τοῦ κόσμου φυγήν, μεθ᾿ ἣν δευτερεύει ἀρίστως ἡ θαυμαστὴ ἀπροσπάθεια, τρίτη δὲ ἡ ἀπαρρησίαστος ξενιτεία καὶ εὐπαρρησίαστος Θεῷ· ἡ δέ γε τετάρτη ἡ μακαρία τέτακται ὑπακοή, ἥτις ἐστὶ τῶν ἀρετῶν ἡ μητρόπολις, περὶ ἧς ὁ σοφὸς αὐτῆς ἀρχιτέκτων ῥᾳδίως φιλοσοφεῖ· φησὶ γάρ· «Ἐξ ὑπακοῆς ταπείνωσις, ἐκ ταπεινώσεως διάκρισις, ἐκ διακρίσεως διόρασις, ἐκ διοράσεως προόρασις». Καὶ «οὐκ ἄν τις ἁμάρτοι», φησίν, «ἐξ ὑπακοῆς ἀπάθειαν εἰπών».","Stefanis 1996","83","84","41","99","51801e53b35f3def22c063c9ba4b049bfcf2aab250c92127453687770fb72cce","","False","False"
"42","Δ΄","§7","Εἰς τὰς ἁγίας ἐντολὰς τοῦ Σωτῆρος","Καὶ ὅρα πῶς ἐξ ὑπακοῆς ταπείνωσιν εἰρηκὼς ἀκολούθως αὐτὴν τὸ δοκεῖν οὐ συνέταξεν, ὅπερ καὶ μάλα ἐστὶν ἀκολούθως, ἀλλὰ πέμπτον που καὶ εἰκοστὸν βαθμὸν τὴν ταπείνωσιν τέθηκε· προύθηκε γὰρ ταύτης ἆθλα μεγάλα καὶ ἀξιοθαύμαστα. Τῆς δὲ ὑπακοῆς προύθηκεν, ὥσπερ προμήτορας, τὰς τρεῖς ἀρετάς, δηλαδὴ τὴν τοῦ κόσμου φυγὴν ἅμα τῇ ἀπροσπαθείᾳ καὶ ξενιτείᾳ, μεθ᾿ ὧν καὶ δι᾿ ὧν ἡ χριστομίμητος προσγίνεται ὑπακοή, «ἧς χωρίς», φησίν, «οὐδεὶς τῶν ἐμπαθῶν ὄψεται τὸν Κύριον», καὶ ὅτι «ὁ ποτὲ μὲν ὑπακούων τῷ πατρί, ποτὲ δὲ παρακούων ὅμοιός ἐστιν ἀνδρὶ τῷ ποτὲ μὲν κολλούριον, ποτὲ δ᾿ ἄσβεστον τῷ ἑαυτοῦ ὀφθαλμῷ προσάγοντι· εἷς, φησίν, οἰκοδομῶν καὶ ἕτερος καταλύων τί ὠφέλησαν ἀλλ᾿ ἢ κόπους;».","Stefanis 1996","84","84","42","107","b965410e02f72334c430cef428b3d75d3c53587e8b399e67b4d14d41ab30ca06","","False","False"
"43","Δ΄","§8","Εἰς τὰς ἁγίας ἐντολὰς τοῦ Σωτῆρος","Ὅρα πῶς ἐστιν ἀξιοθαύμαστος ἡ τοῦ πατρὸς σοφία καὶ σύνεσις, ὅτι οὔτε δευτέραν οὔτε τρίτην οὐδὲ πάλιν πέμπτην ἢ ἕκτην ἀλλὰ τετάρτην βαθμίδα τὴν ὑπακοὴν συνήρμοσεν· ᾔδει γὰρ ὁ σοφώτατος ὅτι οὐδεὶς εἰς ἀπροσπάθειαν ἔλθοι τοῦ κόσμου ποτὲ καὶ τῶν πραγμάτων αὐτοῦ, εἰ μὴ τοῦτον πρῶτον εἰλικρινῶς διαδράσειε διὰ τὸν Θεόν. Ὁ δὲ τὴν τούτου προσπάθειαν ἀποδρὰς καὶ πάντων τῶν ὑπ᾿ αὐτόν, εἴτε γονεῖς καὶ ἀδελφοὺς ἢ συγγενεῖς καὶ τέκνα σὺν γυναιξὶ καὶ ἅπαντα, εἰπεῖν ἁπαξαπλῶς, τί ἄλλο τούτῳ προσγίνεται, εἰ μὴ πάντως ἡ ταπεινὴ ξενιτεία ἡ ἑπομένη προθύμως τῇ μακαρίᾳ ὑπακοῇ, ἥτις καὶ τάχιον καταλαμβάνει αὐτὴν καὶ συνάπτεται;","Stefanis 1996","84","84","43","99","c4b5bb4b7159aca20ceffa79afd882545c557982461b97d7ed848e5ca20256cd","","False","False"
"44","Δ΄","§9","Εἰς τὰς ἁγίας ἐντολὰς τοῦ Σωτῆρος","Συζευχθεῖσα δὲ ἡ κατηφὴς ξενιτεία τῇ ἀνδρικωτάτῃ ὑπακοῇ, καθάπερ ζεῦγος θεοσύζευκτον, γεωργοῦσι τῆς σωστικῆς μετανοίας τὸ κάλλιστον γεώργιον· καὶ διὰ τοῦτο πέμπτην βαθμίδα αὐτὴν ὁ πατὴρ ἐτεκτήνατο, ἐξ ἧς ἀποτίκτεται ἀληθῶς ἡ τοῦ θανάτου ἔννοια, ἡ χαλινὸς πάσης κακίας καὶ πρόξενος πάσης καλῆς διαγωγῆς.","Stefanis 1996","84","84","44","44","8aed7352d4e6d12283795a3f94abaaf53c6b35c6d5c23fb11aa70d4b2267affd","","False","False"
"45","Δ΄","§10","Εἰς τὰς ἁγίας ἐντολὰς τοῦ Σωτῆρος","Τεχθεῖσα τοίνυν ἐκ μετανοίας, τῆς πέμπτης βαθμίδος, ἡ τοῦ θανάτου ἔννοια καὶ τὴν ἕκτην κληρωσαμένη βαθμίδα ἀπέτεκε τὴν ἑβδόμην· τί γὰρ ἄλλο καὶ εἶχεν ἀποτεκεῖν ἡ τοῦ θανάτου ἔννοια, εἰ μὴ πάντως τὸ ἀφηγνισμένον καὶ μακάριον πένθος, δι᾿ οὗ μακαρίζονται οἱ πενθοῦντες, ὅτι αὐτοὶ παρακληθήσονται;","Stefanis 1996","84","84","45","45","743003fe92fa1436d61fd1b23d713b45a93439358ba33b31bc5a8bed53c3c2ff","","False","False"
"46","Δ΄","§11","Εἰς τὰς ἁγίας ἐντολὰς τοῦ Σωτῆρος","Τεχθεῖσα οὖν ἐκ θανάτου ἐννοίας ἡ χαρμονικὴ πενθηρία τοῦ ἀσυνέτου θυμοῦ τὴν κάραν ἐξέτεμε καὶ ἀξίαν αὐτῆς θυγατέρα τὴν ἀοργησίαν ἀπέτεκε καὶ ἐκάθισεν αὐτὴν ἐν βαθμίδι ὀγδόῃ πετροβολεῖν καὶ ἀποτρέπειν τὰ τοῦ θυμοῦ νενοθευμένα καὶ ἀναιδῆ ἀποκυήματα. Εἰκῶς γὰρ ἡμᾶς ὁ θυμὸς καθ᾿ ἡμέραν σπαράττει, ἐπεὶ οὐκ ἔχομεν τὴν ἀναιροῦσαν αὐτὸν ἀοργησίαν οὐδὲ τὰς αὐτῆς γονέας καὶ προγονέας, ἤγουν τὴν πενθηρίαν καὶ τὴν θανάσιμον μνήμην καὶ τὴν μετάνοιαν καὶ τὰς λοιπὰς τὰς πρὸ αὐτῆς.","Stefanis 1996","84","84","46","74","2500e7be67599596946a9103ecab375b66207262f48e4dc5d982b5e37a1ac573","","False","False"
"47","Δ΄","§12","Εἰς τὰς ἁγίας ἐντολὰς τοῦ Σωτῆρος","Ὅρα δὲ πόσην ὠφέλειαν γέμει τῶν ὑπογραφῶν ἡ εὐταξία τῆς ἱερᾶς πυκτίδος ἐκείνης. Εἰ δέ τις ἐᾶσαι θελήσειε τὰς ὠφελίμους ἐκείνης ὑπογραφὰς καὶ ἀναπτύξει αὐτὴν καὶ μέσον χωρήσει καὶ ἄρξηται τὰ ἄδυτα αὐτῆς διασκάπτειν καὶ ψηλαφᾶν, ἐκεῖ εὑρήσει πλοῦτον ἀσύλητον, πᾶσαν μεταλλικὴν καὶ χρυσίτιδα γῆν ὑπερέχοντα, καὶ ποταμὸν κεκραμένον γάλα καὶ μέλι. Πᾶσαν γὰρ ἀκρίβειαν μοναχικῆς πολιτείας μυσταγωγεῖ ὁ πανόσιος οὗτος πατήρ, καὶ πόθεν ἕκαστον τῶν ὀλεθρίων παθῶν ἀποτίκτεται καὶ πόθεν κρατύνεται καὶ πῶς ἀποτέμνεται, καί, ὥσπερ μονώτατος ὁ θεῖος Χρυσόστομος ἤρκει τὴν οἰκουμένην ταῖς διδαχαῖς, ὡς προέφημεν, οὕτω καὶ οὗτος τῶν μοναχῶν τὰ συστήματα.","Stefanis 1996","84","85","47","95","7def7f2529489fc0174b3b6bf5ddfcfb312cad0ade3aeae6385d13e54dfdc5a0","","False","False"
"48","Δ΄","§13","Εἰς τὰς ἁγίας ἐντολὰς τοῦ Σωτῆρος","Ἐὰν δὲ ἄρα καὶ τούτῳ συστήσωμεν τοὺς μετόχους καὶ νοητῶς ἀτενίσωμεν πρὸς αὐτούς, ἐκεῖ ὀψόμεθα μελισσῶνα πανάγιον καὶ σίμβλα μεστὰ μέλιτος ἐξαισίου καὶ ἀποφθέγματα γλυκερά, μέλιτος καὶ κηρίου καταπολὺ ὑπερέχοντα, καὶ πτωχοὺς μὲν καὶ γυμνοὺς τῶν ὀλεθρίων παθῶν, πλουσίους δὲ καὶ ἠμφιεσμένους ἀρετὰς πολυτρόπους καὶ ξένους μὲν τῶν ἐπιγείων ἁπάντων, πολίτας δὲ τῆς οὐρανῶν βασιλείας.","Stefanis 1996","85","85","48","55","27322c54092e58cc10b9f1d3951b02a2511ca72373ff1064b3054148dcd540b6","","False","False"
"49","Δ΄","§14","Εἰς τὰς ἁγίας ἐντολὰς τοῦ Σωτῆρος","Οὗτοι λαβόντες εἰργάσαντο καὶ ἐπηύξησαν τῆς μοναχικῆς πολιτείας τὸ τάλαντον· οὗτοι νεώσαντες τὴν γῆν τῆς καρδίας ἔσπειραν δικαιοσύνην καὶ ἑκατοσταῖον καρπὸν τῷ Δεσπότῃ προσήγαγον· ἐγένοντο μεγαλέμποροι, ἐμπόνως ἐζήτησαν τὸν πολύτιμον μαργαρίτην καὶ εὑρόντες αὐτὸν ἐξωνήσαντο καὶ ἐξεπλούτησαν· εὗρον τὸν θησαυρὸν ἐκεῖνον τὸν ἐν τῷ ἀγρῷ κεκρυμμένον καὶ ἀπελθόντες ἐπώλησαν αὐτῶν τὰ ὑπάρχοντα καὶ τὰ θελήματα καὶ τὸν ἀγρὸν ἐκεῖνον ἠγόρασαν· εἴσω τῆς σαγήνης ἐγένοντο, ὡς ἰχθύες χρηστότατοι συνελέχθησαν εἰς ἀγγεῖα θεοτερπῆ καὶ εἰσήχθησαν τῷ βασιλεῖ τῶν δυνάμεων· ἐκλήθησαν καὶ εἰσῆλθον φαιδροὶ πρὸς τοὺς γάμους ἐκείνους τοῦ ἀθανάτου νυμφίου καὶ τὰ ἄξια τοῦ γάμου ἐνδύματα ἔχοντες ἀνεκλίθησαν· ὧν ταῖς εὐχαῖς, Χριστὲ βασιλεῦ, τῆς ἐκείνων μερίδος καὶ ἡμᾶς καταξίωσον.","Stefanis 1996","85","85","49","107","459f6b6e725725f4cb312430a001de6e780e6c97ad4ecda8c66b859c711abe4b","","False","False"
"50","Δ΄","§15","Εἰς τὰς ἁγίας ἐντολὰς τοῦ Σωτῆρος","Ὁρᾷς, ὅστις ἂν εἴης ὁ καταμεμφόμενος ἢ διαπορῶν, πῶς σύμψηφος γέγονα τῷ σοὶ δόξαντι, ὅτι οὐ χρείαν ἔχει συγγραμμάτων ἑτέρων ἡ ἐκκλησία τοῦ Θεοῦ καὶ ὅτι ἀρκοῦσι τὸν κόσμον εἰς σωτηρίαν τῶν δύο Ἰωάννων αἱ διδαχαὶ χωρὶς ἑτέρου τῶν ἱεραρχῶν ἢ τῶν ὁσίων; Γνῶθι οὖν ὅτι πρὸς ἐμαυτὸν ταῦτα συγγράφω, οὐκ ἄλλῳ τινί· οὐ καθέλκω τινὰ τὰ ἐμὰ κατέχειν συγγράμματα, οὐδ᾿ αὖ πάλιν ἐπιφωνοῦμαι· Μηδεὶς τούτοις προσψαύσῃ ποτέ.","Stefanis 1996","85","85","50","68","e8971d53140e62aa8996b978bd845f36736cf2a7532a90c3fcdc0b2d76f39054","","False","False"
"51","Δ΄","§16","Εἰς τὰς ἁγίας ἐντολὰς τοῦ Σωτῆρος","Τί οὖν, φησίν, οὐκ ἀρκεῖσαι καὶ αὐτὸς ταῖς τῶν πατέρων μυσταγωγίαις; Ναί, ἀρκοῦμαι, ἀλλ᾿ οὐκ ἔχω ἐν τῇ ἐγκλείστρᾳ τὰς ἱερὰς δέλτους ἐκείνων. Καὶ πῶς, φησί, τὰ ἐκείνων ἐπίστασαι; Οὐκ εἶπον ὅτι οὐκ εἶδον οὔτε ἤκουσα τὰ ἐκείνων ποτέ, ἀλλ᾿ ὅτι οὐκ ἔχω ἐν τῇ ἐγκλείστρᾳ ἰδιωτάτως τῶν ἱερῶν δέλτων ἐκείνων· καὶ διενοήθην συλλέξαι τὰς ἐντολὰς τὰς ἁγίας τοῦ Κυρίου καὶ Θεοῦ καὶ Σωτῆρος ἡμῶν Ἰησοῦ Χριστοῦ ἐν μικρῷ πυκτιδίῳ κρίνας ὅτι κρεῖττόν ἐστιν ἐγγράφως αὐτὰς κατέχειν, κἂν εἰς ἐμὴν γένωνται καταδίκην διὰ τὸ μὴ φυλάττειν με αὐτάς, ἢ χωρὶς καταδίκης ὑστερεῖν μου τὴν διάνοιαν τῆς μνήμης ἐκείνων τῆς θαυμαστῆς. Ὁ ἔχων τὰς ἐντολάς μου, φησί, καὶ τηρῶν αὐτάς, ἐκεῖνός ἐστιν ὁ ἀγαπῶν με. Ὁρᾷς πῶς τοῦ τηρεῖν προέταξε τὸ ἔχειν; τίς γὰρ ἐτήρησε πώποτε ὅπερ οὐκ ἔχει; ὁ βουλόμενος γὰρ τηρεῖν τι πρῶτον τέως τοῦτο προσκτᾶται καὶ εἶθ᾿ οὕτως τηρεῖ τὸ κτηθέν, ὡς ἐνῆν.","Stefanis 1996","85","86","51","145","dcb016df7acb72134c0c4b3313153c5854bc71de8f9c7f9ca542a6948db72d11","","False","False"
"52","Δ΄","§17","Εἰς τὰς ἁγίας ἐντολὰς τοῦ Σωτῆρος","Διανοηθεὶς δέ, ὡς προέφην, συλλέξαι καὶ ἀφορίσαι τοῦ θείου Εὐαγγελίου τὰς ἱερὰς ἐντολὰς οὐκ ἐβουλόμην ἑρμηνείας κατατολμῆσαι ποσῶς, μήπως ἀντὶ ἑρμηνείας καὶ τὸ κείμενον ἀτιμάσωμεν, καὶ ὅτι ἡρμηνεύθη τὸ Εὐαγγέλιον ἐκ τῶν δοχείων τοῦ Πνεύματος. Ἀρξάμενοι δὲ λέγειν περὶ ἐντολῆς πρώτης, λέγω δὴ τῆς σωστικῆς μετανοίας, καὶ εὑρηκότες ὡς θησαυρὸν κεκρυμμένον τό· Μετανοεῖτε· ἤγγικε γὰρ ἡ βασιλεία τῶν οὐρανῶν ἠρξάμεθα τοῦτο ἐκ θρασύτητος διαξαίνειν τὸ ῥῆμα· εἶτα διακοπέντες τοῦ ἐγχειρήματος, ὃν τρόπον ἐν ἐκείνῳ τῷ λόγῳ δεδήλωται, τελείως τὸ ἐγχείρημα καταλείψαντες ἠμεριμνήσαμεν· εἶτα πάλιν δυσωπηθέντες ἐξ αὐταδέλφου ἰδίου γράψαι καὶ τὰ ἐπίλοιπα, ὡς θείῳ ἐπιτάγματι τούτῳ ὑπεκύψαμεν.","Stefanis 1996","86","86","52","97","d80f949b05f7f3c9c9b15d99ddcaf7e7b7c00e14157c2529f0f4092519cb6838","","False","False"
"53","Δ΄","§18","Εἰς τὰς ἁγίας ἐντολὰς τοῦ Σωτῆρος","Ὅτε δὲ τὰς θείας ἐντολὰς διαγράφοντες μικρὸν τοῦ κειμένου διεξερχόμεθα, οὐκ ἑρμηνεύομεν, ἀλλὰ τὴν ἡμῶν ῥαθυμίαν διεγείρομεν, ὡς ἄν τις ἐκφωνῇ τῷ βαθέως ὑπνοῦντι καὶ ἀνιστᾷ πρὸς ἀκρόασιν· ὥσπερ γὰρ ὁ ὑπνῶν ἀμερίμνως βραδυτέρως διανίσταται ἑτέρου τινὸς τοῦ ἔχοντος ἀφυπνίζοντα, οὕτω καὶ ὁ νοῦς ἐκφωνούμενος τῇ ἐρεύνῃ τῶν λεγομένων καὶ αὐτὸς ἀφυπνίζεται πρὸς ἀκρόασιν· διὸ καὶ ἡμεῖς, τὰς θείας ἐντολὰς θελήσαντες ἀφορίσαι καὶ συναθροῖσαι ἰδίως, κατετολμήσαμεν λόγῳ μικρῷ τὰ μεγάλα διερευνᾶν, καὶ οὐδὲ πλατύτερον εἰπεῖν ἠδυνήθημεν οὐδὲ ἠβουλήθημεν, οὐδ᾿ αὖ πάλιν τελείως παρασιωπᾶν καὶ τὸ κείμενον λέγειν μονώτατον κἀκ τοῦδε ἀτάκτως καὶ αὖθις μεταπηδᾶν πρὸς τὸ ἕτερον.","Stefanis 1996","86","86","53","97","746fca1b3cdccd2669425522b4360c19268b03fff2a3bb6728022042e24906e0","","False","False"
"54","Δ΄","§19","Εἰς τὰς ἁγίας ἐντολὰς τοῦ Σωτῆρος","Ἀλλὰ μέχρι τίνος τὴν ἀπολογίαν μηκύνοντες τὸν λόγον οὐ σταίημεν; ἱκανῶς γάρ, οἶμαι, τὰ πρὸς ἀπολογίαν διελέχθημεν. Εἰ δέ τις εἴποι μὴ ἀρκεῖν ταῦτα, λέγω κἀγὼ ὅτι· Ὅσα ἂν εἴπωμεν λοιπὸν οὐ μὴ ἀρκέσῃ ποτέ· καὶ σοὶ μὲν περιεργίαι οὐ λείψουσιν, οὐδ᾿ αὖ πάλιν ἀπολογίαι ἡμᾶς. Διὸ καὶ τὰ πάντα παρεῶν πρὸς τὸν Σωτῆρα Χριστόν μου τὸν λόγον τρέπω, ὑφ᾿ οὗ καὶ τὰς ἁγίας ταύτας εἴληφα ἐντολάς.","Stefanis 1996","86","86","54","67","53dd01b2df2ed691adb9a85506f46afeed8eca790d6cf07f3fc4dfe764b5bdfa","","False","False"
"55","Δ΄","§20","Εἰς τὰς ἁγίας ἐντολὰς τοῦ Σωτῆρος","Ἀλλὰ δός μοι, Κύριε, ῥᾳδίως καὶ εὐκρινῶς διεξιέναι ταύτας καὶ διακρίνειν, ἐπεὶ πρὸς τοῦτο καὶ αὐτὸς τὴν ἡμῶν, Δέσποτα, διεγείρων νωθρότητα ἔφης· Αἰτεῖτε, καὶ δοθήσεται ὑμῖν· ζητεῖτε, καὶ εὑρήσετε· κρούετε, καὶ ἀνοιγήσεται ὑμῖν· πᾶς γὰρ ὁ αἰτῶν λαμβάνει καὶ ὁ ζητῶν εὑρίσκει καὶ τῷ κρούοντι ἀνοιγήσεται. Τίς γάρ ἐστιν ἐξ ὑμῶν ἄνθρωπος, ὃν ἐὰν αἰτήσηται ὁ υἱὸς αὐτοῦ ἄρτον, μὴ λίθον ἐπιδώσει αὐτῷ; καὶ ἐὰν ἰχθὺν αἰτήσῃ αὐτόν, μὴ ὄφιν ἐπιδώσει αὐτῷ; Εἰ οὖν ὑμεῖς οἴδατε δόματα ἀγαθὰ διδόναι τοῖς τέκνοις ὑμῶν πονηροὶ ὄντες, πόσῳ μᾶλλον ὁ πατὴρ ἡμῶν ὁ οὐράνιος δώσει ἀγαθὰ τοῖς αἰτοῦσιν αὐτόν. Ὅρα τοῦ φιλευσπλάγχνου τὴν ἀγαθότητα· οὐ μόνον γὰρ ἐξαιτεῖσθαι ἡμᾶς προετρέψατο, ἀλλ᾿ ὅτι λαμβάνειν καὶ τὸ αἰτούμενον <ἐπηγγείλατο>.","Stefanis 1996","86","86","55","114","7187cdfe11e86c78d06f46ef06954441c093788cbeee9d77a77c5abf9445a6d9","","False","False"
"56","Δ΄","§21","Εἰς τὰς ἁγίας ἐντολὰς τοῦ Σωτῆρος","Καὶ πῶς πολλάκις αἰτήσας οὐκ ἔλαβον; ἴσως ἂν εἴποι τις. Ἐρώτησον σεαυτὸν ἀκριβῶς πῶς ᾔτησας καὶ περὶ τίνος καὶ ἐν πόσῳ καιρῷ καὶ περὶ ποίων πραγμάτων καὶ ἐξ αὐτοῦ σοῦ τὴν αἰτίαν εὑρήσεις, δι᾿ ἣν οὐκ ἔλαβες. Χριστὸς δὲ ἡ ἀλήθεια, ἀλήθεια διαπαντὸς μένει εἰς τὸν αἰῶνα, ἐπεὶ αὐτός ἐστιν ἡ ὁδός, ὡς αὐτὸς λέγει, καὶ ἡ ἀλήθεια καὶ ἡ ζωή, σὺ δὲ ψεύστης, καθὼς εἶπε Δαυΐδ, ὅτι πᾶς ἄνθρωπος ψεύστης, καὶ ἁμαρτάνεις διπλῶς, ὅτι τὰ μὴ συμφέροντά σοι αἰτήσας καὶ μὴ λαβὼν ὡς ψευδῆ τὸν ἀληθῆ διαβάλλειν ἐπιχειρεῖς. Ὅτι δὲ ἀληθής, ἄκουσον ἐκείνου τῆς παναχράντου καὶ σωτηρίου γλώσσης λαλούσης· Ὁ οὐρανὸς καὶ ἡ γῆ παρελεύσεται, οἱ δὲ λόγοι μου οὐ μὴ παρέλθωσιν. Καὶ ὅρα μοι συνοπτικοῦ ῥήματος δύναμιν ἄφατον.","Stefanis 1996","86","87","56","120","8a5cff1f10c97e30e0374f3540e5b62fdf7091b6665a058d36feb23d21457891","","False","False"
"57","Δ΄","§22","Εἰς τὰς ἁγίας ἐντολὰς τοῦ Σωτῆρος","Πῶς ῥᾳδίως ὁ οὐρανὸς καὶ ἡ γῆ παρελεύσονται καὶ τὰ ἐν αὐτοῖς ἅπαντα, καὶ οὐδὲν τὴν παρέλευσιν διαδράσει τούτων τὸ κάλλος καὶ πλάτος καὶ μέγεθος, οἱ δὲ λόγοι αὐτοῦ οὐ μὴ παρέλθωσιν; «Καὶ μάλα εἰκότως», ὡς σύνηθες λέγειν τὴν χρυσόρρειθρον γλῶτταν· αὐτὸς γὰρ εἶπε, καὶ ἐγενήθησαν, αὐτὸς ἐνετείλατο, καὶ ἐκτίσθησαν· διὸ καὶ εὐκοπώτερον παρελεύσονται πάλιν, οἱ δὲ λόγοι αὐτοῦ οὐ μὴ παρέλθωσιν.","Stefanis 1996","87","87","57","62","8f4175b1ac64eb2ed8e946da957305f8d284d4ffa56a59e04a07356611f810fb","","False","False"
"58","Δ΄","§23","Εἰς τὰς ἁγίας ἐντολὰς τοῦ Σωτῆρος","Αἰτεῖτε, καὶ δοθήσεται ὑμῖν, αἰτεῖτε μὴ πρόσκαιρα καὶ μάταια καὶ ψευδῆ, ἐπεὶ τὰ βλεπόμενα πάντα πρόσκαιρα, ὅτι τὰ πάντα ματαιότης καὶ προαίρεσις πνεύματος, τὰ δὲ μὴ βλεπόμενα αἰώνια· διὸ αἰτεῖτε, καὶ δοθήσεται ὑμῖν· ἀλλὰ μηδὲν τῶν σωματικῶν τι αἰτεῖσθαι παρακελεύομαι· οἶδεν γὰρ ὁ πατὴρ ἡμῶν ὁ οὐράνιος ὧν χρείαν ἔχετε πρὸ τοῦ ὑμᾶς αἰτῆσαι αὐτόν· αἰτεῖσθε δὲ τὴν βασιλείαν τοῦ Θεοῦ καὶ τὴν δικαιοσύνην αὐτοῦ, καὶ δοθήσεται ὑμῖν, ἐκεῖνα δὲ καὶ αἰτήσεως χωρὶς προστεθήσεται ὑμῖν.","Stefanis 1996","87","87","58","75","2cd64ad674b303871623118385715c5f9f7b8f76dcf3ef81e1a75ac8dab96856","","False","False"
"59","Δ΄","§24","Εἰς τὰς ἁγίας ἐντολὰς τοῦ Σωτῆρος","Τίς ποτε τὸν ἐπὶ γῆς βασιλέα τετόλμηκεν ἐξαιτεῖσθαι ῥαφίδα ἢ κόμμα ῥάκους οἰκτροῦ ἢ κῴδιον ἢ ἄλλο τι παρ᾿ἀξίαν τῆς αὐτοῦ βασιλείας; εἰ δέ που καί τις φανεῖ οἰκτρὰ τοιαῦτα αἰτῆσαι τῷ βασιλεῖ, οὐ μόνον ὅτι ταῦτα οὐ λήψεται τὰ οὐδαμινά, ἀλλὰ καὶ ὀργὴν ἐπισπάσηται ὡς ὑβρίσας τὸν βασιλέα. Καὶ εἰ ὁ βασιλεὺς ὁ ἐπίγειος παροργίζεται παρ᾿ ἀξίαν αἰτούμενος καὶ ἀτιμίαν τοῦτο λογίζεται, καίπερ φιλοχρήματος ὤν, πόσῳ γε μᾶλλον ὁ βασιλεὺς τῶν βασιλευόντων διαγανακτήσει καὶ τὸ αἰτούμενον οὐ παρέξει, ὁπηνίκα παρ᾿ ἀξίαν τὴν αἴτησιν τούτῳ προσάγομεν; Γίνεται δὲ τοῦτο, ὅτε περὶ σωματικοῦ τινος καὶ ἐπικήρου τὴν αἴτησιν ποιώμεθα.","Stefanis 1996","87","87","59","98","03150000f19452fd6f11b74cc1a11afd441fb5ac7d197478392d923b7351d093","","False","False"
"60","Δ΄","§25","Εἰς τὰς ἁγίας ἐντολὰς τοῦ Σωτῆρος","Καὶ ὅρα δὲ οὕτω τὴν ἀτοπίαν τοῦ πράγματος, ὅτι τοῖς παρεστῶσιν αὐτῷ προστάττει ὁ τῆς γῆς βασιλεὺς εἴργειν τοὺς ἐξαιτοῦντας, καὶ ἔστι πολλοὺς κατιδεῖν ὠθουμένους καὶ ἀνηλεῶς τυπτομένους καὶ τῶν προαυλίων ἐλαυνομένους καὶ πάλιν ἀναιδῶς αἰτουμένους καὶ ἴσως ἀνύοντας οὐ τὴν βασιλείαν ἁπλῶς οὐδὲ τὸν πλοῦτον αὐτῆς ἀλλὰ μικρόν τι καὶ οὐδαμινὸν καὶ ἀνάξιον παντελῶς τοῦ πολλοῦ ἐκείνου καμάτου.","Stefanis 1996","87","87","60","59","fee3d175466df735c2dd24d89b18064e64217e6f0e0f07ede8829a32f14abd5c","","False","False"
"61","Δ΄","§26","Εἰς τὰς ἁγίας ἐντολὰς τοῦ Σωτῆρος","Ὁ δὲ βασιλεὺς τῶν δυνάμεων οὐ προστάσσει τοῖς παρεστῶσιν αὐτῷ διείργειν τοὺς βουλομένους αἰτεῖν, μᾶλλον δὲ καὶ συνεργεῖν διακελεύεται καὶ αὐτὸς δι᾿ ἑαυτοῦ προτρέπεται ἡμᾶς· Αἰτεῖτε, καὶ δοθήσεται ὑμῖν· καὶ ἡμεῖς παραιτούμεθα καὶ νῦν μὲν παρ᾿ ἀξίαν αἰτοῦμεν τὰ μὴ προσήκοντα, νῦν δὲ τὰ ὑπὲρ ἀξίαν ἐφιέμεθα. Ζητεῖτε, καὶ εὑρήσετε· κρούετε, καὶ ἀνοιγήσεται ὑμῖν· ζητεῖτε τὴν ὁδόν· ἐγὼ γάρ εἰμι ἡ ὁδός, καὶ οὐδεὶς ἔρχεται πρὸς τὸν πατέρα, εἰ μὴ δι᾿ ἐμοῦ … Κρούετε, καὶ ἀνοιγήσεται ὑμῖν … ἐγὼ γάρ εἰμι ἡ θύρα· ζητήσατε τὴν ζωήν, τὴν κατὰ ἀλήθειαν ζωήν, ζητήσατε τὴν ὁδὸν τὴν ἐκεῖσε ἀπάγουσαν, ζητήσατε ἀνακάμψαι πρὸς τὸν θεῖον παράδεισον· κρούετε, καὶ ἀνοιγήσεται ὑμῖν· οὐκ ἔστι γὰρ αὐτομάτως ἰδεῖν τοῦτον ἀνοίγεσθαι, ἀλλὰ κρούετε, καὶ ἀνοιγήσεται ὑμῖν.","Stefanis 1996","87","87","61","118","c41750e75081178abfdbc98c39f67544b4a01ab4d4b97d118493b1f483516ce4","","False","False"
"62","Δ΄","§27","Εἰς τὰς ἁγίας ἐντολὰς τοῦ Σωτῆρος","Καὶ τοῦτο ἔστι μαθεῖν ἀκριβῶς τὸ ὑπόδειγμα ἐξ ἀρχόντων οἴκων καὶ βασιλέων· ὁπηνίκα τὰς ἑαυτῶν ἀποκλείσωσι πύλας καὶ πυλωροὺς ἐπιστήσουσιν, οὐκ αὐτομάτως ἀνοίγονται τοῖς ἐκτὸς ἱσταμένοις, εἰ μήπω ἐκεῖνοι ἄρξωνται κρούειν ἐμπόνως καὶ καρτερῶς, καὶ μόλις τούτοις ἀνοίγωσιν ὡς πλεῖστα παρ᾿ αὐτῶν ὀχληθέντες.","Stefanis 1996","87","88","62","43","130339f60f4a4a02cdcdf73ba301fe28f18b12a6cf461cdad2687d5e1618ac43","","False","False"
"63","Δ΄","§28","Εἰς τὰς ἁγίας ἐντολὰς τοῦ Σωτῆρος","Τοιγαροῦν καὶ ὑμεῖς Αἰτεῖτε, καὶ δοθήσεται ὑμῖν· αἰτεῖτε τὴν βασιλείαν τῶν οὐρανῶν, ζητεῖτε, καὶ εὑρήσετε τὴν ἁγίαν ἐκείνης ὁδόν, τεθλιμμένην δὲ καὶ τραχεῖαν καὶ πύλην στενὴν καὶ φορτίων ἁμαρτημάτων ἀπρόσιτον, προσιτὴν δὲ τοῖς φέρουσιν ἀρετῶν πλοῦτον θεοτερπῆ ὡς χρυσὸν καὶ ἄργυρον καὶ λίθους τιμίους καὶ τὰ τούτων ἐφάμιλλα· κρούετε, καὶ ἀνοιγήσεται ὑμῖν, ἀλλὰ μὴ κρούετε καθάπερ αἱ μωραὶ ἐκεῖναι παρθένοι, αἳ ἔκραζον λέγουσαι· Ἄνοιξον ἡμῖν, Κύριε, ἄνοιξον ἡμῖν, καὶ ἤκουσαν· Οὐκ οἶδα ὑμᾶς, ἀλλὰ κρούετε δι᾿ ἔργων ἀγαθῶν, καὶ ἀνοιγήσεται ὑμῖν· καὶ κληθέντες εἰσέλθητε ὡς ὁ εὐγνώμων δοῦλος ἐκεῖνος ὁ ἀκηκοώς· Εὖ, δοῦλε ἀγαθὲ καὶ πιστέ, εἴσελθε εἰς τὴν χαρὰν τοῦ κυρίου σου. Κρούετε, καὶ ἀνοιγήσεται ὑμῖν.","Stefanis 1996","88","88","63","107","8551a9809d69f2ed413e1a270920753a79e0c79040e27619a796724a82d4a1a1","","False","False"
"64","Δ΄","§29","Εἰς τὰς ἁγίας ἐντολὰς τοῦ Σωτῆρος","Πῶς οὖν, ὦ Δέσποτα, κρούσωμεν τὴν ἄϋλον πύλην ἐκείνην; ποῖον ἄρα κρουστήριον λαβόντες κρούσωμεν τὴν ἁγίαν πύλην ἐκείνην; Ἐπεί, φησίν, ἄϋλον καὶ ἁγίαν ἐκείνην ἐκάλεσας, νόησον ὅτι ἀΰλου καὶ ἁγίου χρῄζει τοῦ κρουστηρίου. Καὶ πρῶτον μὲν κρουστήριον ἡ πρὸς ἐμὲ εἰλικρινὴς πέφυκε πίστις· τοῦτο γὰρ λαβὼν ὁ λῃστὴς καὶ κρούσας ἠνέῳξεν αὐτῷ τὸν παράδεισον· οὐ γὰρ ἔχει τις λέγειν ὅτι ὑπὲρ ἐμοῦ ἐσταυρώθη, καθάπερ πολλοὶ τῶν ἁγίων, ἀλλ᾿ ὡς λῃστὴς καὶ κακοῦργος καὶ ὑπεύθυνος καταδίκης· κρούσας δὲ διὰ πίστεως διέστησαν οἱ πυλωροί, ἤτοι τὰ χερουβὶμ καὶ ἡ φλογίνη ῥομφαία, καὶ κρούσας ἠνεῴχθη τούτῳ πρὸ πάντων ὁ κεκλεισμένος παράδεισος.","Stefanis 1996","88","88","64","98","e7bf49835f0a58d8ead512e2fd56f915289cb29f34458726d2da5a25404463ec","","False","False"
"65","Δ΄","§30","Εἰς τὰς ἁγίας ἐντολὰς τοῦ Σωτῆρος","Ἔκρουσε δὲ καὶ ἡ πόρνη διὰ δακρύων καὶ τῆς ἀφέσεως ἔτυχεν· ὡσαύτως δὲ καὶ ὁ ἄσωτος καὶ υἱοθεσίαν πεπλούτηκεν· ὁ δὲ τελώνης αὐτοπύκτης γενόμενος καὶ τὰ στέρνα τυπτόμενος δεδικαίωται. Κρούετε οὖν καὶ ὑμεῖς ὡς ἐκεῖνος τὸ στῆθος, καὶ ἀνοιγήσεται ὑμῶν ἡ καρδία πρὸς δάκρυα καὶ κατάνυξιν, καὶ ἀνοιγήσεται ὑμῶν ὁ νοῦς βλέπειν τὰ μὴ ὁρώμενα· ἐκεῖνα δὲ νοητῶς κατοπτεύοντες αἰτεῖτε, καὶ λήψεσθε, ἐπεὶ καὶ πᾶς ὁ αἰτῶν λαμβάνει, καὶ ὁ ζητῶν εὑρίσκει, καὶ τῷ κρούοντι ἀνοιγήσεται.","Stefanis 1996","88","88","65","76","298d5f4d212988c7b478a081abf5af4c22b09a4610890041ba735904c6edd110","","False","False"
"66","Δ΄","§31","Εἰς τὰς ἁγίας ἐντολὰς τοῦ Σωτῆρος","Καὶ ὥσπερ οὐ λαμβάνουσι πάντες τὰ κακῶς ἐξαιτούμενα ἀλλὰ μόνα τὰ κατ᾿ ἐμὴν εὐδοκίαν, οὕτως οὐδὲ πάντες οἱ αἰτούμενοι λήψονται, ἀλλ᾿ ἐκεῖνοι καὶ μόνοι οἱ τὴν κακίαν ὁλοκαρδίως μισήσαντες καὶ ἐκκλίναντες ἀπὸ κακοῦ καὶ ποιοῦντες τὸ ἀγαθόν. Οἱ τοιοῦτοι αἰτήσαντες λήψονται καὶ ζητοῦντες εὑρήσουσι καὶ κρούοντες πάντως ἀνύσουσι.","Stefanis 1996","88","88","66","48","4912376cf84935126cc37b2396282923c0b2b53ad510e47fdd9e53acaab59568","","False","False"
"67","Δ΄","§32","Εἰς τὰς ἁγίας ἐντολὰς τοῦ Σωτῆρος","Τίς γάρ ἐστιν ἐξ ὑμῶν ἄνθρωπος, ὃν ἂν αἰτήσῃ ὁ υἱὸς αὐτοῦ ἄρτον, μὴ λίθον ἐπιδώσει αὐτῷ; καὶ ἐὰν ἰχθὺν αἰτήσῃ, μὴ ὄφιν ἐπιδώσει αὐτῷ; (τίς ἀντὶ τοῦ οὐδεὶς τῶν ἀνθρώπων δώσει τῷ υἱῷ αὐτοῦ ὄφιν ἀντὶ ἄρτου καὶ ἰχθύος)· εἰ οὖν ὑμεῖς οἴδατε δόματα ἀγαθὰ διδόναι τοῖς τέκνοις ὑμῶν πονηροὶ ὄντες, πόσῳ μᾶλλον ὁ πατὴρ ἡμῶν ὁ οὐράνιος δώσει ἀγαθὰ τοῖς αἰτοῦσιν αὐτῷ. Ἐντεῦθεν μανθάνωμεν ὅσον ἐστὶν ἀγαθὸν ἡ πρὸς Θεὸν ἡμῶν ἐπίμονος αἴτησις.","Stefanis 1996","88","88","67","75","83834d9e2443116c78d3457e740eaab286dd65ea42876a4ebf09a0921f8291fc","","False","False"
"68","Δ΄","§33","Εἰς τὰς ἁγίας ἐντολὰς τοῦ Σωτῆρος","Καὶ πῶς, φησίν, ἐξαιτήσομαι ἄγροικος ὤν; Οὐ χρείαν ἔχεις τεχνολογίας πρὸς ταύτην τὴν αἴτησιν ἀλλὰ μᾶλλον ἁπλότητος· ὡς ὁ ἄσωτος ἐπιστρέψωμεν, ὡς ὁ τελώνης στενάξωμεν, ὡς ἡ πόρνη δακρύσωμεν καὶ ὡς ὁ λῃστὴς ἀνακράξωμεν· Μνήσθητί μου, Κύριε, ὅταν ἔλθῃς ἐν τῇ βασιλείᾳ σου· λῃστρικὰ γάρ μου τὰ ἐπιτηδεύματα· οὐκ ἄλλον τινὰ ἀλλ᾿ ἑαυτὸν ἐκλῃστεύων καθ᾿ ἑκάστην οὐ παύομαι· τὴν ψυχὴν κατεφόνευσα καὶ τὸν πλοῦτον αὐτῆς λῃστρικῶς ἐξηφάνισα, μᾶλλον δὲ ἐν ἀκαθάρτοις σπηλαίοις τοῦτον κατέκρυψα· τοὺς λογισμοὺς τοὺς χρηστοὺς πρὸ πάντων διεσκέδασα, τοὺς πονηροὺς δὲ συνήθροισα, τὰ τῆς διανοίας ὄμματα παντελῶς ἐξετύφλωσα καὶ τῆς καρδίας τὴν κάραν ἐξέτεμον καὶ αὐτολῄστευτος γεγονὼς ὡς ἐκεῖνος κραυγάζω σοι· Μνήσθητί μου, Κύριε, ὅταν ἔλθῃς ἐν τῇ βασιλείᾳ σου. Ἄρα ποίαν ἔχει πλοκὴν ἢ δυσκολίαν τόδε τὸ ῥῆμα; δύναται γάρ τις τόδε λέγειν τὸ ῥῆμα, κἂν καὶ τῶν ἀλόγων κτηνῶν ἀνοητότερος πέφυκε.","Stefanis 1996","88","89","68","136","f980e432589fd917953223c291926f3c13c748d89e8be34f2a96243e60f06d95","","False","False"
"69","Δ΄","§34","Εἰς τὰς ἁγίας ἐντολὰς τοῦ Σωτῆρος","Ναί, φησίν, ἀλλ᾿ οὐ βλέπω ἐμαυτὸν συσταυρούμενον τῷ Κυρίῳ, καὶ πῶς δύναμαι λέγειν τόδε τὸ ῥῆμα; Τί λέγεις, ἄνθρωπε; καθ᾿ ἑκάστην βούλεσαι βλέπειν σταυρούμενον τὸν Χριστόν; καίπερ οὐδὲ τοῦτο κωλύει καθ᾿ ἑκάστην κινεῖν τὸ τῆς διανοίας ὀπτικὸν καὶ βλέπειν τὴν σωτήριον σταύρωσιν καὶ κράζειν αὐτῷ· Μνήσθητί μου, Κύριε, ὅταν ἔλθῃς ἐν τῇ βασιλείᾳ σου.","Stefanis 1996","89","89","69","54","b79e7a9a9d1b06559a4e130860436cb43723ad38c81f21b9cbdf1b90a9b22ed4","","False","False"
"70","Δ΄","§35","Εἰς τὰς ἁγίας ἐντολὰς τοῦ Σωτῆρος","Καὶ πῶς, φησί, καθ᾿ ἑκάστην σταυροῦται ὁ Χριστός, ἵνα τοῦτον βλέπω νοητῶς; Οὐ λέγω καθ᾿ ἑκάστην τοῦτόν σε βλέπειν σταυρούμενον, ἀλλὰ καθ᾿ ἑκάστην βλέπειν νοητῶς τὴν τότε ἅπαξ γενομένην σωτήριον σταύρωσιν καὶ λέγειν ἀπὸ καρδίας συχνάκις· Μνήσθητί μου, Κύριε, ὅταν ἔλθῃς ἐν τῇ βασιλείᾳ σου. Ὅτε δὲ καὶ τὴν σάρκα σταυρώσωμεν σὺν τοῖς παθήμασι καὶ ταῖς ἐπιθυμίαις, κατὰ τὸν θεῖον καὶ μακάριον Παῦλον, τότε καὶ ἡμεῖς αὐτῷ συσταυρούμεθα καὶ δυνάμεθα λέγειν· Μνήσθητί μου, Κύριε, ὅταν ἔλθῃς ἐν τῇ βασιλείᾳ σου.","Stefanis 1996","89","89","70","80","51c88c911e8dc48444303fdba38fb2c1dcbb53e98f4ec6c2e94a3aaead26b50b","","False","False"
"71","Δ΄","§36","Εἰς τὰς ἁγίας ἐντολὰς τοῦ Σωτῆρος","Ὁρᾷς τὸ βραχύτατον ῥῆμα τοῦτο καὶ ῥᾴδιον ὅσην ὠφέλειαν κέκτηται; Οὐκ εἶπε· Συγχώρησόν μοι, Κύριε, τὰς λῃστρικὰς αἰσχρουργίας, τοὺς φόνους, τοὺς δόλους, τὰς ἁρπαγάς, τὰς ὠμότητας καὶ τὰς μυρίας ἐκείνας λῃστρικὰς μιαρίας, ἀλλά· Μνήσθητί μου, Κύριε, καὶ οὐδὲ ταύτην ζητῶ ταχέως τὴν μνήμην, ἀλλὰ τότε, ὅταν αἱ δυνάμεις τῶν οὐρανῶν σαλευθήσονται, ὅταν ἐμφανῶς ἥξῃς, ὅταν ἀπὸ ἀνατολῶν ἡλίου μέχρι δυσμῶν λάμψῃ ὡς ἀστραπὴ τῆς σῆς παρουσίας τὸ ἀνέκφραστον φῶς, ὅταν ἡ σάλπιγξ ἠχήσῃ μέγα καὶ οἱ νεκροὶ ἀναστήσονται, ὅταν τοὺς ἁγίους σου ἀγγέλους ἐξαποστείλῃς ἀθροῖσαι τοὺς ἐκλεκτούς σου ἐκ τῶν τεσσάρων ἀνέμων τῆς γῆς, τότε μου μνήσθητι, Κύριε, φανείσης τῆς βασιλείας σου· μὴ ὡς λῃστὴν καὶ μιαρὸν ἐπιλάθῃ μου, ἀλλὰ μνήσθητί μου, Κύριε, ὅταν ἔλθῃς ἐν τῇ βασιλείᾳ σου. Ὅτε τὰ τῶν ἀγγέλων στρατεύματα διατρέχουσι τὴν ὑφήλιον ἅπασαν καὶ τοὺς σοὺς ἐκλεκτοὺς ἐκ τῶν τεσσάρων ἀνέμων περισυνάγουσι, μή μου ἐπιλάθῃ διὰ τὰ ἔργα τὰ λῃστρικά, ἀλλὰ μνήσθητί μου, Κύριε, ὅταν ἔλθῃς ἐν τῇ βασιλείᾳ σου.","Stefanis 1996","89","89","71","155","f276524319ad79f227e2d1ab6538743f2d91b3bd7c9c0b51c79f95b27bf9c819","","False","False"
"72","Δ΄","§37","Εἰς τὰς ἁγίας ἐντολὰς τοῦ Σωτῆρος","Οὐδὲν πλεῖον ζητῶ, ἐπεὶ οὐδὲ ἔφθασα μετανοῆσαι ποσῶς ἐκ τῶν δεινῶν μου ἐκείνων ἀτοπημάτων· διὸ καὶ ἁλωθεὶς ὡς λῃστὴς ἐσταυρώθην, ἵνα καὶ αὐτός, Κύριε, λογισθῇς μετὰ ἀνόμων ὁ πάσης δικαιοσύνης ἐπέκεινα. Καὶ ἔστι καὶ τοῦτο ὑπὲρ ἀξίαν τῆς ἐμῆς αἰσχρουργίας, μνήμης ποσῶς ἀξιωθῆναι παρὰ τῆς σῆς βασιλείας. Ὅτε γὰρ χίλιαι χιλιάδες καὶ μύριαι μυριάδες τῶν οὐρανίων δυνάμεων τρόμῳ παρίστανταί σοι, ὅτε καθίσεις ἐπὶ θρόνου δόξης ὡς βασιλεὺς τῶν δυνάμεων καὶ τῆς οἰκουμένης ἁπάσης, καὶ συναχθήσονται ἔμπροσθέν σου πάντα τὰ ἔθνη, καὶ ἀφορίσεις αὐτοὺς ἀπ᾿ ἀλλήλων, ὥσπερ ὁ ποιμὴν ἀφορίζει τὰ πρόβατα ἀπὸ τῶν ἐρίφων, καὶ στήσεις τὰ μὲν πρόβατα ἐκ δεξιῶν σου, τὰ δὲ ἐρίφια ἐξ εὐωνύμων, πῶς οὐ μέγα μνησθῆναί μου τότε, παμβασιλεῦ, τοῦ λῃστοῦ καὶ ἀχρείου;","Stefanis 1996","89","90","72","118","88b3ac3c5d22a442c741de987e3cd75599e892e3c319e97cb75a922010a001aa","","False","False"
"73","Δ΄","§38","Εἰς τὰς ἁγίας ἐντολὰς τοῦ Σωτῆρος","Πόθεν οὖν, φησίν, ὦ λῃστά, ἔμαθες εἶναί με βασιλέα; τί γὰρ ἐν ἐμοὶ βασιλέως ἄξιον βλέπεις ἀρτίως; ποίαν καθορᾷς ἁλουργίδα, ποῖα δὲ στρατόπεδα καὶ ἅρματα χρυσοκόλλητα ἢ ἄλλην δορυφορίαν τινὰ βασιλικῆς εὐταξίας ἢ ποῖα παλάτια καὶ λαμπροτάτους οἰκίας καὶ τὰ λοιπὰ τῆς βασιλείας γνωρίσματα; πῶς βασιλέα καλεῖς τὸν μὴ ἔχοντα ποῦ κλῖναι τὴν κεφαλὴν καὶ μέσον λῃστῶν σταυρούμενον ὡς κακοῦργον; ποίους δὲ ἀνέγνωσας νόμους, ποίας ἀνέπτυξας μαρτυρούσας ὑπὲρ ἐμοῦ προφητείας, ἵνα τὰς τούτων ἐκφαντορίας καταμαθὼν καλέσῃς με βασιλέα;","Stefanis 1996","90","90","73","78","c74415e46fb97d1faaeae8920fc63981172e04880ba31c8f3be8f060eae69185","","False","False"
"74","Δ΄","§39","Εἰς τὰς ἁγίας ἐντολὰς τοῦ Σωτῆρος","Ὅτε γὰρ τῷ Πιλάτῳ παρέστην καὶ πρὸ μικροῦ τῷ Καϊάφᾳ, ἑκὼν ἐφανέρωσα τότε τὸ κεκρυμμένον μυστήριον· καὶ τῷ μὲν εἶπον· Ἀπ᾿ ἄρτι ὄψεσθε τὸν υἱὸν τοῦ ἀνθρώπου καθήμενον ἐκ δεξιῶν τῆς δυνάμεως καὶ ἐρχόμενον ἐπὶ τῶν νεφελῶν τοῦ οὐρανοῦ, τῷ δὲ ὅτι· Εἰ ἐκ τοῦ κόσμου τούτου ἦν ἡ βασιλεία ἡ ἐμή, οἱ ὑπηρέται ἂν οἱ ἐμοὶ ἠγωνίζοντο ἵνα μὴ παραδοθῶ τοῖς Ἰουδαίοις· νῦν δὲ ἡ βασιλεία ἡ ἐμὴ οὐκ ἔστιν ἐντεῦθεν. Κἀκεῖνοι μὲν ταῦτα ἐνωτισθέντες διέμειναν ἄπιστοι, σὺ δὲ φρουρούμενος τότε, οἷα λῃστὴς καὶ κακοῦργος, καὶ μηδόλως ἀκούσας τὰ παρ᾿ ἐμοῦ λαληθέντα πόθεν με βασιλέα γινώσκεις καὶ μνήμης αἰτεῖσαι ἀξιωθῆναι πρὸς τῆς ἐμῆς βασιλείας;","Stefanis 1996","90","90","74","105","53664175c3bd331e3ded03ec05c8a3edc8f9a7cce69ac58efc61dd3c6df7cce2","","False","False"
"75","Δ΄","§40","Εἰς τὰς ἁγίας ἐντολὰς τοῦ Σωτῆρος","Οὐδέν, φησίν, ὦ Δέσποτα, ἔμαθον ἐξ ἀνθρώπων βασιλέα εἶναί σε Θεὸν υἱὸν πατρὸς βασιλέως Θεοῦ ἀθανάτου ὁμοούσιον, μόνη δὲ τῶν στοιχείων ἡ ἐναλλαγὴ διδάσκει ἀναφανδὸν εἶναί σε βασιλέα καὶ κτίστην καὶ συνοχέα. Διὸ καὶ συμπάσχουσι τῷ κτίστῃ τὰ κτίσματα· ἰδὸν γὰρ τὸ φῶς τὸ ἡμερινὸν σταυρωθέντα σὲ τὸ φῶς τὸ ἀληθινὸν τὸ ἐλθὸν εἰς τὸν κόσμον καὶ φωτίσαν πάντα ἄνθρωπον, πιστὸν δηλονότι, μετεβλήθη πρὸς σκότος, καὶ τὸ φῶς ἀπεκρύβη· ὡσαύτως καὶ ἡ γῆ συνετρόμαξε βλέπουσα ἐν τῷ σταυρῷ κρεμασθέντα σὲ τὸν αὐτὴν ἐπὶ ὑδάτων ἑδράσαντα· ἀλλὰ καὶ αἱ πέτραι ἐσχίσθησαν τὴν πέτραν σὲ τῆς ζωῆς πάσχοντα βλέπουσαι, καὶ οἱ τάφοι διανοίγονται διὰ σὲ τὸν ἑκουσίως μετὰ μικρὸν μέλλοντα τάφῳ οἰκεῖν, οἱ δὲ νεκροὶ ἀναστήσονται διὰ σὲ τὴν ἀνάστασιν· διερράγη δὲ ἄνωθεν τοῦ ναοῦ τὸ καταπέτασμα μὴ φέρον καθορᾶν σταυρούμενον τὸν ναὸν τὸν ἄχραντον τοῦ παναγίου σου σώματος. Καὶ ταῦτα βλέπων κραυγάζω σοι· Μνήσθητί μου, Κύριε, ὅταν ἔλθῃς ἐν τῇ βασιλείᾳ σου.","Stefanis 1996","90","90","75","151","194f8c87fc23326f9df2f07a44e6f6475c018032a5d6b1556ecd918cdd29acda","","False","False"
"76","Δ΄","§41","Εἰς τὰς ἁγίας ἐντολὰς τοῦ Σωτῆρος","Καὶ ὁ Κύριος· Ἀμήν, ἀμὴν λέγω σοι, μετ᾿ ἐμοῦ σήμερον, φησίν, ἔσῃ ἐν τῷ παραδείσῳ· ὡς ἄνθρωπος γὰρ ἐν σταυρῷ ἀπηορίσθην ἑκὼν καὶ ὡς Θεὸς ἀπερίγραπτος ἐν παραδείσῳ <ὑπάρχω> καὶ πανταχοῦ· ὡς ἄνθρωπος γὰρ θνῄσκω καὶ θάπτομαι καὶ εἰς ᾅδην κατέρχομαι, σὺ δὲ μετ᾿ ἐμοῦ σήμερον ἔσῃ ἐν τῷ παραδείσῳ. Τὸ μὲν σῶμά μου καθαγιάσει τὰ μνήματα, ἡ δὲ ψυχή μου τὰς ψυχὰς τῶν ἐν ᾅδῃ ἐλευθερώσει πιστῶν, σὺ δὲ μετ᾿ ἐμοῦ σήμερον ἔσῃ ἐν τῷ παραδείσῳ.","Stefanis 1996","90","91","76","77","a5003e9f281935f7e043ec82544465db2b0cf4063a74bfc94413e638ec5e2d9d","","False","False"
"77","Δ΄","§42","Εἰς τὰς ἁγίας ἐντολὰς τοῦ Σωτῆρος","Ἐγὼ μὲν ἑκουσίως πρὸς τὸν ᾅδην ἀπίω, τοὺς ἐκεῖσε δεσμίους λύσω καὶ ἀναστήσω, σὺ δὲ μετ᾿ ἐμοῦ σήμερον ἔσῃ ἐν τῷ παραδείσῳ· οὐ μόνον γὰρ ὁ πρωτόπλαστος ἐκεῖσε κατέχεται δέσμιος ἀλλὰ καὶ πᾶς ὁ τῶν δικαίων ἐσμός, οὐ μόνον δὲ ἀλλὰ καὶ ὁ μείζων πάντων ἐν γεννητοῖς γυναικῶν καὶ προφητῶν περισσότερος. Καὶ εἰ ὁ μέγας Ἰωάννης ὁ βαπτιστὴς καὶ πρόδρομος καὶ προφήτης τὴν ἐν τῷ ᾅδῃ οὐ διέδρασε τυραννίδα, τίς ἄρα λοιπὸν τῶν δικαίων ταύτην εἶχε διαδρᾶσαι; διὸ καὶ σπεύδω αὐτοὺς ἀπολῦσαι, σὺ δὲ μετ᾿ ἐμοῦ σήμερον ἔσῃ ἐν τῷ παραδείσῳ.","Stefanis 1996","91","91","77","91","30a7bf94a337f0e6a41b7c327f98eb84ef670ab01b386cb5b9c77d1d939006fa","","False","False"
"78","Δ΄","§43","Εἰς τὰς ἁγίας ἐντολὰς τοῦ Σωτῆρος","Μέχρι τοῦ νῦν δικαίους καὶ ἀνευθύνους ὡς ὑπευθύνους κατεῖχεν ὁ τύραννος, ἀλλ᾿ ἀπό γε τοῦ νῦν οὐδὲ λῃστοῦ μετανοοῦντος ἕξει τὴν τυραννίδα, μᾶλλον δὲ καὶ εὐθύνας ὑφέξει, σὺ δὲ μετ᾿ ἐμοῦ σήμερον ἔσῃ ἐν τῷ παραδείσῳ. Ἐκεῖθεν ὁ θεόπλαστος καὶ πρωτόπλαστος Ἀδὰμ ἐξεβλήθη, ἀλλὰ σὺ ὁ λῃστὴς πρὸ πάντων εἰς αὐτὸν ἀντεισάγεσαι· ἐντεῦθεν γὰρ γνώσονται πάντες ὅτι «οὐχ ὁ τόπος ἀλλ᾿ ὁ τρόπος» σῴζει τὸν ἄνθρωπον, καὶ οὐδὲ ἁμαρτωλὸς ἀπογνώσει, κἂν καὶ λῃστὴς γένηται, εἰ μετανοήσει θερμῶς· οὔτε ὁ δίκαιος μέγα φρονήσει, κἂν θεοκατόρθωτα ἔχῃ τὰ ἐπιτηδεύματα καὶ τὸν θεῖον παράδεισον ἐνδιαίτημα κέκτηται.","Stefanis 1996","91","91","78","93","fb2e64149b46bf3393f4ef346691ba03c726f2d211872c5bf6b3b7ca8e26b1c5","","False","False"
"79","Δ΄","§44","Εἰς τὰς ἁγίας ἐντολὰς τοῦ Σωτῆρος","Ἐμάθομεν ὅσον ἐστὶν ἀγαθὸν ἡ εὐχή; εἴδομεν βραχύτητα ῥήματος, ὅσον ἔχει θησαυρὸν κεκρυμμένον; εἴδομεν ἄβυσσον φιλανθρωπίας Χριστοῦ; Τοιγαροῦν καὶ ἡμεῖς διδάξωμεν ἑαυτοὺς ἐν αἰσθήσει καρδίας συχνάκις λέγειν καθ᾿ ἑαυτούς· Μνήσθητί μου, Κύριε, ὅταν ἔλθῃς ἐν τῇ βασιλείᾳ σου. Κἂν γὰρ ἀροτριᾷ τις, κἂν ποιμαίνει, κἂν ἀμπέλους ἢ κήπους φιλοκαλεῖ, κἂν χειροτέχνης ἐστί, κἂν ἐπιβεβηκώς ἐστιν ἵππῳ, κἂν πεζεύων ὁδοιπορεῖ, δύναται λέγειν· Μνήσθητί μου, Κύριε, ὅταν ἔλθῃς ἐν τῇ βασιλείᾳ σου. Καὶ τοῦτό ἐστιν, ὡς οἶμαι, τό· Ζητεῖτε πρῶτον τὴν βασιλείαν τοῦ Θεοῦ καὶ τό· Αἰτεῖτε, καὶ δοθήσεται ὑμῖν· ζητεῖτε καὶ εὑρήσετε· κρούετε, καὶ ἀνοιγήσεται ὑμῖν· πᾶς γὰρ ὁ αἰτῶν λαμβάνει, καὶ ὁ ζητῶν εὑρίσκει, καὶ τῷ κρούοντι ἀνοιγήσεται.","Stefanis 1996","91","91","79","108","2914fb30f6f5738053f87a426540aa403a3569017af9a884471297bbed66e9d4","","False","False"
"80","Δ΄","§45","Εἰς τὰς ἁγίας ἐντολὰς τοῦ Σωτῆρος","Γένοιτο δὲ ἡμᾶς κατ᾿ ἀξίαν αἰτεῖν καὶ λαμβάνειν ζητεῖν τε καὶ εὑρίσκειν τὴν ὁδὸν τῆς ζωῆς καὶ ταύτην ὀξυποδῆσαι καὶ φθάσαι ταχέως κροῦσαι καὶ εἰσελθεῖν εἰς τὴν αἰώνιον ζωὴν χάριτι καὶ φιλανθρωπίᾳ τοῦ Κυρίου καὶ Θεοῦ καὶ Σωτῆρος ἡμῶν Ἰησοῦ Χριστοῦ, μεθ᾿ οὗ τῷ Πατρὶ δόξα ἅμα τῷ ἁγίῳ Πνεύματι νῦν καὶ ἀεὶ καὶ εἰς τοὺς αἰῶνας τῶν αἰώνων· ἀμήν.","Stefanis 1996","91","91","80","60","faf5910ff1fe9deeabd8086fe53055cbf2dccca8662710e210ab2252ba1a7e3c","","False","False"
"81","Ε΄","§1","Εἰς τὰς ἁγίας ἐντολὰς τοῦ Σωτῆρος καὶ περὶ τῶν πέντε τοῦ σώματος αἰσθήσεων","Θεοῦ τοῦ ἀγαθοῦ συνεργείᾳ καὶ χάριτι ὁ τοῦ κόσμου ἰσοστοίχιος λόγος ἀπαρτισθεὶς καὶ ὡς οἷόν τε ἀπολογίαν ποιησάμενος καὶ ἐπιτόμως διαλαβὼν ἱερῶν διδασκάλων καὶ πανοσίων πατέρων ἐσμὸν καὶ τὰ ἐκείνων θεῖα διδάγματα καὶ οἵας παρὰ Θεοῦ ἠξιώθησαν δόξης καὶ ποῦ συνεκλήθησαν, εἶτα πρὸς τὰ Χριστοῦ ἀτενίσας θεῖα παραγγέλματα καὶ ἐμπεσὼν εἰς τό· Αἰτεῖτε, καὶ δοθήσεται ὑμῖν καὶ δείξας ὅσον ἐστὶν ἀγαθὸν ἡ εὐχὴ καὶ μνησθεὶς τοῦ μακαρίου ἐκείνου λῃστοῦ καὶ τὰ τότε συμβάντα ἐξύφανεν ὡς ἱστόν.","Stefanis 1996","92","92","81","76","9e1dbfdee23cb27e8cb8ac600c3740a7042619b67b104f4ceb44bf48e6f47be3","","False","False"
"82","Ε΄","§2","Εἰς τὰς ἁγίας ἐντολὰς τοῦ Σωτῆρος καὶ περὶ τῶν πέντε τοῦ σώματος αἰσθήσεων","Ἄρτι δὲ τὸν ἰσάριθμον τῶν αἰσθήσεων σπεύδει βαθμὸν διαλαμβάνειν καὶ ἐπείγεται εἰπεῖν κατὰ τὴν τάξιν αὐτοῦ, λέγω δὴ τῆς ὁράσεως, ἣ πρωτεύει τῶν τεσσάρων αἰσθήσεων, τῆς ὀσφρήσεως, δηλαδή, τῆς ἀκοῆς, τῆς γεύσεως ἅμα καὶ τῆς ἁφῆς, δι᾿ ἃς πολλῆς χρεία σπουδῆς, πολλῆς νήψεως, πολλῆς ἐγρηγόρσεως τοῖς βουλομένοις τυχεῖν τῆς ἀθανάτου ζωῆς, ἵνα μὴ θάνατος ἀναβῇ, ὡς γέγραπται, διὰ τῶν θυρίδων ἡμῶν.","Stefanis 1996","92","92","82","61","265d2c90191ad6b5e07b5cd41d50bff067d8a03075d89caee7ce00f0d5416a71","","False","False"
"83","Ε΄","§3","Εἰς τὰς ἁγίας ἐντολὰς τοῦ Σωτῆρος καὶ περὶ τῶν πέντε τοῦ σώματος αἰσθήσεων","Καλῶς γὰρ εἶπε διὰ τῶν θυρίδων· ὥσπερ γὰρ τὰ ἔθνη τὰ βάρβαρα διὰ τῶν θυρίδων τοῦ ἄστεως εἰσέρχονται καὶ κρατοῦσιν αὐτὸ καὶ ἀφανίζουσιν ἢ ἐκπέμπουσι βέλη καὶ πολλοὺς τραυματίζουσι, μᾶλλον δὲ καὶ ἀποκτείνουσιν, οὕτω καὶ διὰ τῶν θυρίδων ἡμῶν αἰσθήσεων οἱ βάρβαροι δαίμονες τὰ βέλη αὐτῶν ἀκοντίζουσι καὶ τραυματίζουσιν ἡμῶν τὰς ψυχὰς καὶ ἀποκτείνουσι. Καὶ γὰρ τὰ βέλη τοῦ πονηροῦ ποτὲ μὲν ἐξ ὁράσεως, ποτὲ δὲ ἐξ ἀκοῆς, ποτὲ δὲ ἐξ ὀσφρήσεως, ποτὲ δὲ ἀπὸ γεύσεως, ποτὲ δὲ ἐξ ἁφῆς εἰσδύουσι τῇ καρδίᾳ· καὶ νῦν μὲν τιτρώσκεταί τις κάλλους ἐπιθυμίᾳ, νῦν δὲ ἀκοῇ καὶ ἄρτι μὲν ὀσφρήσει καὶ γεύσει, ἄρτι δὲ τῇ ἁφῇ τῆς χειρός, ἐκ τοῦ κρατῆσαι κακῶς ἢ ἐκ τοῦ ἁρπάσαι τὰ ἀλλότρια ἢ ἐκ τοῦ τύψαι ἀνηλεῶς.","Stefanis 1996","92","92","83","120","bbc2de523ec3edda6825bd284475408d3e3d094b924fd3301bacb1db64071def","","False","False"
"84","Ε΄","§4","Εἰς τὰς ἁγίας ἐντολὰς τοῦ Σωτῆρος καὶ περὶ τῶν πέντε τοῦ σώματος αἰσθήσεων","Καὶ ὁ μὲν ἀγαθὸς καὶ φιλάνθρωπος Θεὸς κατ᾿ εἰκόνα καὶ ὁμοίωσιν αὐτοῦ τὸν ἄνθρωπον ἔπλασε καὶ τὸ αὐτεξούσιον ἐχαρίσατο καὶ τὰς αἰσθήσεις ἔδωκε ταύτας, ἵνα δι᾿ αὐτῶν λαμβάνωμεν αἴσθησιν τῶν κτισμάτων αὐτοῦ καὶ ἐντεῦθεν πρὸς αὐτὸν ἀνατρέχωμεν καὶ τὴν αὐτοῦ αἰσθανώμεθα ἀπερινόητον δύναμιν, ἡμεῖς δὲ τὸ αὐτεξούσιον εἰληφότες εἰς ἀτόπους ἐννοίας καὶ πράγματα αὐτὸν παροργίζομεν. Διὸ καὶ ὁ Σωτήρ· Ὁ ἐμβλέψας, φησί, γυναικὶ πρὸς τὸ ἐπιθυμῆσαι αὐτήν, ἤδη ἐμοίχευσεν αὐτὴν ἐν τῇ καρδίᾳ αὐτοῦ.","Stefanis 1996","92","92","84","74","9ec5dacceca9d6ee8574fc60240029c514868a51f7affaf9fd7c2eb5e45b8aea","","False","False"
"85","Ε΄","§5","Εἰς τὰς ἁγίας ἐντολὰς τοῦ Σωτῆρος καὶ περὶ τῶν πέντε τοῦ σώματος αἰσθήσεων","Ὅρα τοῦ ῥήματος τὴν ἀκρίβειαν καὶ διάκρινε τούτου τὴν ἔννοιαν· οὐ γὰρ εἶπεν ὅτι ὅστις ἁπλῶς ἴδῃ γυναῖκα, ἤδη ἐμοίχευσεν αὐτήν, ἀλλ᾿ ὅστις ἐμβλέψῃ μετὰ ἐπιθυμίας ἐμπαθῶς καὶ περιέργως, ἤδη ἐμοίχευσεν αὐτὴν ἐν τῇ καρδίᾳ· οὐ τῇ σαρκὶ ἀλλὰ τῇ καρδίᾳ τέως καὶ εἶθ᾿ οὕτως καὶ τῇ σαρκί· τοῦτο γὰρ δηλοῖ ἡ συγκατάθεσις τῆς περιεργίας τῶν ὀφθαλμῶν.","Stefanis 1996","92","92","85","57","df77cdfc8867d3e15d5134220d04096953a7a5e8c756f7468d7e477eea45b41b","","False","False"
"86","Ε΄","§6","Εἰς τὰς ἁγίας ἐντολὰς τοῦ Σωτῆρος καὶ περὶ τῶν πέντε τοῦ σώματος αἰσθήσεων","Τοῦτο καὶ ὁ σοφώτατος παραινεῖ Σολομὼν λέγων· Μή σε νικήσῃ κάλλους ἐπιθυμία, μηδὲ ἀγρευθῇς σοῖς ὀφθαλμοῖς, μηδὲ συναρπασάτω σε τοῖς βλεφάροις αὐτῆς· … μή σε νικήσῃ, φησί, κάλλους ἐπιθυμία· ἀντιπαράταξαι τῇ ἐπιθυμίᾳ καθάπερ στρατιώτης τῷ ἀντιπάλῳ· μὴ νικηθῇς καὶ χάσῃς τὸν στέφανον καὶ σὺν αὐτῷ τὴν ζωήν· μὴ ἀγρευθῇς ὥσπερ κτῆνος, μᾶλλον δὲ κἀκείνου ἀθλιώτερον, καθότι ἐκεῖνο μὲν ἄλογον καὶ διακρίσεως ἔρημον καὶ ἆκον εἰς τὰ θήρατρα ἐμπίπτει τῶν θηρευτῶν καὶ ἁλωθὲν ἐχρησίμευσε καὶ ἐκ νεκρῶν οὐκ ἀνίσταται καὶ εἰς κρίσιν καὶ κόλασιν οὐκ εἰσέρχεται· σὺ δὲ λογικὸς ὢν καὶ ἀνάστασιν προσδοκῶν καὶ εὐθύνας μέλλων ὑφέξειν ἀγρεύεσαι ἰδίοις ὀφθαλμοῖς καὶ συναρπάζῃ τοῖς βλεφάροις αὐτῆς· μή σε νικήσῃ κάλλους ἐπιθυμία, υἱέ, μηδὲ ἀγρευθῇς σοῖς ὀφθαλμοῖς, μηδὲ συναρπασάτω σε τοῖς βλεφάροις αὐτῆς· γυνὴ γὰρ ψυχὰς ἀγρεύει τιμίων ἀνδρῶν. Πῶς ἀγρεύει; παγιδεύει, καταδεσμεῖ, πρὸς θάνατον ἕλκει καὶ ἀπώλειαν.","Stefanis 1996","92","93","86","135","8e3cb97b9626ba5429fd0561d46164d8206d34d113c2972c93fe0b8541458e63","","False","False"
"87","Ε΄","§7","Εἰς τὰς ἁγίας ἐντολὰς τοῦ Σωτῆρος καὶ περὶ τῶν πέντε τοῦ σώματος αἰσθήσεων","Τί δὲ ὁ θεῖος καὶ μακάριος Παῦλος; Οὐκ οἴδατε, φησίν, ὅτι ναὸς Θεοῦ ἐστε καὶ τὸ πνεῦμα τοῦ Θεοῦ οἰκεῖ ἐν ὑμῖν; εἴ τις οὖν φθείρει τὸν ναὸν τοῦ Θεοῦ, φθειρεῖ τοῦτον ὁ Θεός· ὁ γὰρ ναὸς τοῦ Θεοῦ ἅγιός ἐστιν, οἵτινές ἐστε ὑμεῖς. Καὶ πάλιν· Οὐκ οἴδατε, φησίν, ὅτι τὰ σώματα ὑμῶν μέλη Χριστοῦ εἰσιν; ἄρας οὖν τὰ μέλη τοῦ Χριστοῦ ποιήσω πόρνης μέλη; μὴ γένοιτο· οὐκ οἴδατε ὅτι ὁ κολλώμενος τῇ πόρνῃ ἓν σῶμά ἐστιν; καὶ ἔσονται, φησίν, οἱ δύο εἰς σάρκα μίαν, ὁ δὲ κολλώμενος τῷ Κυρίῳ ἓν πνεῦμά ἐστιν. Φεύγετε τὴν πορνείαν· πᾶν ἁμάρτημα ὃ ἐὰν ποιήσῃ ἄνθρωπος ἐκτὸς τοῦ σώματός ἐστιν· ὁ δὲ πορνεύων εἰς τὸ ἴδιον σῶμα ἁμαρτάνει.","Stefanis 1996","93","93","87","114","e57e3a69b12fc7615aebabebfa3cd94be1accc5a3468ca06e52e5aee8a14bfa7","","False","False"
"88","Ε΄","§8","Εἰς τὰς ἁγίας ἐντολὰς τοῦ Σωτῆρος καὶ περὶ τῶν πέντε τοῦ σώματος αἰσθήσεων","Τί οὖν; ὁ κλέπτων ἢ ἁρπάζων καὶ πλεονεκτῶν ἢ ὁ ψευδομαρτυρῶν καὶ λοιδορῶν καὶ διαβάλλων ἐκτὸς τοῦ σώματος ἁμαρτάνει, μόνος δὲ ὁ πόρνος εἰς τὸ ἴδιον σῶμα; Ναί, ἁμαρτάνει κἀκεῖνος εἰς τὸ ἴδιον σῶμα, πλὴν οὐχ οὕτω καθάπερ ὁ πόρνος σῶμα πρὸς σῶμα τῇ ἁμαρτίᾳ συνάπτεται· μολύνουσι γὰρ καὶ τὰ ἀμφότερα, ἀλλὰ πολλὴ μεταξὺ τούτων ἡ διαφορά, κἂν καὶ ὁ μοιχὸς τῷ φονεῖ συνευθύνεται. Καὶ ὁ μὲν φονεύσας ἴσως ἐφόνευσεν ἅπαξ, καὶ τοῦτο τυχὸν ἀκουσίως, καὶ εὐθὺς πλήττεται τῇ καρδίᾳ μεταμελούμενος, ὁ πόρνος δὲ καὶ ὁ μοιχὸς περιπίπτει πολλάκις καί, εἰς ἕξιν τὸ πάθος ἐλθόν, τὸν μολυσμὸν οὐκ αἰσθάνεται. Καὶ διὰ τοῦτο πᾶσα ἁμαρτία ἐκτὸς τοῦ σώματός ἐστιν, ὁ δὲ πορνεύων εἰς τὸ ἴδιον σῶμα ἁμαρτάνει.","Stefanis 1996","93","93","88","116","5a447418e014ede2eaad6d0c0a9a1a10f95a3d8d2739ed2bf78cdc98906f440a","","False","False"
"89","Ε΄","§9","Εἰς τὰς ἁγίας ἐντολὰς τοῦ Σωτῆρος καὶ περὶ τῶν πέντε τοῦ σώματος αἰσθήσεων","Ταῦτα πάντα βουλόμενος περικόψαι ἔφη ὁ Σωτήρ· Ὁ ἐμβλέψας γυναικὶ πρὸς τὸ ἐπιθυμῆσαι αὐτήν, ἤδη ἐμοίχευσεν αὐτὴν ἐν τῇ καρδίᾳ αὐτοῦ. Μήκοθεν τοῦ καρποῦ ἔθηκε τὸν φραγμόν, καθάπερ γεωργὸς δοκιμώτατος, ἵνα τὸν κλέπτην ὀφθαλμὸν περιτειχίσῃ μακρόθεν, ἐπεὶ «καρποῦ μὴ παρόντος οὐ συχνῶς ὀρεγόμεθα». Καὶ τοῦτο ἔστι θεάσασθαι ἡμᾶς ἐκ πολλῶν τῆς γραφῆς μαρτυριῶν καὶ ἐξ αὐτῶν καθ᾿ ἡμέραν τῶν τῆς πείρας πραγμάτων.","Stefanis 1996","93","93","89","62","7da30cd5716970ed47e7ba8200714f57ce1b67c7601ae96e38d8a0f330f8fe8a","","False","False"
"90","Ε΄","§10","Εἰς τὰς ἁγίας ἐντολὰς τοῦ Σωτῆρος καὶ περὶ τῶν πέντε τοῦ σώματος αἰσθήσεων","Ὅτε γὰρ καὶ ἡ προμήτωρ ἡμῶν περιέργως εἰς τὸ ξύλον τὸ ἀπηγορευμένον ἐκεῖνο ἠτένισε, τότε πάντως καὶ τῆς βρώσεως αὐτοῦ κατετόλμησε, πρὸ δὲ τούτου ἔβλεπε μέν, ἀπαθῶς δέ· ὅτε δὲ ἐμπαθῶς κατεσκόπευσε, τότε εἶδεν ὅτι καλὸν τὸ ξύλον εἰς βρῶσιν καὶ ὅτι ἀρεστὸν τοῖς ὀφθαλμοῖς ἰδεῖν καὶ ὡραῖον τοῦ κατανοῆσαι, καὶ λαβοῦσα ἐκ τοῦ καρποῦ αὐτοῦ ἔφαγεν [***","Stefanis 1996","93","93","90","58","6e4546eb1c5d52b25cacc3a684502e0a69bdcb630fee700d1e4c4f6ce9203ce6","","False","False"
"91","Ε΄","§11","Εἰς τὰς ἁγίας ἐντολὰς τοῦ Σωτῆρος καὶ περὶ τῶν πέντε τοῦ σώματος αἰσθήσεων","]μέναι τῇ τούτου ἀγάπῃ πολλὰς βασάνους ὑπέμειναν. Εἶτα μνησθεὶς τῶν θείων ἐκείνων καὶ ἱερῶν διδασκάλων εἰς τοὺς νῦν ἱεραρχοῦντας παριὼν ὁ λόγος κατήντησε· φιλικῶς δὲ καὶ τούτοις βραχυλογήσας ἀνήχθη πρὸς τὸ προκείμενον.","Stefanis 1996","94","94","91","32","ed45a02cf968a58b01fcf3a9664c8c700462741e37e04a0aa528e02fbc461c5b","","False","False"
"92","Ε΄","§12","Εἰς τὰς ἁγίας ἐντολὰς τοῦ Σωτῆρος καὶ περὶ τῶν πέντε τοῦ σώματος αἰσθήσεων","Ἐπεὶ δὲ ὑπέδειξεν ὅτι τὸ κάλλος εἰς θεογνωσίαν ἀνάγει τοὺς βουλομένους, βούλεται δεῖξαι σὺν Θεῷ ὅτι καὶ ἡ ὅρασις τὴν αὐτὴν κέκτηται δύναμιν, εἰ μήπου τις ἠθίσῃ βλέπειν κακῶς, οἷον τό· Ὁ ἐμβλέψας πρὸς τὸ ἐπιθυμῆσαι καὶ ὅτι· Εἶδεν ἡ γυνὴ ὅτι καλὸν τὸ ξύλον εἰς βρῶσιν, καὶ ὅτι· Εἶδον οἱ υἱοὶ τοῦ Θεοῦ τὰς θυγατέρας τῶν ἀνθρώπων ὅτι καλαί εἰσιν, ἔλαβον ἑαυτοῖς γυναῖκας ἃς ἐξελέξαντο· καὶ εἶπεν ὁ Θεός· Οὐ μὴ κατοικήσῃ τὸ πνεῦμά μου ἐν τοῖς ἀνθρώποις τούτοις διὰ τὸ εἶναι αὐτοὺς σάρκας.","Stefanis 1996","94","94","92","85","e406ab7a64b22e9033563670901245e2fc67ec41772d7f39f4a0f7de2ad326a3","","False","False"
"93","Ε΄","§13","Εἰς τὰς ἁγίας ἐντολὰς τοῦ Σωτῆρος καὶ περὶ τῶν πέντε τοῦ σώματος αἰσθήσεων","Καὶ εἰ τότε, πρὸ νόμου καὶ προφητῶν, ὁ Θεὸς οὐκ ἠνέσχετο κατοικεῖν τὸ πνεῦμα αὐτοῦ ἐπ᾿ αὐτούς, πῶς ἀνέξεται νῦν, μετὰ νόμον καὶ προφήτας καὶ Χριστοῦ παρουσίαν καὶ ἐντολὰς σωτηρίους καὶ ἐπαγγελίας μεγάλας καὶ ἀπειλὰς φοβερὰς καὶ ἀποστόλων κηρύγματα καὶ ἱερῶν διδασκάλων ἐκφαντορίας, ἁμαρτανόντων ἡμῶν οἰκεῖν τὸ πνεῦμα αὐτοῦ ἐν ἡμῖν; Οὐχὶ μᾶλλον καὶ πρὸς ἡμᾶς ἐρεῖ τό· Οὐ μὴ κατοικήσῃ τὸ πνεῦμά μου ἐν τοῖς ἀνθρώποις τούτοις διὰ τὸ εἶναι αὐτοὺς σάρκας;","Stefanis 1996","94","94","93","73","bafb7e1aaa7cc5bfba578bc509be6b1104dfe47f09cd1fe6f198f8891e909ec3","","False","False"
"94","Ε΄","§14","Εἰς τὰς ἁγίας ἐντολὰς τοῦ Σωτῆρος καὶ περὶ τῶν πέντε τοῦ σώματος αἰσθήσεων","Τοῦτο καὶ ὁ θεῖος ἀπόστολος μαρτυρεῖ, ὅτι· Τὸ φρόνημα τῆς σαρκὸς ἔχθρα εἰς Θεόν, ὅτι τῷ νόμῳ τοῦ Θεοῦ οὐχ ὑποτάσσεται. Καί· Εἰ δέ τις, φησί, πνεῦμα Χριστοῦ οὐκ ἔχει, οὗτος οὐκ ἔστιν αὐτοῦ· εἰ δὲ Χριστὸς ἐν ἡμῖν, τὸ μὲν σῶμα νεκρὸν δι᾿ ἁμαρτίαν, τὸ δὲ πνεῦμα ζωὴ διὰ δικαιοσύνην.","Stefanis 1996","94","94","94","51","3246cc2163648d534b801c03b1c2765b21c4958215327775558f5f6a44b5e1a0","","False","False"
"95","Ε΄","§15","Εἰς τὰς ἁγίας ἐντολὰς τοῦ Σωτῆρος καὶ περὶ τῶν πέντε τοῦ σώματος αἰσθήσεων","Ἀλλὰ καὶ αὖθις ἐπὶ τὸ προκείμενον ἐπανέλθωμεν. Εἶδεν, φησίν, ἡ γυνὴ ὅτι καλὸν τὸ ξύλον εἰς βρῶσιν, καὶ εἶδον οἱ υἱοὶ τοῦ Θεοῦ τὰς θυγατέρας τῶν ἀνθρώπων ὅτι καλαί εἰσιν, εἶδον δὲ καὶ οἱ πρεσβύτεροι ἐμπαθῶς τὴν μακαρίαν Σωσάνναν καὶ ἑαυτοὺς προσαπώλεσαν. Ἔβλεπε δὲ ἀπαθῶς καὶ ὁ σώφρων Ἰωσὴφ τὴν δέσποινα αὐτοῦ καὶ στήλην σωφροσύνης ἑαυτὸν παντὶ τῷ βίῳ κατέλειψεν.","Stefanis 1996","94","94","95","60","b84b0411ecc5fade711df51e1eaeaf74c1a0c009ce1abca01f45ed16b1724a86","","False","False"
"96","Ε΄","§16","Εἰς τὰς ἁγίας ἐντολὰς τοῦ Σωτῆρος καὶ περὶ τῶν πέντε τοῦ σώματος αἰσθήσεων","Ἐντεῦθεν μανθάνομεν ὅτι οὔτε ἡ ὅρασις οὔτε τὸ κάλλος αἴτιον ἀπωλείας τοῖς ἀνθρώποις προσγίνεται ἀλλ᾿ ἡ ῥαθυμία καὶ ἡ μοχθηρὰ προαίρεσις καὶ ἡ διεστραμμένη γνώμη. Ὁ δέ γε βουλόμενος τὰς ὁράσεις κεχρῆσθαι ὡς δοκεῖ τῷ Θεῷ ἀτενίζει τέως πρῶτον τὰ αἰσθητὰ κτίσματα τοῦ Θεοῦ καὶ ἐντεῦθεν θαυμάζει καὶ προσκυνεῖ τὴν ὑπεράπειρον αὐτοῦ σοφίαν καὶ δύναμιν.","Stefanis 1996","94","94","96","55","8d4db0b6f09e73e202fb37fcdac36e2a15ebd62e1c9f90c62e2b9efa0fbd8a07","","False","False"
"97","Ε΄","§17","Εἰς τὰς ἁγίας ἐντολὰς τοῦ Σωτῆρος καὶ περὶ τῶν πέντε τοῦ σώματος αἰσθήσεων","Πῶς γὰρ καὶ μὴ θαυμάσειέ τις βλέπων οὐρανοῦ τοσαῦτον ὕψος καὶ πλάτος καὶ μέγεθος καὶ φωστήρων λαμπρότητα καὶ ποικιλίαν ἀστέρων καὶ εὐταξίαν καὶ δρόμον καὶ πλῆθος παντελῶς ἀναρίθμητον καὶ μόνῳ τῷ Δημιουργῷ ἀριθμούμενον καὶ ὀνομαζόμενον, ὡς ὁ θεῖος μυσταγωγεῖ προφήτης Δαυΐδ; Ὁ ἀριθμῶν, φησί, πλήθη ἄστρων καὶ πᾶσιν αὐτοῖς ὀνόματα καλῶν.","Stefanis 1996","94","94","97","51","eb912b3080487ad35b2e42c2f1ef6360bb12eaf29e902a7614749f15b3d6a87d","","False","False"
"98","Ε΄","§18","Εἰς τὰς ἁγίας ἐντολὰς τοῦ Σωτῆρος καὶ περὶ τῶν πέντε τοῦ σώματος αἰσθήσεων","Καὶ τῷ Ἰώβ, ὅτε, φησίν, ἐγενήθη ἄστρα, εἴδοσαν πάντες ἄγγελοί μου καὶ ὕμνησαν τὴν εὐκρασίαν καὶ δυσκρασίαν τῶν ἀέρων, τῶν ὑετῶν τὴν φοράν, τὸ πλῆθος τῶν πετεινῶν, τῶν ἐνιαυτῶν τὰς τροπὰς καὶ ὅσην παρέχει χρῆσιν ἡ τούτων τροπὴ τῷ βίῳ παντί, τὸ πλάτος τῆς γῆς, τὴν αὐτῆς διαφοράν, οἷον τὸ ἔρημον, τὸ οἰκούμενον, τὸ ἔνυδρον, τὸ ἄνυδρον, τὸ ὀρεινόν, τὸ πεδιάσιμον, τὸ ἀλσῶδες, τὸ λεῖον, τῶν εὐκάρπων δένδρων καὶ ἀκάρπων τὸ χρήσιμον, τῶν ποταμῶν τὴν ῥοήν, τῶν φρεάτων καὶ κρηνῶν τὸ χρήσιμον, τὰς ἀρούρας, τοὺς λειμῶνας, τὴν διαφορὰν τῶν φυτῶν, τὴν εὐφρασίαν τὴν ἐξ αὐτῶν καὶ τέρψιν καὶ θέαν, τὴν τῶν βοτανῶν διαφοράν, τῶν κτηνῶν τὰς ἀγέλας, τῶν θηρῶν τὸ ἀτίθασσον, τῆς θαλάσσης τὸ μέγεθος, καὶ πῶς ψάμμῳ περιτειχίζεται (μέχρι τούτου, φησίν, ἐλεύσῃ καὶ οὐχ ὑπερβήσῃ, ἀλλ᾿ ἐν σεαυτῇ συντριβήσονταί σου τὰ κύματα), τὸ ταύτης εὔπλουν καὶ τὸ ἄπλετον, τὴν τῶν ἁλιάδων καὶ νηῶν χρῆσιν τὴν θαυμαστήν, τῶν ἰχθύων τὸ ποικιλώτατον πλῆθος.","Stefanis 1996","94","95","98","152","27ec9b097a771b9a40ebaa46ae787a103b9558311715a6dc3ffee8bf6a02a55d","","False","False"
"99","Ε΄","§19","Εἰς τὰς ἁγίας ἐντολὰς τοῦ Σωτῆρος καὶ περὶ τῶν πέντε τοῦ σώματος αἰσθήσεων","Καὶ τί πολλὰ λέγω καὶ ἀριθμῶ; ἐὰν θελήσωμεν τοὺς ὀφθαλμοὺς ἀτενίζειν ὡς δεῖ, πολλὴν ἕξομεν τὴν ὠφέλειαν· εἰς τοῦτο γὰρ καὶ ὁ Δεσπότης ἡμῶν καὶ Θεὸς τὰς πέντε αἰσθήσεις ὡς μέγα τινὰ πλοῦτον ἡμῖν ἐδωρήσατο, ἵνα δι᾿ αὐτῶν αἰσθανόμεθα τῶν κτισμάτων τὸ μέγεθος καὶ ἀνυμνοῦμεν τὸν κτίσαντα.","Stefanis 1996","95","95","99","47","da6ac6225fcd2a9dc4ddedf1af3c32c0de34c6a25328264e596dcfc111d5eeee","","False","False"
"100","Ε΄","§20","Εἰς τὰς ἁγίας ἐντολὰς τοῦ Σωτῆρος καὶ περὶ τῶν πέντε τοῦ σώματος αἰσθήσεων","Ἡ δὲ ὄσφρησις, οὐχ ἵνα ὀσφραίνεται τὰ πρὸς ἀπώλειαν ἕλκοντα, ἀλλ᾿ ἵνα τοῦ ἐκκενωθέντος μύρου τὴν εὐωδίαν αἰσθάνεται· Μύρον, φησίν, ἐκκενωθὲν ὄνομά σου, καὶ εἰς ὀσμὴν μύρου σου δραμοῦμεν. Τοῦτο ἐκενώθη τὸ μύρον ἐν Βηθλεὲμ τῇ πόλει ἐκ μυροθήκης πανάγνου, ὑπεραμώμου καὶ παναγίας καὶ ἔπλησεν εὐωδίας τὴν ὑφήλιον ἅπασαν.","Stefanis 1996","95","95","100","49","8ca4f7418a8c55a844fb2411d5d94a0d345b35d9bfc41385de33bdaee69f79e5","","False","False"
"101","Ε΄","§21","Εἰς τὰς ἁγίας ἐντολὰς τοῦ Σωτῆρος καὶ περὶ τῶν πέντε τοῦ σώματος αἰσθήσεων","Διὸ καὶ μάγοι ἐξ ἀνατολῶν καὶ ποιμένες πελάζοντες καὶ ἄγγελοι ἐξ οὐρανῶν εἰς ὀσμὴν ἔδραμον τούτου τοῦ μύρου· καὶ εἶδον τὸ μύρον ἐκεῖνο παιδίον κείμενον ἐν τῇ φάτνῃ καὶ τὴν ἁγίαν ἐκείνην πάναγνον Δέσποιναν μυροθήκην τοῦτο κατέχουσαν· ἦν ἐκεῖ τότε ὄντως, ἦν ἐκεῖ εὐωδία ὑπὲρ πάντα τὰ ἀρώματα, καὶ ὀσφρανθέντες οἱ μάγοι προσεκύνησαν καὶ δῶρα προσήνεγκαν ὡς βασιλεῖ καὶ Θεῷ, οἱ δὲ ποιμένες ὑπέστρεψαν ἐξηγούμενοι πάντα ὅσα εἶδον καὶ ἤκουσαν, οἱ δὲ ἄγγελοι Δόξα ἔκραζον ἐν ὑψίστοις Θεῷ καὶ ἐπὶ γῆς εἰρήνη, ἐν ἀνθρώποις εὐδοκία.","Stefanis 1996","95","95","101","85","b4a37e36a7509b32a783b7e6f0f1821e0e27aea3cb280ca81f6028a44c3e3404","","False","False"
"102","Ε΄","§22","Εἰς τὰς ἁγίας ἐντολὰς τοῦ Σωτῆρος καὶ περὶ τῶν πέντε τοῦ σώματος αἰσθήσεων","Τούτου τοῦ μύρου ὀσφρανθέντες οἱ ἅγιοι ἔδραμον ὀπίσω αὐτοῦ, καὶ ὁ δίκαιος Νῶε πάλαι πλησθεὶς εὐωδίας Θεοῦ ἐποίησε πάντα τὰ διαταχθέντα αὐτῷ παρ᾿ αὐτοῦ καὶ θυσίαν προσέφερε, καὶ ὠσφράνθη Κύριος ὀσμὴν εὐωδίας τὴν κνῖσαν ἐκείνην διὰ τὸν θυσιάσαντα γνώμῃ εὐωδεστάτῃ, τὸ δὲ θυμίαμα τῶν Ἰουδαίων διὰ τὴν δυσώδη γνώμην αὐτῶν βδέλυγμα αὐτῷ ἐστι. Καὶ τοῦ δικαίου τὴν κνῖσαν ὠσφράνθη Κύριος ὀσμὴν εὐωδίας, ἵνα καὶ νῦν οἱ προσφέροντες εὐγνωμόνως θυσίαν αἰνέσεως ὀσφρανθήσεται Κύριος ὀσμὴν εὐωδίας.","Stefanis 1996","95","95","102","74","d58106319ef281683bcd83e554d44356a06511ec79707ff62d76c573f6f61b99","","False","False"
"103","Ε΄","§23","Εἰς τὰς ἁγίας ἐντολὰς τοῦ Σωτῆρος καὶ περὶ τῶν πέντε τοῦ σώματος αἰσθήσεων","Κατέχεε δὲ καὶ ἡ γυνὴ τὸ πολύτιμον μύρον ἀνακειμένῳ τῷ μύρῳ τῷ ἀτιμήτῳ, συνέμιξε τῷ μύρῳ τῷ οὐρανίῳ τὸ μύρον τὸ ἐπὶ γῆς καὶ μετέλαβεν εὐωδίας ἢ μᾶλλον μετέδωκε· διὸ καὶ ἐπλήσθη ὁ οἶκος εὐωδίας. Καὶ εἰς ὀσμὴν μύρου σου δραμοῦμεν, καὶ μύρον ἐκκενωθὲν ὄνομά σου, <καὶ ὀσμὴ μύρων σου> ὑπὲρ πάντα τὰ ἀρώματα, καὶ διὰ τοῦτο νεάνιδες ἠγάπησάν σε.","Stefanis 1996","95","95","103","60","cc23c1445e2a561729f4227b643223f0914b8dcb412f52cc56cf52e30ddd5083","","False","False"
"104","Ε΄","§24","Εἰς τὰς ἁγίας ἐντολὰς τοῦ Σωτῆρος καὶ περὶ τῶν πέντε τοῦ σώματος αἰσθήσεων","Ἦν ἐν Βηθλεὲμ τῆς Ἰουδαίας ἔνδοθεν τοῦ σπηλαίου ἐξαίσιον μύρον καὶ μυροθήκη· βαβαὶ τοῦ μυστηρίου τοῦ ξένου· ἐκενώθη ἐκεῖ τότε, ἐκενώθη, ἐτέχθη ἐκεῖ μύρον οὐράνιον, μύρον σωτήριον, μύρον πᾶσαν ἔννοιαν ἐξιστῶν, μύρον ἀνέκφραστον, μύρον σωστικόν, μύρον ἅγιον καὶ ὑπεράγιον καὶ πάσης ἐννοίας ἀνώτερον, μύρον εὐωδιάζον πάντα τὰ θεῖα στρατεύματα καὶ ἁλιεῖς ἀθροῖζον εἰς μαθητείαν καὶ στρατιώτας πρὸς ἄθλησιν, ὁσίους δὲ ἐνισχῦον καὶ γυναῖκας νευροῦν ὀσμὴν μύρου θείου καταλαβεῖν· καὶ διὰ τοῦτο νεάνιδες ἠγάπησάν σε.","Stefanis 1996","95","96","104","74","d052c01171c51e6b3d725da5637867a5dd712f200f96855ecd4d3c0c46353de5","","False","False"
"105","Ε΄","§25","Εἰς τὰς ἁγίας ἐντολὰς τοῦ Σωτῆρος καὶ περὶ τῶν πέντε τοῦ σώματος αἰσθήσεων","Οὐκ ἦν ἐκεῖ ἐν τῷ σπηλαίῳ ἐκείνῳ, οὐκ ἦν ἐκεῖ λοχεία τότε συνήθης, οὐ βία, οὐ μαίευσις, οὐ θεραπαινίδων παράστασις, οὐ κλίνης, οὐ θερμοῦ, οὐ ψυχροῦ ὕδατος χρεία, οὐκ ἀμφίων ἐναλλαγή, οὐ βρώματα συνήθη, οὐ κατήφεια τὸ σύνολον. Καθάπερ γὰρ μύρον ἐκ μυροθήκης κενούμενον οὐ βίαν, οὐ μολυσμόν, οὐκ ἄλλην τινὰ κέκτηται δυσκολίαν, μόνους δὲ τοὺς μεθέξοντας θέλει τῆς τούτου εὐωδίας, πάντα ἄχραντα, πάντα καθαρὰ καὶ πανάγια, πάντα χαρμονικά, πάντα φαιδρά, πάντα αἰσθητῶς καὶ νοητῶς πεπληρωμένα χοροστασίας ἀγγέλων, πάντα, Παναγία Δέσποινα, τοῦ παναγίου σου τόκου, πάντα, Δέσποτα, τὰ τῆς σῆς γεννήσεως εὐωδίας μεστά, καὶ ὀσμὴ μύρων σου ὑπὲρ πάντα τὰ ἀρώματα, καὶ διὰ τοῦτο νεάνιδες ἠγάπησάν σε, καὶ εἰς ὀσμὴν μύρων σου δραμοῦμεν.","Stefanis 1996","96","96","105","113","250ec1b79f5a3b602698a81b45a48f56f0e5948cebc69aa24cb93cf1c2bf35e7","","False","False"
"106","Ε΄","§26","Εἰς τὰς ἁγίας ἐντολὰς τοῦ Σωτῆρος καὶ περὶ τῶν πέντε τοῦ σώματος αἰσθήσεων","Εἴδομεν καὶ ταύτης τῆς αἰσθήσεως τὴν ὠφέλειαν, λέγω δὴ τῆς ὀσφρήσεως; ᾐσθάνθημεν εὐωδίαν ὑπὲρ πάντα τὰ ἀρώματα; δόξα σοι ὁ Θεός, δόξα σοι τῷ εὐωδιάσαντι τὸν κόσμον τῇ σῇ παρουσίᾳ καὶ τῆς δυσώδους ἁμαρτίας ἀπαλλάξαντι τοὺς βουλομένους. Ἐπεὶ οὖν ἐμάθομεν χάριτι Θεοῦ τῶν δύο αἰσθήσεων τὴν ὠφέλειαν, δηλαδὴ τῆς ὁράσεως καὶ τῆς ὀσφρήσεως, καὶ ὅση προσγίνεται ὄνησις τοῖς καλῶς ὁρῶσι καὶ ὀσφραινομένοις, δεῖ καὶ τὰ περὶ τῆς γεύσεως ἐξετάσαι διὰ βραχέων, ὡς ἡ θεία καὶ περὶ ταύτης χάρις προτείνει.","Stefanis 1996","96","96","106","79","a602d29c2954aa406801a412dc18041651d49a69432755ad3b0f2404704bcc86","","False","False"
"107","Ε΄","§27","Εἰς τὰς ἁγίας ἐντολὰς τοῦ Σωτῆρος καὶ περὶ τῶν πέντε τοῦ σώματος αἰσθήσεων","Ἡ δὲ γεῦσις οὐ διὰ τοῦτο δέδοται πρὸς Θεοῦ, ἵνα <τὸ στόμα> διακρίνῃ πικρὰ καὶ γλυκέα καὶ θερμὰ καὶ ψυχρὰ καὶ καθάπερ χωνίον ἀσκῷ κατάγῃ τῇ κοιλίᾳ τὰ βρώματα καὶ ταυρίζῃ αὐτὴν ὡς οἶνος νέος ἀσκὸν καὶ τρυφηλὸν καὶ πῖον ἀποφήνῃ τὸ σῶμα καὶ ψωνίσῃ πλουσίως τοῖς σκώληξι ἐν χρόνῳ ἱκανῷ, οὐδ᾿ αὖ πάλιν ἵνα τοῦτο ἐξανοίγωμεν εὐκαίρως ἀκαίρως, ὥστε ἀργολογεῖν καὶ ὑβρίζειν καὶ λοιδορεῖν καὶ διαβάλλειν ἢ καταλαλεῖν καὶ κατακρίνειν καὶ μάχεσθαι ἢ ὀμνύειν καὶ ψεύδεσθαι καὶ λέγειν τὰ μὴ προσήκοντα καὶ ὡς τάφον ἀνεῳγμένον, κατὰ τὸν θεῖον Δαυΐδ, τοῦτο κεκτῆσθαι καὶ πολλὴν ἐκπέμπειν τὴν δυσωδίαν ἐκ βρωμωδίας ῥημάτων, ὥσπερ ἐκ τάφου ἀνεῳγμένου τοῦ κάτω κειμένου νεκροῦ, ἀλλ᾿ ἵνα μετρίως δι᾿ αὐτῆς, τῆς γεύσεως δηλαδή, διατραφῇ τὸ σῶμα πρὸς σύστασιν καὶ ἀνοίγειν αὐτό, δηλονότι τὸ στόμα, λόγῳ Θεοῦ καὶ διαπορθμεύειν τοῖς λαοῖς τὰ θεῖα διδάγματα, ψάλλειν δὲ καὶ εὔχεσθαι καὶ ὑμνεῖν τὸν Θεόν, ὡς ἐφικτόν. Υἱέ, φησίν, ἄνοιγε σὸν στόμα λόγῳ Θεοῦ καὶ κρῖνε πάντα ὑγιῶς· ἄνοιγε σὸν στόμα καὶ κρῖνε δικαίως· καὶ πάλιν· Τὸ στόμα μου, φησί, λαλήσει σοφίαν καὶ ἡ μελέτη τῆς καρδίας μου σύνεσιν.","Stefanis 1996","96","96","107","178","94f4ab738b87e090c4b14d6797eb0a30e27c5c9d5d25a76e0ee724155f20722d","","False","False"
"108","Ε΄","§28","Εἰς τὰς ἁγίας ἐντολὰς τοῦ Σωτῆρος καὶ περὶ τῶν πέντε τοῦ σώματος αἰσθήσεων","Τὰ δὲ ὦτα οὐ πρὸς ἀκρόασιν τῶν ματαίων εἰλήφαμεν, ἵνα σατανικὰ καὶ δαιμονιώδη ἀκούωμεν ᾄσματα καὶ κακὰς συμβουλίας καὶ ῥήματα αἰσχρὰ καὶ βρωμώδη λογύδρια καὶ τὰ τούτοις ἐφάμιλλα (ἀκοὴν γάρ, φησί, ματαίαν οὐ παραδέξῃ, καί· Ὅρα, φησί, μήπως ἀναβῇ θάνατος διὰ τῶν θυρίδων σου, περὶ ὧν θυρίδων μικρὰ ἱστορήσαμεν ἐν τῇ τοῦ λόγου ἀρχῇ), ἀλλ᾿ ἵνα πάντως ἀκούωμεν ἐξηγούμενα τὰ θεῖα θαυμάσια παρὰ τῶν θείων γραφῶν. Προσέθηκέ μοι, φησίν, ὠτίον ἀκούειν, καὶ ἡ παιδεία Κυρίου ἀνοίγει μου τὰ ὦτα.","Stefanis 1996","96","97","108","79","5e26e78616ae6869978f213f2532e3277186d694eaffef4a70dd0e6c64053b82","","False","False"
"109","Ε΄","§29","Εἰς τὰς ἁγίας ἐντολὰς τοῦ Σωτῆρος καὶ περὶ τῶν πέντε τοῦ σώματος αἰσθήσεων","Ὅσοι δὲ πρὸς ταῦτα ἀμελῶς ἢ ἀπεχθῶς διετέθησαν καὶ τὰ αἰσχρὰ καὶ μάταια καὶ ψευδῆ ἀσμένως προσέχουσι, πρέπει αὐτοῖς τό· Ὡσεὶ ἀσπίδος κωφῆς καὶ βυούσης τὰ ὦτα αὐτῆς, οἳ οὐκ εἰσακούσονται φωνῆς ἐπᾳδόντων τὰ θεῖα διδάγματα, καὶ φαρμακοῦνται φαρμακευόμενοι παρὰ σοφοῦ δαίμονος τῇ κακίᾳ. Καὶ αὖθις πρέπει αὐτοῖς <τό·> Ἀκοῇ ἀκούσητε καὶ οὐ μὴ συνῆτε καὶ βλέποντες βλέψητε καὶ οὐ μὴ ἴδητε. Διατί; ἐπαχύνθη, φησίν, ἡ καρδία τοῦ λαοῦ τούτου, καὶ τοῖς ὠσὶν αὐτῶν βαρέως ἤκουσαν, τοὺς δὲ ὀφθαλμοὺς ἐκάμμυσαν, μήποτε ἴδωσι τοῖς ὀφθαλμοῖς καὶ τοῖς ὠσὶν ἀκούσωσι καὶ τῇ καρδίᾳ συνιῶσι καὶ ἐπιστρέψουσι, καὶ ἰάσομαι αὐτούς.","Stefanis 1996","97","97","109","97","de188532fb712cf05a7da10e0cd2818aebdaa4ec9568d0b9bde5b2869d83ed5c","","False","False"
"110","Ε΄","§30","Εἰς τὰς ἁγίας ἐντολὰς τοῦ Σωτῆρος καὶ περὶ τῶν πέντε τοῦ σώματος αἰσθήσεων","Οἱ δέ γε βλέπειν ἀξιωθέντες συνετῶς καὶ ἀκούειν ἐνδεχομένως δύνανται καὶ αὐτοὶ τῷ προφήτῃ συνᾴδειν· Κύριε, εἰσακήκοα τὴν ἀκοήν σου καὶ ἐφοβήθην, κατενόησα τὰ ἔργα σου καὶ ἐξέστην. Ὅρα πῶς εἰς ἔκστασιν τὸν προφήτην ἦγον τὰ ἔργα τοῦ Θεοῦ· κατενόησα, φησί, τὰ ἔργα σου καὶ ἐξέστην. Καὶ μάλα εἰκότως· ὁ γὰρ ἀκούων Θεοῦ ἀκοὴν ὡς δεῖ φοβεῖται πάνυ καὶ τρέμει, ὡς τό· Εἰσακήκοα τὴν ἀκοήν σου, Κύριε, καὶ ἐφοβήθην, ἢ εὐφραίνεται κατὰ τό· Ἐμνήσθην τοῦ Θεοῦ καὶ ηὐφράνθην, ἢ ἐξίσταται ὡς τό· Κατενόησα τὰ ἔργα σου καὶ ἐξέστην.","Stefanis 1996","97","97","110","88","28a6b4cc702e07aa44bb0b9e6880650a29fc5929e3ba6b8d0363ef765c41a9b0","","False","False"
"111","Ε΄","§31","Εἰς τὰς ἁγίας ἐντολὰς τοῦ Σωτῆρος καὶ περὶ τῶν πέντε τοῦ σώματος αἰσθήσεων","Τῶν δὲ χειρῶν ἡ ἁφὴ οὐκ ἐδόθη ἐκ Θεοῦ ἐφάπτεσθαι δολίως καὶ βλαβερῶς καὶ μολύνεσθαι κλοπαῖς καὶ πλεονεξίαις ἢ φονεύειν δι᾿ αὐτῶν ἢ τύπτειν ἀνηλεῶς ἐν ἀπηνείᾳ πολλῇ, ἀλλὰ νῦν μὲν ὁσίως αἴρειν αὐτὰς εἰς εὐχήν, κατὰ τὸν θεῖον ἀπόστολον, καὶ πάλιν σὺν τοῖς γόνασι καὶ αὐτὰς κατακλίνειν, νῦν δὲ ἐργάζεσθαι καὶ ὑπηρετεῖν ἑαυτοῖς ἢ καὶ ἄλλοις τὸ κατὰ δύναμιν, κατὰ τὸν λέγοντα καὶ αὖθις θεῖον ἀπόστολον· Ταῖς χρείαις μου καὶ τοῖς οὖσι μετ᾿ ἐμοῦ ὑπηρέτησαν αἱ χεῖρες αὗται καὶ ὅτι· Ἡσυχάζειν δεῖ καὶ πράσσειν τὰ ἴδια καὶ ἐργάζεσθαι ταῖς χερσίν … Εἰ δέ τις ἐργάζεσθαι οὐ θέλει, μηδὲ ἐσθιέτω, φησί.","Stefanis 1996","97","97","111","101","63bec9e309daa9a65f8b7130f25b4f358f872b882f68405eb4682ffbe6a65b5b","","False","False"
"112","Ε΄","§32","Εἰς τὰς ἁγίας ἐντολὰς τοῦ Σωτῆρος καὶ περὶ τῶν πέντε τοῦ σώματος αἰσθήσεων","Ταῦτα καὶ τὰ τοιαῦτα λαβόντες κατὰ νοῦν οἱ θεοφόροι πατέρες ἡμῶν εἰργάζοντο ταῖς χερσὶ διὰ τρεῖς ταύτας αἰτίας, ἵνα τοὺς λογισμοὺς διὰ τούτου διακρούονται καὶ ἀργοὶ τὸν ἄρτον μὴ ἐσθίουσι, ἀλλὰ καὶ ἐξ οἰκείων κόπων τοῦτον πορίζονται. Καὶ πλεῖστοι μὲν τούτων θάλλους φοινίκων ἀθροίσαντες ἔπλεκον τὴν σειράν, ἄλλοι δὲ ἄλλο τι ἐπετήδευον, τινὲς δὲ καὶ ἄτρακτον ἔκαμνον, ὡς εἷς τῶν μακαρίων ἐκείνων ἐδήλωσε· «Καταφέρω», φησί, «τὸν ἄτρακτον καὶ τίθημι πρὸ ὀφθαλμῶν μου τὸν θάνατον» καὶ τὰ ἑξῆς.","Stefanis 1996","97","97","112","77","770370d35c7d24e1153e1219de3234f2c0e902d97f9bf452a6907931fa1783f7","","False","False"
"113","Ε΄","§33","Εἰς τὰς ἁγίας ἐντολὰς τοῦ Σωτῆρος καὶ περὶ τῶν πέντε τοῦ σώματος αἰσθήσεων","Ἔνιοι δὲ τῶν Ἀνατολικῶν, ὡς ἡ Φιλόθεος ἐδήλωσεν Ἱστορία, τρίχας κάμνοντες ὕφαινον σάκκους, ἄλλοι δὲ δικέλλας καὶ σκαφεῖα κατέχοντες τὴν χθόνα διέσκαπτον καὶ τὴν ἑαυτῶν αὐτουργοῦντες τροφὴν ἑτέρου τινὸς οὐκ ἐδεήθησαν, ὡς ἐν πᾶσι καὶ ἐν τούτῳ τὸν μέγαν Ἀντώνιον ἐκμιμούμενοι.","Stefanis 1996","97","97","113","41","b966bcfc4c35188f2ccd1f409f2414771420e54b019b751ab651bb84eeeeb5fd","","False","False"
"114","Ε΄","§34","Εἰς τὰς ἁγίας ἐντολὰς τοῦ Σωτῆρος καὶ περὶ τῶν πέντε τοῦ σώματος αἰσθήσεων","Καὶ «ὅτι καλὴ καὶ ἔννομος» κατὰ τὸν μέγαν Βασίλειον «ἡ τοῦ σώματος ἐργασία», ὅτι καὶ τῷ ἀρχιπάτορι ἡμῶν ὁ Θεὸς ἐνετείλατο ἐργάζεσθαι καὶ φυλάττειν τὸν θεῖον παράδεισον. Καί φησιν εἰς αὐτὸ ὁ τὰ θεῖα σοφὸς καὶ χρυσορρήμων Χρυσόστομος· «Μὴ τῆς τοῦ Ἀδὰμ φυλακῆς ἔχρῃζεν ὁ παράδεισος», μὴ τῆς ἐκείνου σκαπάνης ἐδεῖτο; οὐδαμῶς· ἀλλ᾿, ἐπειδὴ πᾶσαν κακίαν ἐδίδαξεν ἡ ἀργία, προσέταξεν αὐτὸν ὁ Θεὸς ἐργάζεσθαι καὶ φυλάττειν· ἀλλ᾿ οὐδ᾿ οὕτω τὴν τοῦ διαβόλου διέδρασε κακουργίαν.","Stefanis 1996","97","98","114","74","113d833d162220d8b5dc5bdccd67fd08817ca6250c5446e69759baea2c606365","","False","False"
"115","Ε΄","§35","Εἰς τὰς ἁγίας ἐντολὰς τοῦ Σωτῆρος καὶ περὶ τῶν πέντε τοῦ σώματος αἰσθήσεων","Ταύτας τὰς πέντε αἰσθήσεις ἀσύλους διετήρησαν οἱ πανόσιοι (εἴη δὲ καὶ ἡμᾶς, Κύριε, εὐχαῖς αὐτῶν ἀσύλους ταύτας τηρεῖν), ἔσπευσαν δὲ ἀποκτεῖναι καὶ τὰς τρεῖς πάσης κακίας γεννήτριας, γαστριμαργίαν δηλονότι ἅμα κενοδοξίᾳ σὺν τῇ ἀπλήστῳ αὐτῶν θυγατρί, ἤγουν φιλαργυρίᾳ. Πόθεν γὰρ ἡ ἐπάρατος δυάς, δηλαδὴ γαστριμαργία καὶ κενοδοξία, εἶχον ὑπηρετεῖσθαι, εἰ μὴ ἀξίαν αὐτῶν τὴν φιλαργυρίαν συνέλαβον καὶ ἀπέτεκον θυγατέρα; (ὡς ἄν τις εἴποι· Σπεῖρον σπέρμα κατὰ γένος καὶ καθ᾿ ὁμοιότητα.) Ἐφίενται γὰρ φιλοπλατύνεσθαι ἀμφότεραι· ἡ μὲν γὰρ τοῦ ἀρχιπάτορος ἡμῶν οὐκ ἐφείσατο καὶ τὸν Δεσπότην λίθους εἰς ἄρτους μεταβάλλειν προετρέπετο, ἡ δὲ ἀΰλους νόας οὐρανόθεν εἰς γῆν καὶ εἰς ᾅδην κατέσπασε καὶ τῷ Δεσπότῃ βαλεῖν ἑαυτὸν κάτω ἐκ τὸ πτερύγιον τοῦ ἱεροῦ ἀναιδῶς διεκελεύετο.","Stefanis 1996","98","98","115","114","4ce8d5d4aa939ab8c8accb15060b9089f6f9dbf56f133d4de7af312dcbb4c6bf","","False","False"
"116","Ε΄","§36","Εἰς τὰς ἁγίας ἐντολὰς τοῦ Σωτῆρος καὶ περὶ τῶν πέντε τοῦ σώματος αἰσθήσεων","Ἡ δὲ τούτων θυγάτηρ προφήτου ἀνθρώπου Θεοῦ λειτουργὸν κατελέπρωσε καὶ ἐξ ἀποστόλου καὶ μαθητοῦ προδότην κατέστησε καὶ τὸν ἐκ πάσης κτίσεως προσκυνούμενον προσκυνητὴν ἐπειρᾶτο ἡ παγκάκιστος καταστῆσαι καὶ δοῦναι αὐτῷ ὑπισχνεῖτο τὰς βασιλείας τοῦ κόσμου καὶ τὸν πλοῦτον καὶ τὴν δόξαν αὐτῶν, ἀλλ᾿ ἐψεύσατο ἡ ἀδικία ἑαυτῇ· οὔτε γὰρ Ἀδὰμ εὐεξαπάτητον εὗρεν οὔτε εὐμετάβλητον ἄγγελον οὔτε γνώμην μαθητοῦ ἀνθρώπου Θεοῦ, ἀλλὰ Θεὸν κρυπτὸν καὶ ἄνθρωπον φανερὸν καὶ ἀντιλέγοντα· Οὐκ ἐπ᾿ ἄρτῳ μόνῳ ζήσεται ἄνθρωπος, ἀλλ᾿ ἐπὶ παντὶ ῥήματι ἐκπορευομένῳ διὰ στόματος Θεοῦ, καί· Οὐκ ἐκπειράσεις Κύριον τὸν Θεόν σου, καί· Ὕπαγε ὀπίσω μου, σατανᾶ. Καὶ ἀπέστη ἀπ᾿ αὐτοῦ, καὶ οἱ ἄγγελοι ἐλθόντες διηκόνουν αὐτῷ, δηλοῦντος τοῦ λόγου ὅτι ὁ τὰ τρία ταῦτα πάθη νενικηκώς, γαστριμαργίαν, κενοδοξίαν καὶ φιλαργυρίαν, ὑπὸ ἁγίων ἀγγέλων ἀοράτως ὑπηρετεῖται. Γένοιτο, Κύριε, καὶ τῶν παθῶν τούτων νικητὰς ἀξιωθῆναι γενέσθαι ἡμᾶς εὐχαῖς τῶν ἁγίων σου τῶν νικησάντων αὐτά.","Stefanis 1996","98","98","116","140","615e5d1e419ddbe69eb7c1f8b35bc715ceadbae28da62baa49a2829ea360da68","","False","False"
"117","Ε΄","§37","Εἰς τὰς ἁγίας ἐντολὰς τοῦ Σωτῆρος καὶ περὶ τῶν πέντε τοῦ σώματος αἰσθήσεων","Ἐννοήσωμεν τῶν ἁγίων τὰ κατορθώματα, ἐννοήσωμεν καὶ τὰ ἡμῶν ἐλαττώματα καὶ ἴδωμεν πόσον τὸ μέσον ἡμῶν τε κἀκείνων καὶ εὑρήσομεν πολλὴν διαφορὰν μεταξὺ ἡμῶν τε καὶ αὐτῶν. Καὶ ἴδωμεν ὡς σαρκοφόρους ἀγγέλους ἐκείνους (ἡμᾶς δὲ ὀκνῶ κἂν ἀνθρώπους εἶναι εἰπεῖν) καὶ ζητήσωμεν καὶ διαπορήσωμεν πόθεν ἡ τοσαύτη γέγονε διαφορά, καίτοιγε πάντας ὁ Θεὸς θέλει σωθῆναι καὶ πάντας θεοὺς γενέσθαι καὶ υἱοὺς Ὑψίστου κληθῆναι· ἐν γὰρ τῷ εἰπεῖν· Ἐγὼ εἶπα· Θεοί ἐστε καὶ υἱοὶ Ὑψίστου πάντες δηλοῖ ὅτι πάντας καλεῖ πρὸς τὸ μέγα τοῦτο ἀξίωμα.","Stefanis 1996","98","98","117","84","d5ced715ab93f8fb77a28310ea7a07eae9746bc0f1573ee1d88deb4a24099da5","","False","False"
"118","Ε΄","§38","Εἰς τὰς ἁγίας ἐντολὰς τοῦ Σωτῆρος καὶ περὶ τῶν πέντε τοῦ σώματος αἰσθήσεων","Καὶ πῶς ἡμεῖς τοσοῦτον διεκρίθημεν τῶν ὁσίων ἐκείνων ὅσον τὰ ἄλογα κτήνη τῆς λογικῆς φύσεως; Καὶ ἐκεῖνοι μὲν ἐπλούτησαν γνώσει καὶ πράξει καὶ θεωρίᾳ καὶ θαυμάτων πηγῇ καὶ ἀγγελικῇ συναυλίᾳ καὶ κατορθώμασιν ὑπὲρ φύσιν καὶ ὀπτασίαις κρυφιομύστοις καὶ παρρησίᾳ πρὸς Θεὸν (ὡς υἱὸς πατρὶ καὶ φίλος πρὸς φίλον διάλεξις), καὶ Θεὸς ἕτοιμος πληρωτὴς τῶν θελημάτων αὐτῶν.","Stefanis 1996","98","99","118","56","5effeea25f6db7924fabf97fec6e76b3a9f7998c0216cf7bf9cb441b1d139a84","","False","False"
"119","Ε΄","§39","Εἰς τὰς ἁγίας ἐντολὰς τοῦ Σωτῆρος καὶ περὶ τῶν πέντε τοῦ σώματος αἰσθήσεων","Μὴ οὐκ εἶχε ταῦτα ὁ μέγας Ἀντώνιος καὶ ὁ κλεινὸς αὐτοῦ μύστης Ἱλαρίων ὁ μέγας καὶ ὁ θεῖος Παχώμιος καὶ ὁ μέγας Ἀρσένιος καὶ ὁ ἰσάγγελος Δανιὴλ ὁ Σκητιώτης καὶ ὁ αὐτοῦ φοιτητὴς θεῖος Ἀνδρόνικος καὶ ὁ πολὺς ἐν πατράσιν Εὐθύμιος ὁ μέγας καὶ Σάβας ὁ θεῖος καὶ πλεῖστοι τῶν αὐτῶν φοιτητῶν οὐκ ἐλάττονες τούτων καὶ ὁ παμμέγιστος Ἰωάννης τῆς Κλίμακος ὅ τε Θαυμαστοορείτης Συμεὼν καὶ ὁ τούτου συμμέτοχος καὶ συνώνυμος καὶ οἱ τούτων ὁμότροποι Δανιὴλ καὶ Ἀλύπιος καὶ ἐν ἱεράρχαις ὁ θεῖος Χρυσόστομος καὶ ὁ θεοφάντωρ Βασίλειος καὶ ὁ Θεολόγος Γρηγόριος καὶ πρὸ τούτων ὁ μέγας θαυματουργὸς Νεοκαισαρείας Γρηγόριος καὶ Ἀθανάσιος ὁ μέγας καὶ ὁ θεῖος Νικόλαος καὶ πᾶς ὁ τῶν ἁγίων κατάλογος, ἵνα μὴ πολλοὺς ἀριθμῶν μηκύνω τὸν λόγον; (εἰ δ᾿ ἴσως βαρούμεθα ἀριθμοῦντες τούτων τὰ ὀνόματα, πῶς λοιπὸν τούτων τοὺς βίους ζηλώσωμεν;)","Stefanis 1996","99","99","119","135","2cc81be2f0168a120aa10d10c8aba9b32ed5e434e8cb2e846dacbfacd2c848f0","","False","False"
"120","Ε΄","§40","Εἰς τὰς ἁγίας ἐντολὰς τοῦ Σωτῆρος καὶ περὶ τῶν πέντε τοῦ σώματος αἰσθήσεων","Πῶς οὖν ἄνθρωποι ὄντες καὶ αὐτοὶ σάρκαν τε περικείμενοι καὶ φυσικαῖς ἀνάγκαις πιεζόμενοι καὶ τῷδε τῷ βίῳ περινοστήσαντες τοσαύτης δόξης ἀπήλαυσαν; Μὴ γὰρ ἐκ προοιμίων ἅγιοι ἐγεννήθησαν καὶ ἀπηλλαγμένοι τῶν σαρκικῶν τυραννίδων; Εἰ δ᾿ ἴσως καὶ τοιοῦτοί τινες ἐγεννήθησαν, οὐδὲν πάντως πλεῖον τῶν τεσσάρων ἢ τῶν ὀκτώ. Ἀλλ᾿ οὐδ᾿ οὗτοι, οἶμαι, τελείως ἀπηλλαγμένοι τῶν φυσικῶν ἀναγκῶν· ἀγγέλων γὰρ τοῦτο καὶ μόνων, οἱ δ᾿ ἄλλοι πάντες ταῖς φυσικαῖς τῆς σαρκὸς ἀνάγκαις ὑπέκειντο.","Stefanis 1996","99","99","120","71","23dbe44d34ea871d9d4a153f6580863fed2ce573bcf43c42a1475c0693f4d8de","","False","False"
"121","Ε΄","§41","Εἰς τὰς ἁγίας ἐντολὰς τοῦ Σωτῆρος καὶ περὶ τῶν πέντε τοῦ σώματος αἰσθήσεων","Καὶ διατί τοσοῦτον ἐκείνων διέστημεν ἄνθρωποι ὄντες καὶ αὐτοὶ καὶ τῆς αὐτῶν φύσεως μέτοχοι; Εἴπωμεν πρῶτον Θεοῦ διδόντος πῶς ἐκεῖνοι τοσαύτης ἔτυχον χάριτος, κἀκεῖθεν εὑροῦμεν πῶς ἡμεῖς αὐτῆς ὑστερούμεθα· οὐ γάρ ἐστι προσωποληψία παρὰ τῷ Θεῷ, ἵνα ἐκείνους μὲν δοξάσῃ, ἡμᾶς δὲ ἀδοξήσῃ. Εἰ γὰρ ἰχνηλατοῦμεν τὴν μακαρίαν ἐκείνων ὁδόν, πάντως ἂν εἴχομεν αὐτοὺς καταλαβεῖν καὶ τοῖς ἐκείνων ἀξιωθῆναι χαρίσμασιν.","Stefanis 1996","99","99","121","60","a5f4cfd20eb00ef18bdbeb82e3cbc90f0df65823580180af162471639b7ef85f","","False","False"
"122","Ε΄","§42","Εἰς τὰς ἁγίας ἐντολὰς τοῦ Σωτῆρος καὶ περὶ τῶν πέντε τοῦ σώματος αἰσθήσεων","Ἄλλην, οὐ τὴν στενὴν καὶ τεθλιμμένην ὁδὸν αὐτῶν, ἐπορεύθημεν, τὴν πλατεῖαν δηλαδὴ καὶ εὐρύχωρον, τὰ πάθη τὰ ὀλέθρια, τῆς σαρκὸς τὰς ὀρέξεις, τὰς σωματικὰς ἀναπαύσεις, τὰ ἐνήδονα βρώματα, τὰς δόξας τὰς χαμερπεῖς, τῆς γλώσσης τὸ ἀκρατὲς καὶ τῶν πέντε αἰσθήσεων ἁπαξαπλῶς τὸ ἀκράτητον, τὴν ἀμέλειαν τῆς ἀκροάσεως τῶν γραφῶν, τὴν ἀμέλειαν τῆς ψυχῆς καὶ τῶν θείων ἐντολῶν Χριστοῦ τοῦ Θεοῦ ἡμῶν τὴν παράβασιν (τάχα ὑπεσχόμην τὰ τῶν ἁγίων πρῶτον εἰπεῖν, ὁ δὲ λόγος συνέδραμε πρῶτον εἰπεῖν τὰ ἡμέτερα.)","Stefanis 1996","99","99","122","78","046c716e3eceb8b19fef7a162ce3f42aa415c1bc50698f77280f7756045baa08","","False","False"
"123","Ε΄","§43","Εἰς τὰς ἁγίας ἐντολὰς τοῦ Σωτῆρος καὶ περὶ τῶν πέντε τοῦ σώματος αἰσθήσεων","Ἐφύλαξαν ἐκεῖνοι τὸ κατ᾿ εἰκόνα καὶ καθ᾿ ὁμοίωσιν· ἤκουσαν γὰρ τῆς θείας ἐξηγουμένης γραφῆς· Καὶ εἶπεν ὁ Θεός· Ποιήσωμεν ἄνθρωπον κατ᾿ εἰκόνα ἡμετέραν καὶ καθ᾿ ὁμοίωσιν καὶ ἐξηρεύνησαν τί ἐστι τὸ κατ᾿ εἰκόνα καὶ καθ᾿ ὁμοίωσιν καὶ εὗρον ὅτι τὸ ἀρχικὸν καὶ λογικόν ἐστι τὸ κατ᾿ εἰκόνα, τὸ δὲ καθ᾿ ὁμοίωσιν τὸ ἀγαθοποιὸν καὶ αὐτεξούσιον· βασιλεύει γὰρ ὁ Θεὸς ὡς κτίστης καὶ δημιουργὸς πάσης κτίσεως ἀοράτου καὶ ὁρατῆς, τὸν δὲ ἄνθρωπον ἔθηκε βασιλεύειν τῶν ἐπὶ γῆς, καὶ τοῦτό ἐστι τὸ κατ᾿ εἰκόνα. Παντὸς ἀγαθοῦ αἴτιός ἐστιν ὁ Θεός, κακοῦ δὲ οὐδαμῶς· θέλει δὲ καὶ τὸν ἄνθρωπον ἀγαθοεργεῖν, ὡς ἐνῆν, καὶ πάσης κακίας ἀπέχεσθαι, καὶ τοῦτό ἐστι τὸ καθ᾿ ὁμοίωσιν.","Stefanis 1996","99","100","123","109","8fde568ca9e4b45539cfc85394e0c7669009fc523045d34c9e1dcb961cd32d7d","","False","False"
"124","Ε΄","§44","Εἰς τὰς ἁγίας ἐντολὰς τοῦ Σωτῆρος καὶ περὶ τῶν πέντε τοῦ σώματος αἰσθήσεων","Ὁ Θεὸς κάθηται ἐπὶ θρόνου ἁγίου αὐτοῦ ἀσωμάτως καὶ ἀρρήτως κυκλούμενος χοροστασίαις ἀγγελικαῖς· ἐκάθισαν καὶ αὐτοὶ ἐπὶ θρόνου ἁγιωσύνης ἀπηλλαγμένοι τῶν βιωτικῶν περιστάσεων, κυκλούμενοι ἀρεταῖς καὶ θείαις ἐννοίαις κατακοσμούμενοι. Ἐβασίλευσεν ὁ Θεὸς ἐπὶ τὰ ἔθνη· ἐβασίλευσαν καὶ αὐτοὶ ἐπὶ τὰ πάθη τὰ ἐθνικά. Ὁ Κύριος ἐβασίλευσεν, εὐπρέπειαν ἐνεδύσατο· καὶ αὐτοὶ τῶν παθῶν βασιλεύσαντες ἀπάθειαν ἐνεδύσαντο. Ἐνεδύσατο Κύριος δύναμιν καὶ περιεζώσατο· ἐνεδύσαντο καὶ αὐτοὶ πόθον θεῖον καὶ περιεζώσαντο δύναμιν.","Stefanis 1996","100","100","124","68","7eda709f8e5eb3504d0910ba17514ddbebb9424c5fc31c4b196c6badb55e81ef","","False","False"
"125","Ε΄","§45","Εἰς τὰς ἁγίας ἐντολὰς τοῦ Σωτῆρος καὶ περὶ τῶν πέντε τοῦ σώματος αἰσθήσεων","Ἐταπείνωσεν ἑαυτὸν μέχρι θανάτου ὁ Χριστός, θανάτου δὲ σταυροῦ· καὶ αὐτοὶ ἐταπείνωσαν ἑαυτοὺς ἀράμενοι τὸν σταυρὸν καὶ μέχρι θανάτου αὐτῷ ἀκολουθήσαντες. Ἁμαρτίαν οὐκ ἐποίησεν, οὐδὲ εὑρέθη δόλος ἐν τῷ στόματι αὐτοῦ· τοῦτο μόνου θεανθρώπου Χριστοῦ ἐστι τὸ κατόρθωμα· ἡμεῖς δὲ πάντες ἡμάρτομεν καὶ ὑστερούμεθα τῆς δόξης τοῦ Θεοῦ δικαιούμενοι δωρεὰν τῇ αὐτοῦ χάριτι.","Stefanis 1996","100","100","125","53","47885035defe4029c053cab20b6191effe66e1fd41b4ab4dd15b9f9a8764519f","","False","False"
"126","Ε΄","§46","Εἰς τὰς ἁγίας ἐντολὰς τοῦ Σωτῆρος καὶ περὶ τῶν πέντε τοῦ σώματος αἰσθήσεων","Ὅμως τὸ κατὰ δύναμιν ἔσπευδον τοῦ μὴ ἁμαρτάνειν ἐκεῖνοι καὶ δόλον μὴ εὑρεθῆναι ἐν τῷ στόματι αὐτῶν, δηλαδὴ μετὰ τὴν τοῦ κόσμου ἀποταγὴν καὶ τὴν εἰς Χριστὸν συνταγήν. Καὶ ὅτι τοῦτο ἀληθές, ὅρα μοι τὸν πανόσιον ἐκεῖνον Μωϋσῆν τὸν Αἰθίοπα καὶ τὴν πανόσιον Μαρίαν τὴν Αἰγυπτίαν καὶ τὴν ὁμόφρονα ταύτης πανόσιον Πελαγίαν, ὅσην καὶ οἵαν τὴν μετάνοιαν ἐπεδείξαντο καὶ οἵας καὶ ὅσης ἔτι ζῶντες χάριτος θείας ἀπήλαυσαν.","Stefanis 1996","100","100","126","67","6773c54d486abf24e3788f17e370cf04d51c33f7e6c71a27e9fe5fec996ed71d","","False","False"
"127","Ε΄","§47","Εἰς τὰς ἁγίας ἐντολὰς τοῦ Σωτῆρος καὶ περὶ τῶν πέντε τοῦ σώματος αἰσθήσεων","Ἐμάθομεν πῶς δικαίως ἐκείνους ὡς δοξάσαντας ὁ Θεὸς ἀντεδόξασεν; Ἐὰν δὲ μικρὸν ὄπιθεν καὶ αὖθις ἀναγνώσωμεν καὶ τὰ ἡμῶν κατορθώματα, εὑρήσομεν ὅτι ἀξίως καὶ δικαίως τῆς ἐκείνων ὑστερούμεθα χάριτος καὶ γνώσομεν ἀληθῶς ὅτι ὄντως οὐκ ἔστιν προσωποληψία παρὰ τῷ Θεῷ. Ἐὰν δὲ ἀναπτύξωμεν καὶ τό· Ὁ ἀγαπῶν με τοὺς λόγους μου τηρήσει, εὑρήσομεν ὅτι ἐκεῖνοι οὐ μόνον ἐτήρησαν, ἀλλὰ καὶ ὑπερέβησαν, ὡς ὅταν λέγῃ ὅτι· Ὁ ἐμβλέψας γυναικὶ πρὸς τὸ ἐπιθυμῆσαι, αὐτοὶ δὲ οὐ μόνον γυναικί, ἀλλ᾿ οὐδὲ εἰς πρόσωπον ἤθελον ἀτενίζειν ἀνδρός. Καὶ μάρτυς ὁ εἰπὼν ὅτι· «Οὐκ εἶδον πρόσωπον ἀνθρώπου ἐν πόλει Ἀλεξανδρείᾳ εἰμὴ τοῦ ἀρχιεπισκόπου». Ἄρα οὐχ ὑπερέβη τὴν ἐντολὴν ὁ πανόσιος οὗτος καὶ οἱ κατ᾿ αὐτόν; ἡμεῖς δὲ οὐ μόνον ὅτι τὰς ἐντολὰς οὐ τηροῦμεν, ἀλλὰ μᾶλλον καὶ παραβαίνομεν, οἷον ὅτι οὐ μόνον βλέπομεν πρὸς τὸ ἐπιθυμῆσαι, ἀλλὰ καὶ ἀναιδῶς ἁμαρτάνομεν.","Stefanis 1996","100","100","127","135","80efaa8ddc5ccd8d013541e01da9d6039667edef2232deeacfa0b0a104cdc33f","","False","False"
"128","Ε΄","§48","Εἰς τὰς ἁγίας ἐντολὰς τοῦ Σωτῆρος καὶ περὶ τῶν πέντε τοῦ σώματος αἰσθήσεων","Ὁρᾷς πῶς ἐκεῖνοι καὶ ἐφύλαξαν καὶ ὑπερέβησαν, ἡμεῖς δὲ καὶ ἐλύσαμεν καὶ παρέβημεν; Καὶ μάλα εἰκότως· ὅπου γὰρ φυλακὴ ἐντολῶν, ἐκεῖ πάντως ἕπεται καὶ ὑπερβολή, ὅπου δὲ λύσις ἐντολῶν, ἐκεῖ πάντως ἕπεται ἡ παράβασις. Διὸ ἐκεῖνοι μὲν ἐθεώθησαν, ὡς μονὴν τοῦ Χριστοῦ ποιησαμένου ἐν αὐτοῖς, ἡμεῖς δὲ ἀξίως καὶ δικαίως ἐλάχιστοι διαμένομεν.","Stefanis 1996","100","100","128","52","bb2645b64d687cccaf69db0b6ef735dd937d7bc6db465c1edfc0f0721ad8e784","","False","False"
"129","Ε΄","§49","Εἰς τὰς ἁγίας ἐντολὰς τοῦ Σωτῆρος καὶ περὶ τῶν πέντε τοῦ σώματος αἰσθήσεων","Ὃς ἐὰν οὖν λύσῃ μίαν τῶν ἐντολῶν τούτων τῶν ἐλαχίστων καὶ διδάξῃ οὕτως τοὺς ἀνθρώπους, ἐλάχιστος κληθήσεται ἐν τῇ βασιλείᾳ τῶν οὐρανῶν· ὃς δ᾿ ἂν ποιήσῃ καὶ διδάξῃ, οὗτος μέγας κληθήσεται ἐν τῇ βασιλείᾳ τῶν οὐρανῶν. Φοβερὰ ἡ ἀπειλή· εἰ διὰ μιᾶς ἐντολῆς λύσιν καὶ αὐτῆς ἐλαχίστου μέλλομεν ἐλάχιστοι εὑρεθῆναι, τί οὐκ ἂν πάθοιμεν λύοντες πάσας ὁμοῦ τὰς θείας ἐντολάς, ἐλαχίστους καὶ πρώτας; Εἰ δὲ καί τις πάσας φυλάξας διδάξει, ὥσπερ ὁ θεῖος Χρυσόστομος καὶ οἱ τούτου συμμέτοχοι, πόσης λοιπὸν ἀξιωθήσεται δόξης ἐν τῇ βασιλείᾳ τῶν οὐρανῶν;","Stefanis 1996","100","101","129","87","42f8d60d63f0e006f6efdb4d0c51db4352a804c2402b1bc113486158b2128c40","","False","False"
"130","Ε΄","§50","Εἰς τὰς ἁγίας ἐντολὰς τοῦ Σωτῆρος καὶ περὶ τῶν πέντε τοῦ σώματος αἰσθήσεων","Ἐὰν μὴ περισσεύσῃ, φησίν, ἡ δικαιοσύνη ὑμῶν πλεῖον τῶν γραμματέων καὶ Φαρισαίων, οὐ μὴ εἰσέλθητε εἰς τὴν βασιλείαν τῶν οὐρανῶν. Καὶ τίς ἄρα ἐστὶν ἡ δικαιοσύνη τῶν γραμματέων καὶ Φαρισαίων; Φασὶν ὅτι ἀποδεκατοῦντες τὸν βίον καὶ αὖθις ἐκ τῶν μεινάντων αὐτοῖς ὑπαρχόντων δίδουσι καὶ ἄλλην πέμπτην μερίδα καὶ πάλιν ἄλλην τρίτην μερίδα, ὥστε παρὰ μικρὸν διανέμουσι τὰ ἥμιση τῶν ὑπαρχόντων αὐτῶν.","Stefanis 1996","101","101","130","61","30a9252845419987fc499e5151556ed600f4470a0997c60426df2069f2e47a06","","False","False"
"131","Ε΄","§51","Εἰς τὰς ἁγίας ἐντολὰς τοῦ Σωτῆρος καὶ περὶ τῶν πέντε τοῦ σώματος αἰσθήσεων","Καὶ αὕτη ἐστὶν ἡ δικαιοσύνη τῶν γραμματέων καὶ Φαρισαίων· τί οὖν ποιήσουσιν οἱ μὴ μόνον μὴ ἀποδεκατοῦντες τὰ ὑπάρχοντα μηδὲ πέμπτην ἢ τρίτην μερίδα διανέμοντες, ἀλλὰ μᾶλλον ἀναιδῶς πλεονεκτοῦντες ἢ κλέπτοντες καὶ τὰ ἀλλότρια ἁρπάζοντες; Σκοπείτωσαν οἱ δρῶντες τὰ τοιαῦτα εἰ ἔστιν ὁδὸς εἰς βασιλείαν ἐλθεῖν. Ὁ γὰρ Χριστός· Οὐ μὴ εἰσέλθητε, φησίν, εἰς τὴν βασιλείαν, ἐὰν μὴ περισσεύσῃ ἡ δικαιοσύνη ὑμῶν, σὺ δὲ μᾶλλον περισσεύεις ἀδικίαν κλέπτων καὶ ἁρπάζων καὶ πλεονεκτῶν.","Stefanis 1996","101","101","131","72","8b25bf1b0407d94f69db9b7d94a0ca5607d9a01941dc873de2174eaf50e53cb7","","False","False"
"132","Ε΄","§52","Εἰς τὰς ἁγίας ἐντολὰς τοῦ Σωτῆρος καὶ περὶ τῶν πέντε τοῦ σώματος αἰσθήσεων","Καὶ ἴσως ἐκ τούτων διανέμοις μικροὺς ὀβολοὺς ἢ κοσμίζεις εἰκόναν ἢ ναὸν ἀνεγείρεις τοῦ ἁγίου τοῦ δεῖνος καὶ φαντάζεσαι ὡς μέγα τι κατορθώσας, καὶ τὴν ἁγίαν εἰκόναν, ἣν ἐκόσμησας ἐκ πλεονεξίας, ἐρρύπωσας μᾶλλον καὶ οὐκ ἐκόσμησας περιθεὶς αὐτῇ τὰ ἐκ πλεονεξίας ἁρπάγματα. Καὶ λέγει πρὸς σὲ ὃν δῆθεν ἐκόσμισας ἅγιον· Ἱνατί ὑπέλαβες ἀνομίαν, ὅτι ἔσομαί σοι ὅμοιος; προσαγωγαὶ γὰρ κλεπτῶν καὶ πλεονεκτῶν βδέλυγμα Κυρίῳ· καὶ γὰρ παρανόμως προσφέρουσιν αὐτάς· … τίμα δὲ τὸν Κύριον ἀπὸ σῶν δικαίων πόνων καὶ ἀπάρχου αὐτῷ ἀπὸ σῶν καρπῶν δικαιοσύνης· ἐγὼ γὰρ τῇ τῶν οὐρανῶν οἰκῶ βασιλείᾳ, οὐ χρείαν ἔχω τῶν σῶν, ἐκεῖνοι δὲ οὓς σὺ πλεονεκτήσας ἠδίκησας πιέζονται πτωχείᾳ πολλῇ καὶ χρείαν ἔχουσιν ἀναλωμάτων, δηλαδὴ βρωμάτων, πομάτων, ἐνδυμάτων καὶ σκεπασμάτων· καὶ δεῖ σε λοιπὸν ἐκείνους εὖ ποιεῖν ὡς ἀδικηθέντας ἐκ σοῦ.","Stefanis 1996","101","101","132","127","0f6ce0ace9ec7fcf0d391db52272d0131f5c8a1f5ba41bc4d5e95ceca0c761d5","","False","False"
"133","Ε΄","§53","Εἰς τὰς ἁγίας ἐντολὰς τοῦ Σωτῆρος καὶ περὶ τῶν πέντε τοῦ σώματος αἰσθήσεων","Ἤκουσας ὅτι· Ἐὰν μὴ περισσεύσῃ ἡ δικαιοσύνη ὑμῶν πλεῖον τῶν γραμματέων καὶ Φαρισαίων, οὐ μὴ εἰσέλθητε εἰς τὴν βασιλείαν τῶν οὐρανῶν; Εἰ δ᾿ ἴσως τῶν πενομένων τυγχάνεις, μὴ ἔχων τί διανεμεῖν, ἀπέχου τέως κλεψίας καὶ πλεονεξίας, μᾶλλον δέ, κἂν πάντων ἀνθρώπων πενέστερος ᾖς καὶ ποτήριον ψυχροῦ μεταδῷς, οὐ μὴ τὸν μισθὸν ἀπολέσῃς, ὡς λέγει Κύριος. Ἀλλὰ καὶ εἰς δύο ὀβολοὺς ἡ χήρα ἐκείνη τὴν βασιλείαν ἠγόρασε.","Stefanis 1996","101","101","133","66","cc909175369209aa45deb4655f4a77c3feab30e1d1ff812b87850aa4c2900362","","False","False"
"134","Ε΄","§54","Εἰς τὰς ἁγίας ἐντολὰς τοῦ Σωτῆρος καὶ περὶ τῶν πέντε τοῦ σώματος αἰσθήσεων","Πᾶς ὁ ὀργιζόμενος τῷ ἀδελφῷ αὐτοῦ εἰκῇ, ἔνοχος ἔσται τῇ κρίσει· ὁ εἰκῇ ὀργιζόμενος, ἤγουν ἀδίκως κατεπαιρόμενος καὶ μὴ λογιζόμενος ὅτι ἀδελφοὶ πάντες ἐσμὲν καὶ πατέρα ἔχομεν ἕνα, τὸν Θεὸν διὰ τῆς τοῦ θείου βαπτίσματος χάριτος, καὶ ὀργίζεται εἰκῇ ὡς πτωχῷ καὶ ἀγροίκῳ τῷ ἀδελφῷ, ἔνοχος ἔσται τῇ κρίσει. Ὁ λέγων τῷ ἀδελφῷ αὐτοῦ ῥακά, ἔνοχος ἔσται τῷ συνεδρίῳ· ὁ λέγων τῷ ἀδελφῷ αὐτοῦ ῥακά, ἤτοι σαλέ, ὡς ὑβριστὴν καὶ αὐθάδην προσφέρειν τῷ συνεδρίῳ κελεύει. Καὶ ὥσπερ βουλόμενος περικόψαι τὴν ἁμαρτίαν προπεριέκοψε τὴν περίεργον θεωρίαν εἰπὼν ὅτι· Ὁ ἐμβλέψας γυναικὶ πρὸς τὸ ἐπιθυμῆσαι, ἤδη ἐμοίχευσεν, οὕτω καὶ ἐνταῦθα, βουλόμενος διακωλῦσαι, μᾶλλον δὲ περικόψαι τοὺς ὑβριστὰς κελεύει αὐτοὺς ὡς ὑπευθύνους προσφέρειν τῷ συνεδρίῳ. Ὁ εἰπὼν τῷ ἀδελφῷ αὐτοῦ μωρέ, ἔνοχος ἔσται εἰς τὴν γέενναν τοῦ πυρός.","Stefanis 1996","101","102","134","125","a5d1635301d065be91b39d1ce02e7d69230dac6a4c5b1f953368a6001542307a","","False","False"
"135","Ε΄","§55","Εἰς τὰς ἁγίας ἐντολὰς τοῦ Σωτῆρος καὶ περὶ τῶν πέντε τοῦ σώματος αἰσθήσεων","Καθάπερ γὰρ ἰατρὸς ἄριστος μεθοδεύει τοὺς κάμνοντας καὶ μηδέν τι τῶν βλαβερῶν διατρέφεσθαι συγχωρεῖ, ἵνα μὴ ἀποθάνωσιν (οἶδε γὰρ ὅτι ἐξ ἀκρασίας βρωμάτων ἐπιτείνεται νόσος, ἐκ δὲ νόσου προσγίνεται θάνατος), οὕτω καὶ ὁ Χριστὸς ᾔδει ὅτι τὸ κακὸν κατὰ μικρὸν ἐπαύξεται καὶ ἐξ ὀργῆς ὕβρις προσγίνεται, ἐξ ὕβρεως δὲ τύπτειν ἐπιχειρεῖ, ἐκ δὲ τοῦ τύπτειν συμβαίνει καὶ φόνος, ὥσπερ ἐξ ὀφθαλμοῦ περιέργου ἐπιθυμία καὶ ἐξ ἐπιθυμίας συγκατάθεσις, ἐκ δὲ ταύτης τοῦ κακοῦ ἡ ἐκπλήρωσις· διὸ καὶ πρῶτον μὲν περιέκοψε μὴ ὀργίζεσθαι εἰκῇ τῷ ἀδελφῷ, εἶτα τὸ μὴ λέγειν αὐτῷ ῥακά καὶ μετρίους τέθηκε τὰς τιμωρίας.","Stefanis 1996","102","102","135","95","2e2e7f427a9bc3601cffd9c14c2bd5d0f5c2675d3dcb11115a6e2e33593a6b15","","False","False"
"136","Ε΄","§56","Εἰς τὰς ἁγίας ἐντολὰς τοῦ Σωτῆρος καὶ περὶ τῶν πέντε τοῦ σώματος αἰσθήσεων","Ταύτας, οἶμαι, <τὰς ἐντολὰς> καὶ ἐλαχίστους ἐκάλεσεν εἰπὼν ὅτι ὁ λύσας μίαν τῶν ἐντολῶν τούτων τῶν ἐλαχίστων ἐλάχιστος κληθήσεται καὶ πρὸ αὐτῶν τοῦτο ἠπείλησεν, ἵνα μή τις λέγειν τολμήσειε τί ἐστι τὸ ὀργίζεσθαι ἢ τὸ λέγειν ῥακά. Εἰς δὲ τὸ μωρέ πολλὴν τέθεικεν ἀπειλὴν καὶ ὄντως φρικτήν· Ἔνοχος ἔσται, φησίν, εἰς τὴν γέενναν τοῦ πυρὸς ὁ εἰπὼν τῷ ἀδελφῷ αὐτοῦ· Μωρέ.","Stefanis 1996","102","102","136","61","aeb377ecdaf61348b33ad46515e44f85515c2fa586b6722f753ad52c941d8f44","","False","False"
"137","Ε΄","§57","Εἰς τὰς ἁγίας ἐντολὰς τοῦ Σωτῆρος καὶ περὶ τῶν πέντε τοῦ σώματος αἰσθήσεων","Καὶ τί ἐστι τὸ μωρέ, ὅτι τοσαύτης τιμωρίας γίνεται ὑπεύθυνος, ὥστε εἰς γέενναν καταδικάζεσθαι; Μωρὸν τοῦτό ἐστι καὶ λέγεται, τὸ τελείως ἀνενέργητον, ὡς ὅταν λέγῃ· Ἐὰν τὸ ἅλας μωρανθῇ, ἐν τίνι ἁλισθήσεται; εἰς οὐδὲν ἰσχύει ἔτι, εἰ μὴ βληθῆναι ἔξω καὶ καταπατεῖσθαι ὑπὸ τῶν ἀνθρώπων. Ὁ δὲ ἄνθρωπος γεγονὼς κατ᾿ εἰκόνα Θεοῦ καὶ ὁμοίωσιν οὐκ ἔστι μωρὸς οὐδὲ λέγεται· διὸ καὶ ὁ λέγων αὐτὸν μωρὸν ἔνοχος ἔσται εἰς τὴν γέενναν τοῦ πυρός. Εἰ δ᾿ αὐτὸ μόνον ὑπευθύνους τῆς γεέννης ποιεῖ, τί λοιπὸν γένηται τοῖς ἀπηορίζουσι καὶ θηριωδῶς τύπτουσιν ἐν ἀπηνείᾳ πολλῇ;","Stefanis 1996","102","102","137","91","3ef5bb6b3fac0880dfe61aea02e04ca22a845a9e9590f0f745668cbb3092d755","","False","False"
"138","Ε΄","§58","Εἰς τὰς ἁγίας ἐντολὰς τοῦ Σωτῆρος καὶ περὶ τῶν πέντε τοῦ σώματος αἰσθήσεων","Γένοιτο δὲ ἡμᾶς καὶ ταύτην τηρεῖν καὶ τὰς λοιπὰς θείας ἐντολάς, ὥστε διαφυγεῖν μὲν τὰς ἠπειλημένας κολάσεις, καταξιωθῆναι δὲ τῆς ἐπαγγελίας τῶν μελλόντων αἰωνίων ἀγαθῶν καὶ τῶν προρρηθέντων ἁγίων τῶν φυλαξάντων τὸ κατ᾿ εἰκόνα τυχεῖν τῆς μερίδος χάριτι καὶ φιλανθρωπίᾳ τοῦ Κυρίου καὶ Θεοῦ καὶ Σωτῆρος ἡμῶν Ἰησοῦ Χριστοῦ, μεθ᾿ οὗ τῷ Πατρὶ εἴη δόξα ἅμα τῷ ἁγίῳ Πνεύματι νῦν καὶ ἀεὶ καὶ εἰς τοὺς αἰῶνας τῶν αἰώνων· ἀμήν. ΤΟΥ ΑΥΤΟΥ ΝΕΟΦΥΤΟΥ ΜΟΝΑΧΟΥ ΚΑΙ ΕΓΚΛΕΙΣΤΟΥ ς΄ ΛΟΓΟΣ ΕΙΣ ΤΑΣ ΑΓΙΑΣ ΑΥΘΙΣ ΕΝΤΟΛΑΣ ΤΟΥ ΚΥΡΙΟΥ ΗΜΩΝ ΙΗΣΟΥ ΧΡΙΣΤΟΥ Εὐλόγησον, πάτερ. 1. Κύριος δώσει ῥῆμα τοῖς εὐαγγελιζομένοις δυνάμει πολλῇ, φησὶν ὁ θεῖος Δαυΐδ. Καὶ ἐλθὼν ὁ Κύριος μετὰ παρέλευσιν γενεῶν εἰκοσιοκτὼ τῆσδε τῆς προφητείας ἔργῳ αὐτὴν ἐξεπλήρωσε καὶ ἔδωκε ῥῆμα τοῖς εὐαγγελιζομένοις ἁλιεῖς δυνάμει πολλῇ, καὶ εὐηγγελίσαντο τὸ εὐαγγέλιον τῆς αὐτοῦ βασιλείας εἰς πάντα τῆς γῆς τὰ πληρώματα. Εἴη δὲ κἀμοῦ πρὸς αὐτοῦ φωτισθῆναι τοὺς ὀφθαλμοὺς τῆς διανοίας καὶ ῥῆμα λαβεῖν με δυνάμει πολλῇ προαιρουμένῳ τὰς σωτηρίας αὐτοῦ ἐξερευνᾶν ἐντολάς, ἐπεὶ καὶ αὕτη ἐντολή ἐστι παρ᾿ αὐτοῦ, ἐρευνᾶν τὰς γραφάς· Ἐρευνᾶτε, φησί, τὰς γραφάς, ὅτι ὑμεῖς δοκεῖτε ἐν αὐταῖς ζωὴν αἰώνιον ἔχειν. Καὶ μὴν δοκοῦμεν καὶ πιστεύομεν ζωὴν αἰώνιον ἔχειν ἐκ τῶν θείων γραφῶν, δι᾿ ὧν μυούμεθα τὰ κτίσματα καὶ τὸν κτίστην αὐτῶν καὶ πᾶν εἴτι καλόν. 2. Καὶ διατί οὐκ εἶπεν ὅτι ἐξ αὐτῶν ζωὴν αἰώνιον ἔχετε, ἀλλ᾿ ὅτι ὑμεῖς δοκεῖτε ἐν αὐταῖς ζωὴν αἰώνιον ἔχειν; Οἶμαι γὰρ ὅτι ὀνειδιστικῶς τοῦτο εἶπε τότε τοῖς Ἰουδαίοις, οἳ καὶ κατεῖχον τὰς θείας γραφὰς καὶ ἀνεγίνωσκον καὶ οὐκ ἐγίνωσκον οὐδὲ ἐξερεύνουν ἃ ἀνεγίνωσκον οὐδὲ ἐπίσταντο τὰ λεγόμενα καὶ θεωροῦντες αὐτόπτως περὶ οὗ εἶπεν ὁ νόμος καὶ οἱ προφῆται πλάνον αὐτὸν ἀπεκάλουν καὶ Θεοῦ ἀλλότριον καὶ καθαιρέτην τοῦ νόμου. Οὗτος, φησίν, ὁ ἄνθρωπος οὐκ ἔστιν ἀπὸ Θεοῦ, ὅτι τὸ Σάββατον οὐ τηρεῖ, ἀλλὰ πλάνος ἐστὶ καὶ πλανᾷ τὸν λαόν· … τί αὐτοῦ ἀκούετε; 3. Καί φησι πρὸς αὐτούς· Ἐρευνᾶτε τὰς γραφάς, καὶ οὐκ εἶπεν ὅτι αὗται διδάξουσιν ὑμᾶς περὶ ἐμοῦ, ἀλλ᾿ ὅτι ὑμεῖς δοκεῖτε ἐν αὐταῖς ζωὴν αἰώνιον ἔχειν. Τί δοκεῖτε, φησίν, ἐκ τοῦ ἀναγινώσκειν καὶ μὴ γινώσκειν, μᾶλλον δὲ παραγινώσκειν καὶ νοεῖν παρ᾿ ὃ δεῖ νοεῖν, ζωὴν αἰώνιον ἔχειν ἐντεῦθεν; Ὅτι δὲ τοῦτό ἐστιν ἀληθῶς ἐδήλωσε διὰ τῶν ἑξῆς· εἰπὼν γὰρ ὅτι ὑμεῖς δοκεῖτε ἐν αὐταῖς ζωὴν αἰώνιον ἔχειν φησί· Καὶ οὐ θέλετε ἐλθεῖν πρός με, ἵνα ζωὴν αἰώνιον ἔχητε. 4. Ἡμεῖς δὲ οἱ χάριτι αὐτοῦ ἀξιωθέντες ἐλθεῖν πρὸς αὐτὸν διὰ λουτροῦ παλιγγενεσίας φέρε δή, φέρε, τὰς ἁγίας αὐτοῦ ἐρευνήσωμεν ἐντολάς, καὶ εὑροῦμεν αὐτὰς πᾶν εἴτι καλὸν προξενούσας ἡμᾶς ἐν τῷδε τῷ βίῳ καὶ αὖθις ἐκτρεπούσας εἴτι κακὸν τῷ βίῳ τούτῳ παρέπεται. Τοῦτο δέ ἐστι τὸ ἀξιοθαύμαστον, ὅτι καὶ ἐπὶ υἱοῖς υἱῶν Δαυῒδ ἐπαγγέλλεται δικαιοσύνην, δηλαδὴ τῶν μεμνημένων τῶν ἐντολῶν αὐτοῦ τοῦ ποιῆσαι αὐτάς. Ἡ δικαιοσύνη αὐτοῦ, φησίν, ἐπὶ υἱοῖς υἱῶν τοῖς φυλάσσουσι τὴν διαθήκην αὐτοῦ καὶ μεμνημένοις τῶν ἐντολῶν αὐτοῦ τοῦ ποιῆσαι αὐτάς. 5. Οὐ τοῖς ἁπλῶς μεμνημένοις τῶν ἐντολῶν ἐπαγγέλλεται δικαιοσύνην ἀλλὰ τοῖς μεμνημένοις τῶν ἐντολῶν αὐτοῦ τοῦ ποιῆσαι αὐτάς· ὅπου γὰρ συνεχὴς μνήμη ἐντολῶν, ἕπεται πάντως καὶ τὸ ποιῆσαι αὐτάς, ὅπου δὲ λήθη ἐντολῶν, καὶ τὸ ποιῆσαι πάντως ἀφίσταται· ἴσμεν γὰρ ὅτι οὐδεὶς δύναται ποιεῖν ὃ ἐπὶ μνήμης οὐκ ἔχει ποσῶς. 6. Καὶ μαρτυρεῖ μου τῷ λόγῳ ὁ","Stefanis 1996","102","103","138","517","f8dd855cdc61b7cde590cdde16fddc2893827c308f9b3c81334a6f8949f9e1f0","","False","False"
"139","ΣΤ΄","§7","Εἰς τὰς ἁγίας αὖθις ἐντολὰς τοῦ Κυρίου ἡμῶν Ἰησοῦ Χριστοῦ","Καὶ εἰ ἐκεῖνος διὰ μιᾶς παράβασιν ἐντολῆς τοσαῦτα ἐπάσχισε, τί οὐκ ἂν πάθοιμεν ἡμεῖς, οἱ τοσαύτας λαβόντες Χριστοῦ ἐντολὰς καὶ πάσας ὁμοῦ παραβαίνομεν ἀναιδῶς; Μία γὰρ καὶ μόνη ἐδόθη ἐκείνῳ ἐντολή, καὶ ἅπαξ αὐτὴν παραβέβηκεν, οὐ πολλάκις· καὶ ἴδε πόση ἐκεῖθεν κατέρρευσε καταδίκη. Ἡμεῖς δὲ πλείους θείας ἐντολὰς εἰληφότες παραβαίνομεν ἑκουσίως πάσας ὁμοῦ καὶ οὐχ ἅπαξ ὥσπερ ἐκεῖνος, ἀλλὰ μυριάκις τῆς ἡμέρας ἀναιδῶς παραβαίνομεν ταύτας.","Stefanis 1996","104","104","139","65","335b72afc98220ba85ade601ce062e8c5162a653c39210f4073b4757ea64c425","","False","False"
"140","ΣΤ΄","§8","Εἰς τὰς ἁγίας αὖθις ἐντολὰς τοῦ Κυρίου ἡμῶν Ἰησοῦ Χριστοῦ","Καὶ ἔστι θεάσασθαι ἡμᾶς συχνάκις ἀργολογοῦντας, μᾶλλον δὲ καὶ αἰσχρολογοῦντας, μωρολογοῦντας τὸν ἀδελφόν, ὑβρίζοντας, καταλαλοῦντας, κατακρίνοντας, καταρωμένους, ὀμνύοντας, ψευδομένους, ἀπειθοῦντας, ἀνθισταμένους, ἀντιλέγοντας, τὰ τῆς σαρκὸς μεριμνοῦντας, τὰ τῆς ψυχῆς ἀμελοῦντας, δουλεύοντας τῷ μαμωνᾷ, θησαυρίζοντας ἐπὶ τῆς γῆς, κενοδοξοῦντας, πλεονεκτοῦντας, γαστριμαργοῦντας, κλέπτοντας, μεθύοντας ἐκ παθῶν, μεθύοντας ἐξ οἴνου καὶ ἁπλῶς εἰπεῖν βαδιοῦντας τὴν πλατεῖαν καὶ εὐρύχωρον τῆς ἀπωλείας ὁδόν, παρανομοῦντας, μοιχεύοντας καὶ πορνεύοντας, καίπερ μηδὲ ἀτενίζειν εἰς πρόσωπον ἐμπαθῶς ἐντετάλμεθα.","Stefanis 1996","104","104","140","69","0a6ef7e60314b316dade28b2a0cf05fef7285080f5958b0e33f56bb8cb03f9e0","","False","False"
"141","ΣΤ΄","§9","Εἰς τὰς ἁγίας αὖθις ἐντολὰς τοῦ Κυρίου ἡμῶν Ἰησοῦ Χριστοῦ","Εἰκῶς γὰρ ἔλεγεν ὁ Δεσπότης ὅτι· Οὐ πᾶς ὁ λέγων μοι· Κύριε Κύριε εἰσελεύσεται εἰς τὴν βασιλείαν μου ἀλλ᾿ ὁ ποιῶν τὸ θέλημα τοῦ πατρός μου τοῦ ἐν τοῖς οὐρανοῖς, τουτέστιν ὁ φυλάσσων τὰς ἐντολάς. Διὸ καὶ ἔλεγε· Τί με λέγετε· Κύριε Κύριε καὶ οὐ ποιεῖτε ἃ λέγω; … Ὁ ἔχων τὰς ἐντολάς μου καὶ τηρῶν αὐτάς, ἐκεῖνός ἐστιν ὁ ἀγαπῶν με, καί· Ὁ μὴ ἀγαπῶν με τοὺς λόγους μου οὐ τηρεῖ, καί· Εἰ ἀγαπᾶτέ με, τὰς ἐντολὰς τὰς ἐμὰς τηρήσατε, καθὼς ἐγώ, φησί, τὰς ἐντολὰς τοῦ πατρός μου τετήρηκα καὶ μένω αὐτοῦ ἐν τῇ ἀγάπῃ. Ἀλλὰ καὶ τῷ πλουσίῳ ἐκείνῳ ζητοῦντι τί δρᾶν διὰ τὴν αἰώνιον ζωὴν τοῦτο ἔφησεν· Εἰ θέλεις ἐλθεῖν εἰς τὴν ζωήν, τήρησον τὰς ἐντολάς.","Stefanis 1996","104","104","141","119","43a7b6354dab59bc64e5f11655bf52ed52f74382e2e4d00f904f1b9a5108a7f8","","False","False"
"142","ΣΤ΄","§10","Εἰς τὰς ἁγίας αὖθις ἐντολὰς τοῦ Κυρίου ἡμῶν Ἰησοῦ Χριστοῦ","Ὁ δὲ προφήτης Δαυῒδ φοβερόν τι ἀπεφήνατο λέγων· Ἐπικατάρατοι, φησίν, οἱ ἐκκλίνοντες ἀπὸ τῶν ἐντολῶν σου. Σολομὼν δὲ ὁ τούτου υἱὸς ὁ σοφώτατος ἔφη· Ὃς φυλάσσει ἐντολήν, τηρεῖ τὴν ἑαυτοῦ ψυχήν.","Stefanis 1996","104","104","142","31","d3569d576af03840e7a4c6b867915fa070054ccacdea8cbbc155e19019758840","","False","False"
"143","ΣΤ΄","§11","Εἰς τὰς ἁγίας αὖθις ἐντολὰς τοῦ Κυρίου ἡμῶν Ἰησοῦ Χριστοῦ","Ἀλλ᾿ ἴωμεν ἤδη πρὸς τὰς θείας ἐντολὰς καὶ ἴδωμεν αὖθις τί ὁ πανάγαθος ἐντέλλεται ἡμῖν. Ἴσθι, φησίν, εὐνοῶν τῷ ἀντιδίκῳ σου ταχύ, ἕως ὅτου εἶ ἐν τῇ ὁδῷ μετ᾿ αὐτοῦ, μήποτέ σε παραδῷ <ὁ ἀντίδικος τῷ κριτῇ καὶ ὁ κριτὴς> τῷ ὑπηρέτῃ, καὶ εἰς φυλακὴν βληθήσῃ· ἀμὴν λέγω σοι ὅτι οὐ μὴ ἐξέλθῃς ἐκεῖθεν, ἕως ἂν ἀποδῷς τὸν ἔσχατον κοδράντην. Ἐπεὶ δὲ κατ᾿ εἰκόνα αὐτοῦ καὶ ὁμοίωσιν γεγενήμεθα καὶ αὐτὸς δι᾿ ὑπερβολὴν ἀγαθότητος δι᾿ ἡμᾶς ἐνηνθρώπησε, βούλεται ὡς οἷόν τε μιμεῖσθαι αὐτοῦ τὸ ἀνεξίκακον· τοῦτο γὰρ καὶ ὁ τούτου πατὴρ πάλαι διὰ τοῦ προφήτου προαπεφήνατο· Οὗτος ὁ υἱός μου ὃν ᾑρέτισα, ὁ ἀγαπητός μου, εἰς ὃν ἐπεπόθησεν ἡ ψυχή μου· θήσω τὸ πνεῦμά μου ἐπ᾿ αὐτόν, καὶ κρίσιν τοῖς ἔθνεσιν ἀπαγγελεῖ· οὐκ ἐρίσει, οὐδὲ κραυγάσει· οὐδὲ ἀκούσει τις ἐν ταῖς πλατείαις τῆς φωνῆς αὐτοῦ.","Stefanis 1996","104","105","143","134","795e95386fa5b582871887bb26ccd58a6ef21a27e406434f19b53b97d00f3f31","","False","False"
"144","ΣΤ΄","§12","Εἰς τὰς ἁγίας αὖθις ἐντολὰς τοῦ Κυρίου ἡμῶν Ἰησοῦ Χριστοῦ","Ταύτην τὴν ἀνεξικακίαν βουλόμενος ὁ πανάγαθος καὶ ἡμᾶς ἐκπαιδεῦσαι πολλὴν ὑπὲρ ταύτης παρεισάγει τὴν ἐπιμέλειαν, καὶ τοσοῦτον, ὥστε καὶ ἐχθροὺς ἀγαπᾶν καὶ εὔχεσθαι ἐπηρεαζόντων καὶ μὴ ἀντιστῆναι τῷ πονηρῷ καὶ ταπεινοῦσθαι τῷ τύπτοντι, διδόναι δὲ καὶ τὸ ἱμάτιον τῷ βουλομένῳ κριθῆναι καὶ λαβεῖν τὸν χιτῶνα.","Stefanis 1996","105","105","144","45","f677d2407927f51d2540255802b024a600bff96ab13c7c7e5f3fa15908ff8cfa","","False","False"
"145","ΣΤ΄","§13","Εἰς τὰς ἁγίας αὖθις ἐντολὰς τοῦ Κυρίου ἡμῶν Ἰησοῦ Χριστοῦ","Εἰ δέ πού τις ἐπιλάθοιτο ταῦτα, καὶ μεταξὺ αὐτοῦ καὶ ἑτέρου τινὸς συνήρπασε δίκην καὶ προύβη τοσοῦτον, ὥστε καὶ πρὸς κριτὴν πορευθῆναι, ὁ Δεσπότης κελεύει, μᾶλλον δὲ ὥσπερ μεσίτης χρηστότατος συνετὰ μεσιτεύων· Ἴσθι, φησίν, εὐνοῶν τῷ ἀντιδίκῳ σου ταχύ, ἕως ὅτου εἶ ἐν τῇ ὁδῷ μετ᾿ αὐτοῦ· κἂν μηδὲν δι᾿ ἄλλο τι, φησί, θελήσῃς τὸν θυμὸν καταπαῦσαι, ἴσθι εὐνοῶν τί μέλλεις πείσεσθαι εἰς τὸ κριτήριον εἰσελθών, μήποτέ σε παραδῷ ὁ ἀντίδικος τῷ κριτῇ, ἐπεὶ πολλάκις δικαιοῦσι τὸν ἄδικον καὶ τὸ δίκαιον τοῦ δικαίου αἴρουσιν ἀπ᾿ αὐτοῦ, καὶ ὁ κριτής σε παραδῷ τῷ ὑπηρέτῃ, καὶ εἰς φυλακὴν βληθήσῃ, καὶ οὐ μὴ ἐξέλθῃς ἐκεῖθεν, ἕως ἂν ἀποδῷς τὸν ἔσχατον κοδράντην.","Stefanis 1996","105","105","145","108","811ceb7acb2199246eaf36ea0606c315298df8ffe2d5db5ff59c6eec3418561a","","False","False"
"146","ΣΤ΄","§14","Εἰς τὰς ἁγίας αὖθις ἐντολὰς τοῦ Κυρίου ἡμῶν Ἰησοῦ Χριστοῦ","Εἶδες μεσίτην χρηστότατον, εἶδες σύμβουλον ἀγαθώτατον, πῶς εἰρηνεύει τὰ σκάνδαλα καὶ ἐξεώζει τὴν μάχην καὶ τὴν ἀγάπην εἰσάγει; Ὅσοι γὰρ πειθαρχοῦσιν αὐτῷ ἐντεῦθεν ἐγνώρισαν τὴν γαλήνην τὴν μέλλουσαν καὶ τὸν εὔδιον λιμένα τῆς αὐτοῦ βασιλείας· ἡμεῖς δὲ μὴ πειθαρχοῦντες, ἤτοι μὴ τηροῦντες τὰς παναγίους αὐτοῦ θείας ἐντολάς, ἐντεῦθεν καὶ τὴν ἐκεῖθεν ζάλην γινώσκομεν τοῖς ὀλεθρίοις καθ᾿ ἑκάστην ἁλισκόμενοι πάθεσι καὶ αὐτοκόλαστοι ὑπάρχοντες μηδὲν εἰρηνεύοντες.","Stefanis 1996","105","105","146","64","1149a5b4df9d6ef5f3c8eee1d08d4e0d0d411a0c23442902a91af4526c2d50ea","","False","False"
"147","ΣΤ΄","§15","Εἰς τὰς ἁγίας αὖθις ἐντολὰς τοῦ Κυρίου ἡμῶν Ἰησοῦ Χριστοῦ","Εἰ δέ πού τις τὸ ῥητὸν ἐκ τοῦ αἰσθητοῦ εἰς τὸ νοητὸν ἐπανάξαι θελήσειε, τὸ κωλῦον οὐδέν, ἐπεὶ καὶ ἀντίδικον τῆς ψυχῆς τὸ σῶμα καθέστηκεν, οἷα γήϊνον καὶ ὑλικὸν καὶ βρῖθον κάτω πρὸς τὴν αὐτοῦ συγγενῆ, ἡ δὲ ψυχὴ ὡς ἄϋλόν τι κτίσμα καὶ ἀθάνατον ἐφίεται ἀνίπτασθαι ἄνω, καὶ αὐτὸ πρὸς τὰ αὐτοῦ συγγενῆ. Τοῦτο καὶ ὁ θεῖος Παῦλός φησιν, ὅτι· Ἡ σὰρξ στρατεύεται κατὰ τοῦ πνεύματος, τὸ δὲ πνεῦμα κατὰ τῆς σαρκός.","Stefanis 1996","105","105","147","73","bfd168e05f4ec9e8f333689dac645905d2edbb387e1b7529688d2fcc5a27feb5","","False","False"
"148","ΣΤ΄","§16","Εἰς τὰς ἁγίας αὖθις ἐντολὰς τοῦ Κυρίου ἡμῶν Ἰησοῦ Χριστοῦ","Ἴσθι εὐνοῶν τῷ ἀντιδίκῳ σου σώματι τάχιον, πρὸ τοῦ εἰς ἕξιν ἐλθεῖν κακῶν συνηθειῶν, ἕως ὅτου εἶ ἐν τῇ ἀκμῇ τῆς νεότητος ἐν τῇ ὁδῷ τοῦ βίου μετ᾿ αὐτοῦ, μήποτέ σε παραδῷ τῷ πονηρῷ τῆς ἁμαρτίας κριτῇ, τῷ ἄρχοντι τοῦ ἀέρος, καὶ αὐτός σε παραδῷ τῷ ὑπηρέτῃ αὐτοῦ δαίμονι, καὶ εἰς φυλακὴν βληθήσῃ τῶν ὀλεθρίων παθῶν, καὶ οὐ μὴ ἐξέλθῃς ἐκεῖθεν, ἕως ἂν καὶ τῆς ἐσχάτης κακίας δουλεύσῃς.","Stefanis 1996","105","105","148","68","e45382c6f7fda7b804257037a5e7337fbf01849245341f1113736f2e4deceb7b","","False","False"
"149","ΣΤ΄","§17","Εἰς τὰς ἁγίας αὖθις ἐντολὰς τοῦ Κυρίου ἡμῶν Ἰησοῦ Χριστοῦ","Εἰ δὲ ὁ ὀφθαλμός σου ὁ δεξιὸς σκανδαλίζει σε, ἔξελε αὐτὸν καὶ βάλε ἀπὸ σοῦ· συμφέρει γάρ σοι ἵνα ἀπόληται ἓν τῶν μελῶν σου καὶ μὴ ὅλον τὸ σῶμά σου βληθῇ εἰς γέενναν· καὶ εἰ ἡ δεξιά σου χεὶρ σκανδαλίζει σε, ἔκκοψον αὐτὴν καὶ βάλε ἀπὸ σοῦ· συμφέρει γάρ σοι ἵνα ἀπόληται ἓν τῶν μελῶν σου καὶ μὴ ὅλον τὸ σῶμά σου βληθῇ εἰς γέενναν. Ἔδειξεν ὁ Δεσπότης διὰ τῆσδε τῆς ἐντολῆς ὅτι, ἐὰν κέκτηταί τις πρᾶγμα ἢ φίλον ἢ συγγενῆ πρὸς ἀπώλειαν ἕλκοντα καὶ μὴ δύναται αὐτὸς αὐτὸν ἑλκύσαι πρὸς σωτηρίαν, κἂν ὡς ὀφθαλμὸν ἢ ὡς χεῖραν δεξιὰν κέκτηται τοῦτον, συμφέρει διαχωρίζεσθαι τούτου, καὶ ἐκκόπτειν καὶ ἀπορρίπτειν ὡς μέλους τινὸς ἀχρήστου καὶ σεσημμένου, ἵνα μὴ καὶ αὐτὸς συναπόληται τούτῳ.","Stefanis 1996","105","106","149","120","526d1bb9c01d5bd3a0aabee695f205dbe3542580ed9e7fb9f375e7850629bc08","","False","False"
"150","ΣΤ΄","§18","Εἰς τὰς ἁγίας αὖθις ἐντολὰς τοῦ Κυρίου ἡμῶν Ἰησοῦ Χριστοῦ","Καὶ ἔστι μὲν καὶ τοῦτο οὐχ ἡ τυχοῦσα ζημία, ἀλλ᾿ ὅμως συμφέρει γάρ σοι, φησίν, ἵνα ἀπόληται ἓν τῶν μελῶν σου καὶ μὴ ὅλον τὸ σῶμά σου βληθῇ εἰς γέενναν· πάντες γὰρ ἀλλήλων μέλη ἐσμέν, κατὰ τὸν θεῖον ἀπόστολον. Ἐὰν γὰρ ὁ φίλος ἡμῶν ὀφθαλμὸς ἢ τὸ πρᾶγμα ἡμῶν ἢ ἡ χεὶρ ἡμῶν μήτηρ καὶ ἀδελφὴ σκανδαλίζῃ ἡμᾶς κακοπιστίᾳ ἢ κακοπραγίᾳ ὠθοῦσα πρὸς γέενναν, ἐξελεῖν δεῖ ταῦτα καὶ ἐκκόπτειν, ὡς εἴρηται, ἐπεὶ οὐ περὶ τῶν μελῶν τοῦ σώματος ὁ Δεσπότης τοῦτο προσέταξε· τί γὰρ καὶ ἥμαρτεν ὁ ὀφθαλμὸς ἢ ἡ χείρ, ἵνα τμηθῇ; ἐκ προαιρέσεως γὰρ ὁ ἄνθρωπος κακουργεῖ ἢ ἀγαθοεργεῖ αὐτεξούσιος ὤν.","Stefanis 1996","106","106","150","103","efe5c4b43f784aa5901123dcf2cc6c4396486130df2f84b6c9f97b235e81c8d5","","False","False"
"151","ΣΤ΄","§19","Εἰς τὰς ἁγίας αὖθις ἐντολὰς τοῦ Κυρίου ἡμῶν Ἰησοῦ Χριστοῦ","Εἰ δὲ περὶ ὀφθαλμοῦ καὶ χειρὸς τοῦτο προσέταττεν, ἔδει λοιπὸν προστάξαι καὶ γλῶτταν ἐκκόπτειν καὶ ὦτα, ἐπεὶ συνεργοῦσι καὶ ταῦτα τῆς κακῆς προαιρέσεως· διότι ἡ μὲν λέγει πολλάκις τὰ μὴ προσήκοντα, τὰ δὲ ἐνωτίζονται τὰ πρὸς ἀπώλειαν ἕλκοντα. Ἀλλ᾿ οὐκ ἔστι τοῦτο, οὐκ ἔστιν, εἰς δόξαν δὲ μᾶλλον Θεοῦ καὶ εἰς ἀφορμὴν σωτηρίας ἡμῶν καὶ ὑπηρεσίαν τῶν ἀναγκαίων τὰ μέλη ταῦτα ἡμῖν ὁ Δεσπότης δεδώρηται, καθὼς καὶ περὶ τῶν πέντε αἰσθήσεων ἐν τῷ πέμπτῳ λόγῳ πλατυτέρως εἰρήκαμεν.","Stefanis 1996","106","106","151","77","d35330fed2e7184fdfd11644945395376eb47beb7fcb62cc0a0f6e9c2c691a5a","","False","False"
"152","ΣΤ΄","§20","Εἰς τὰς ἁγίας αὖθις ἐντολὰς τοῦ Κυρίου ἡμῶν Ἰησοῦ Χριστοῦ","Ὥσπερ γὰρ ὅταν λέγῃ ὅτι· Εἰσὶν εὐνοῦχοι οἵτινες εὐνούχισαν ἑαυτοὺς διὰ τὴν βασιλείαν τῶν οὐρανῶν, οὐ τὴν ἐκτομὴν λέγει τῶν μορίων τοῦ σώματος ἀλλὰ πάντως τὴν ἐκτομὴν τῶν πονηρῶν λογισμῶν καὶ τὴν καρδιακὴν εὐνουχίαν, οὕτω καὶ ἐνταῦθα· εἰπὼν γὰρ ὅτι· Ἐὰν ὁ ὀφθαλμός σου ἢ ἡ χείρ σου ἡ δεξιὰ σκανδαλίζῃ σε καὶ τὰ ἑξῆς, ἐπάγει· Ἐρρέθη δὲ ὅτι ὃς ἂν ἀπολύσῃ τὴν γυναῖκα αὐτοῦ, δότω αὐτῇ ἀποστάσιον· ἐγὼ δὲ λέγω ὑμῖν ὅτι ὃς ἂν ἀπολύσῃ τὴν γυναῖκα αὐτοῦ παρεκτὸς λόγου πορνείας, ποιεῖ αὐτὴν μοιχᾶσθαι, καὶ ὃς ἂν τὴν τοιαύτην ἀπολελυμένην λάβῃ εἰς γάμου κοινωνίαν, μοιχᾶται καὶ αὐτός. Διὰ τοῦτο, φησί, συζεύγνυται νομίμως ἀνὴρ γυναικὶ καὶ γυνὴ τῷ ἀνδρί, καὶ γίγνονται εἰς σάρκαν μίαν, ἵνα τὸ συνοικέσιον ἕως τέλους διατηρήσουσιν ἄσπιλον ἅμα καὶ ἄτμητον.","Stefanis 1996","106","106","152","124","df6d13f291263740f26a18a886e8be8e5b9339988c3fd63689673ae1b70a627e","","False","False"
"153","ΣΤ΄","§21","Εἰς τὰς ἁγίας αὖθις ἐντολὰς τοῦ Κυρίου ἡμῶν Ἰησοῦ Χριστοῦ","Ὅτε δὲ ἡ γυνὴ ἄρξηται διατέμνειν ἑαυτὴν ἐκ τῆς μιᾶς σαρκός, τοῦ συνοικεσίου δηλονότι, πρὸς σάρκας διαφόρους, καὶ διὰ τὴν τοιαύτην αἰτίαν ἀπολύσῃ αὐτὴν ὁ ταύτης ἀνήρ, τότε οὐκ αὐτὸς ποιεῖ αὐτὴν μοιχευθῆναι· προλαβοῦσα γὰρ αὕτη ἑαυτὴν μοιχαλίδα εἰργάσατο. Καὶ ὁ τοιαύτην ἀπολελυμένην λαβὼν οὐκ ἐμοίχευσε μέν, ἐπόρνευσε δ᾿ ὅμως. Κατὰ δὲ ἑτέραν αἰτίαν τινὰ οὐ συγχωρεῖται ἀνὴρ τὴν ἑαυτοῦ ἀπολῦσαι γυναῖκα, κἂν ἄπιστος ἡ τοιαύτη ἐστί, καὶ τὸ συνοικέσιον εὐδοκεῖ· τί γὰρ οἶδας, φησίν, ἄνερ, εἰ τὴν γυναῖκα σώσεις;","Stefanis 1996","106","106","153","80","79789838232bb60633f23cfbe7ad391b18878a2413070c37062ef241a01037b8","","False","False"
"154","ΣΤ΄","§22","Εἰς τὰς ἁγίας αὖθις ἐντολὰς τοῦ Κυρίου ἡμῶν Ἰησοῦ Χριστοῦ","Ἄξιόν ἐστιν ἐνταῦθα διαπορῆσαι, μᾶλλον δὲ διερευνῆσαι τὴν πολλὴν ταύτην διαφοράν, τὴν μεταξὺ δηλαδὴ τῆς πορνείας καὶ τῆς μοιχείας καὶ αὖθις τῆς πιστῆς καὶ ἀπίστου, πῶς τὴν ἄπιστον συνοικεῖν τῷ πιστῷ συγχωρεῖ καὶ τὸν ἄπιστον τῇ πιστῇ, τὴν μοιχαλίδα δὲ ἐκβάλλειν προτρέπεται καὶ ὅτι «μιαινομένη, φησί, μιανθήσεται καὶ οὐκ ἐπιστρέψει πρὸς τὸν ἄνδρα αὐτῆς, καὶ ὁ κατέχων μοιχαλίδα ἄφρων καὶ ἀσεβής», κατὰ τὸν ἅγιον προφήτην Ἠσαΐαν, ἐξ οὗ ταῦτα ἐκλεξάμενος ὁ μέγας ἐν τοῖς αὐτοῦ Κανόσιν ἔφη Βασίλειος.","Stefanis 1996","106","107","154","78","1a225dcdf6030af6d79a443220b4aeb8c91f8f00fefbf97f355709e216bf0c61","","False","False"
"155","ΣΤ΄","§23","Εἰς τὰς ἁγίας αὖθις ἐντολὰς τοῦ Κυρίου ἡμῶν Ἰησοῦ Χριστοῦ","Ὅτε δὲ τὸν Χριστὸν ἐπείραζον οἱ Ἰουδαῖοι, εἰ ἔξεστιν ἀπολύειν τὰς γυναῖκας κατὰ πᾶσαν αἰτίαν, οὐδὲ τότε εἶπεν ἀπολύειν αὐτὰς κατὰ πᾶσαν αἰτίαν, ἵνα μὴ λάβωσιν ἀφορμὴν οἱ ἄνθρωποι καὶ τότε καὶ νῦν εἰς τὸ ἀπολύειν τὰς γυναῖκας κατὰ πᾶσαν αἰτίαν καὶ δι᾿ ἔρωτα δαιμονιώδη ἑτέρας λαμβάνωσι. Καὶ μετὰ πολλὰ ἕτερα ἐξεῖπε καὶ τοῦτο, ὅτι· Οὓς ὁ Θεὸς ἕνωσεν, ἄνθρωπος μὴ χωριζέτω. Καὶ διατί, ἔφησαν ἐκεῖνοι, Μωσῆς ἔγραψεν ἐν τῷ νόμῳ βιβλίον ἀποστασίου γράφειν καὶ ἀπολύειν αὐτήν; Ἀντέφησεν ὁ Σωτὴρ καὶ αὐτοὺς ἀπεφίμωσε, ὅτι· Πρὸς τὴν σκληροκαρδίαν ὑμῶν Μωσῆς ἔγραψε ταῦτα, ἐγὼ δὲ λέγω ὑμῖν ὅτι οὓς ὁ Θεὸς ἕνωσεν, ἄνθρωπος μὴ χωριζέτω, ἤγουν κατὰ πᾶσαν αἰτίαν (αἰτίαι γὰρ οὐκ ἐκλείψουσι, καὶ συνοικέσιον λοιπὸν οὐ σταθήσεται), εἰ μήπου μοιχεία χωρήσῃ μέσον αὐτῶν καὶ διαιρήσῃ αὐτοὺς ἀπ᾿ ἀλλήλων· ὁ γὰρ ταύτης χωρὶς ἀπολύων τὴν γυναῖκα αὐτοῦ ποιεῖ αὐτὴν μοιχευθῆναι.","Stefanis 1996","107","107","155","138","3d0f277571246f3e593c1a9a34d9b1b0cbda1beac59101f0f4d4b46f17f76549","","False","False"
"156","ΣΤ΄","§24","Εἰς τὰς ἁγίας αὖθις ἐντολὰς τοῦ Κυρίου ἡμῶν Ἰησοῦ Χριστοῦ","Πάλιν ἠκούσατε, φησίν, ὅτι ἐρρέθη τοῖς ἀρχαίοις· Οὐκ ἐπιορκήσεις, ἀποδώσεις δὲ τῷ Κυρίῳ τοὺς ὅρκους σου· ἐγὼ δὲ λέγω ὑμῖν μὴ ὀμόσαι ὅλως· μήτε τὸν οὐρανόν, ὅτι θρόνος ἐστὶ τοῦ Θεοῦ, μήτε τὴν γῆν, ὅτι ὑποπόδιόν ἐστι τῶν ποδῶν αὐτοῦ, μήτε εἰς Ἱεροσόλυμα, ὅτι πόλις ἐστὶ τοῦ μεγάλου βασιλέως, μήτε ἐν τῇ κεφαλῇ σου ὀμόσῃς, ὅτι οὐ δύνασαι μίαν τρίχα λευκὴν ἢ μέλαιναν ποιῆσαι· ἔστω δὲ ὁ λόγος ὑμῶν ναὶ ναί, οὐ οὔ· τὸ δὲ περισσὸν τούτων ἐκ τοῦ πονηροῦ ἐστι. Τί βούλεται ἡ παροῦσα ἐντολὴ πανταχόθεν περιορίζουσα ἡμᾶς μηδὲν ὅλως ὀμνύειν, μηδὲ λέγειν ἐν καιρῷ ἐρωτήσεως ἢ ἐτάσεως πλὴν τοῦ ναί καὶ τοῦ οὔ;","Stefanis 1996","107","107","156","105","e038957d94f5d17227816e59989683655ed3a952b18fd73729818d69ac9be582","","False","False"
"157","ΣΤ΄","§25","Εἰς τὰς ἁγίας αὖθις ἐντολὰς τοῦ Κυρίου ἡμῶν Ἰησοῦ Χριστοῦ","Τὸ μὴ ὅλως ὀμνύειν οὐρανὸν ἢ γῆν ἢ Ἰερουσαλὴμ ἢ κεφαλὴν ὡς θρόνον, ὡς ὑποπόδιον, ὡς πόλιν βασιλέως Θεοῦ ἐνετείλατο, τὸ δὲ διατί δηλῶσαι ὁ ἀγαθὸς οὐκ ἠθέλησε· καὶ εἰ μὴ πάντως πρὸς τὸ συμφέρον ἡμῶν τοῦτο ἦν, οὐκ ἂν τοῦτο ἐνετείλατο. Μᾶλλον δὲ καὶ ἐδήλωσε λέγων σαφῶς ὅτι τὸ πλεῖον τοῦ ναί καὶ τοῦ οὐ ἐκ τοῦ πονηροῦ ἐστι· τί γὰρ σαφέστερον ἢ φοβερώτερον τοῦδε τοῦ ῥήματος ζητήσειεν ἄν τις; Τὸ περισσόν, φησί, τοῦ ναὶ καὶ τοῦ οὐ ἐκ τοῦ πονηροῦ ἐστιν. Ἐπεὶ πᾶσα κακία καὶ πονηρία αὔξει κατὰ μικρόν, ἵνα μὴ καὶ <ἐκ> τοῦ ὀμνύειν ὑπέρ τινος ἀληθοῦς ὑποθέσεως γένηται συνήθεια τῇ γλώττῃ τοῦ ὀμνύειν καὶ ἡ συνήθεια εἰς ψευδεῖς ὅρκους καθελκύσῃ αὐτήν, ὅπερ καὶ γέγονε, τελείως ὁ Δεσπότης θέλων ἐκριζῶσαι τόδε τὸ πάθος φησίν· Ἐγὼ δὲ λέγω ὑμῖν μὴ ὀμόσαι ὅλως· ἤτω δὲ ὁ λόγος ὑμῶν ναὶ ναί, οὐ οὔ, τὸ δὲ περισσὸν τούτων ἐκ τοῦ πονηροῦ ἐστι.","Stefanis 1996","107","107","157","151","6962a0a7bc1a51b435ea41a446697c3ffa10658c49f1238ef32ce234e257a381","","False","False"
"158","ΣΤ΄","§26","Εἰς τὰς ἁγίας αὖθις ἐντολὰς τοῦ Κυρίου ἡμῶν Ἰησοῦ Χριστοῦ","Καὶ ἴδε πῶς σὺν ταῖς λοιπαῖς καὶ τὴν παροῦσαν ἁγίαν παραβαίνομεν ἐντολήν, ὥστε μὴ ἀρκεῖσθαι ἡμᾶς τὸ ναί λέγειν καὶ τὸ οὔ, ἀλλὰ λέγομεν καὶ τὸ περισσὸν τούτων, ἤτοι τοῦ πονηροῦ, τουτέστιν ὀμνύομεν· καὶ οὐδ᾿ οὕτω πείθομεν τοὺς ἀντιλέγοντας καὶ πάλιν ὀμνύομεν, καὶ αὖθις ἀμφισβητοῦσιν ἐκεῖνοι, καὶ ἡμεῖς μειζοτέρους πρὸς τὸ πεῖσαι βεβαίως προσφέρομεν ὅρκους· καὶ ὢ τῆς ζημίας, ὅτι διπλῶς ἀδικούμεθα, ἤτουν καὶ τὴν ἐντολὴν παραβαίνομεν καὶ τὸν ἀπειθῆ ἐκεῖνον πεῖσαι οὐκ ἰσχύσαμεν.","Stefanis 1996","107","107","158","74","d3fa72b0da63d591fa9f303ee1bb8b917c8fd023dacf87a9751fa6ad54aed094","","False","False"
"159","ΣΤ΄","§27","Εἰς τὰς ἁγίας αὖθις ἐντολὰς τοῦ Κυρίου ἡμῶν Ἰησοῦ Χριστοῦ","Καὶ ἔδει λοιπὸν ἡμᾶς, ἔδει, κἂν δι᾿ αὐτὸ πειθαρχεῖν τῷ Δεσπότῃ καὶ μὴ ὅλως ὀμνύειν, κἂν καὶ μεγίστη ἐκπρόκειτο θλῖψις ἕως κεφαλικῆς τιμωρίας· τότε ἂν μᾶλλον ἐπιστεύθημεν παρὰ πᾶσι, τότε ἂν τὴν πρὸς Χριστὸν ἀγάπην ἡμῶν ἐτρανώσαμεν ἔργῳ. Ὁ ἔχων τὰς ἐντολάς μου, φησί, καὶ τηρῶν αὐτάς, ἐκεῖνός ἐστιν ὁ ἀγαπῶν με· ἡμεῖς δὲ τοὐναντίον ἐργαζόμενοι μᾶλλον οὐκ αἰσχυνόμεθα, ὥστε καὶ χωρὶς βίας καὶ χωρὶς ἀνάγκης πολλάκις ὀμνύομεν· ἔστι δ᾿ ὅτε καὶ ψευδῆ τινες ἴσως ὀμνύειν, ὅπερ πάντων ἐστὶν ἐλεεινότερον, ὅτι οἱ μηδ᾿ ἀληθῶς ὀμνύειν ἐνταλθέντες ψευδῶς κατομνύουσι.","Stefanis 1996","107","108","159","88","cd445ff0f6095b8ec542432492962e9c8e7d00e9e15a6e332117c1251bf1683a","","False","False"
"160","ΣΤ΄","§28","Εἰς τὰς ἁγίας αὖθις ἐντολὰς τοῦ Κυρίου ἡμῶν Ἰησοῦ Χριστοῦ","Ταύτην τὴν θείαν ἐντολὴν σὺν ταῖς λοιπαῖς ἔπεισε τηρεῖν ἀκριβῶς τοὺς τῆς πόλεως αὐτοῦ Ἀντιοχείας ὁ θεῖος Χρυσόστομος· καὶ ἦν ἰδεῖν, φησίν, ἐν τῇ πόλει ἐκείνῃ ἄνδρας ὁμοῦ καὶ γυναῖκας καὶ παῖδας καὶ πᾶσαν ἡλικίαν ἁπαξαπλῶς τηροῦντας τὴν ἐντολὴν ὡς θησαύρισμα θεῖον καὶ καθάπερ ἐκ ῥύπου τινὸς τὴν γλῶτταν καθαριεύειν ἐξ ὅρκων σπουδάζοντας ἑλόμενοι μᾶλλον τμηθῆναι τὴν κεφαλὴν ἢ ὅλως ὀμόσαι ποτέ. Ταῦτα διδάσκων ὁ θεῖος ὑποφήτης ἐν τῇ βασιλίδι τῶν πόλεων ἔπεισε καὶ αὐτὴν ζηλῶσαι τὸν τρόπον τῆς Θεουπολιτῶν φυλακῆς. Ἡμεῖς δὲ μυριάκις ὀμνύοντες τῆς ἡμέρας ψευδῶς καὶ ἀληθῶς οὐδ᾿ εἰς ἔννοιαν φέρομεν ὅτι ἁγίαν Χριστοῦ παραβαίνομεν ἐντολήν. Ἀλλὰ φεῖσαι ἡμῶν, Κύριε, φεῖσαι τῷ ἀμετρήτῳ ἐλέει σου ὡς ἀγαθὸς καὶ φιλάνθρωπος. Καὶ τοῦτο μὲν ἅλις.","Stefanis 1996","108","108","160","116","39dc9eed47486fe186e6812464c15dfbc0d73d9a9479c96c185f64647a0079ac","","False","False"
"161","ΣΤ΄","§29","Εἰς τὰς ἁγίας αὖθις ἐντολὰς τοῦ Κυρίου ἡμῶν Ἰησοῦ Χριστοῦ","Ἐντέλλεται δὲ ἐλεημοσύνην καὶ προσευχὴν καὶ νηστείαν μὴ ποιεῖν ἔμπροσθεν τῶν ἀνθρώπων πρὸς τὸ θεαθῆναι αὐτοῖς (ἐπεὶ ἐξ ἀνθρώπων ὁ τοιοῦτος τὸν ἑαυτοῦ ἀπέχει μισθόν, οὐκ ἐκ πατρὸς οὐρανίου), ποιεῖν δὲ τὴν ἐλεημοσύνην δεξιῶς ἐν ταπεινοφροσύνῃ ὅ τι πολλῇ, ὥστε μὴ γινώσκειν ἀριστερὰν δόξαν †τὴν φέρουσαν δόξης δεξιᾶς†· ὁμοίως καὶ τὴν εὐχὴν μὴ προσφέρειν ἐν ῥύμαις πρὸς τὸ θεαθῆναι ἀνθρώποις· ὡσαύτως καὶ νηστείαν ἐπιτελοῦντες μὴ σκυθρωπάζειν τὸ πρόσωπον, καθάπερ οἱ ὑποκριταί, ἀλλ᾿ ἀντὶ σκυθρωποῦ χαριεντῶς μᾶλλον πρὸς τοὺς ὁρῶντας ἔχειν τὸ πρόσωπον καὶ ἀγαθοεργεῖν ἐν κρυπτῷ, καὶ ὁ βλέπων πατὴρ ἐν τῷ κρυπτῷ φανερῶς δώσει τὰς ἀμοιβάς.","Stefanis 1996","108","108","161","97","94f868a05ff7e2b332c60eb811aec1ca20d5aa93a6fd355b1694e85cba138aa5","","False","False"
"162","ΣΤ΄","§30","Εἰς τὰς ἁγίας αὖθις ἐντολὰς τοῦ Κυρίου ἡμῶν Ἰησοῦ Χριστοῦ","Εἰ δέ που μὴ δύναταί τις λαθεῖν τοῦ ποιῆσαι ἐλεημοσύνην ἢ προσεύξασθαι ἢ νηστεῦσαι διὰ πλῆθος ἴσως συναυλίας λαοῦ καὶ ἀπορίαν ταμείου, οὐ χρὴ διὰ ταῦτα εἴργεσθαι τοῦ ἀγαθοῦ, ἀλλὰ καὶ ἐλεημοσύνην καὶ εὐχὴν καὶ νηστείαν ἐπιτελεῖν, ὡς ἐνῆν, κἄν τινες τύχωσι καθορᾶν τὴν τοιαύτην εὐποιΐαν ἡμῶν. Ἔστι γὰρ καὶ κρυπτῶς ποιεῖν τὸ ἀγαθόν τις καὶ καθ᾿ ἑαυτὸν μέγα φρονεῖν· ὅτε γάρ τις ἐργάζεταί τι ἀγαθὸν πρὸς τὸ θεαθῆναι τοῖς ἀνθρώποις καὶ τὴν παρ᾿ αὐτῶν δόξαν θηρᾶται, τότε καὶ τὸν ἑαυτοῦ ἀπέχει μισθόν· ποιῶσι γάρ, φησί, πρὸς τὸ θεαθῆναι τοῖς ἀνθρώποις. Ὅτε δέ τις τὸ καλὸν ἐποίησε καλῶς διὰ μόνον τὸν Θεόν, κἂν ὑπό τινος ἐφωράθη, οὐδὲν παρεβλάβη· βλέπει γὰρ ὁ Θεὸς οὐ τὰ ἐκτὸς μόνον, ὡς οἱ ἄνθρωποι, ἀλλὰ καὶ τὰ τῆς καρδίας ἀπόρρητα καθορᾷ.","Stefanis 1996","108","108","162","126","3c5763b7cf44d57701cc82516b4b548e7bbd6f3e88058c69baed3840f6b23a65","","False","False"
"163","ΣΤ΄","§31","Εἰς τὰς ἁγίας αὖθις ἐντολὰς τοῦ Κυρίου ἡμῶν Ἰησοῦ Χριστοῦ","Προσευχόμενοι δὲ μὴ βαττολογήσητε, φησίν, ὥσπερ οἱ ἐθνικοί· δοκοῦσι γὰρ ὅτι ἐν τῇ πολυλογίᾳ αὐτῶν εἰσακουσθήσονται. Μὴ οὖν ὁμοιωθῆτε αὐτοῖς· οἶδε γὰρ ὁ πατὴρ ἡμῶν ὧν χρείαν ἔχετε πρὸ τοῦ ὑμᾶς αἰτῆσαι αὐτόν. Οὕτως οὖν προσεύχεσθε ὑμεῖς· Πάτερ ἡμῶν ὁ ἐν τοῖς οὐρανοῖς ἁγιασθήτω, δοξασθήτω, τὸ ὄνομά σου, ἐλθέτω ἡ βασιλεία σου ἐφ᾿ ἡμᾶς, ἡ τοῦ παναγίου σου Πνεύματος χάρις· γενηθήτω τὸ θέλημά σου ἐξ ἡμῶν ἐν τῇ γῇ καθάπερ καὶ ἐξ ἀγγέλων ἐν οὐρανῷ· τὸν ἄρτον ἡμῶν τὸν ἐπιούσιον δὸς ἡμῖν, οὐ πολλῶν ἡμερῶν οὐδ᾿ αὐτῆς τῆς ἐναύριον (ἡ γὰρ αὔριον μεριμνήσει τὰ ἑαυτῆς), ἀλλὰ τὸν ἐφήμερον τέως δὸς ἡμῖν σήμερον· καὶ ἄφες ἡμῖν τὰ ὀφειλήματα ἡμῶν, πρὸς σὲ ἁμαρτήματα, ὡς καὶ ἡμεῖς ἀφίεμεν τοῖς ὀφειλέταις, ὁμογενέσιν, ἡμῶν τὰ εἰς ἡμᾶς αὐτῶν ἁμαρτήματα· καὶ μὴ εἰσενέγκῃς ἡμᾶς συγχωρήσας εἰς πειρασμὸν εἰσελθεῖν, βλάβην ψυχῆς, ἀλλὰ ῥῦσαι ἡμᾶς ἀπὸ τοῦ πονηροῦ ἀρχεκάκου καὶ τῆς αὐτοῦ συμμορίας, ὅτι σοῦ ἐστιν ἡ βασιλεία καὶ ἡ δύναμις καὶ ἡ δόξα ὑπὲρ πᾶσαν βασιλείαν καὶ δύναμιν εἰς τοὺς αἰῶνας· ἀμήν.","Stefanis 1996","108","109","163","165","c1ee45f12c3a01a568a4d6e2463dba7c687b56873e923634c22d05d80d27e6f4","","False","False"
"164","ΣΤ΄","§32","Εἰς τὰς ἁγίας αὖθις ἐντολὰς τοῦ Κυρίου ἡμῶν Ἰησοῦ Χριστοῦ","Καθάπερ γὰρ γεωργὸς ἄριστος φιλοπόνως διακαθαίρει τὴν ἄρουρα καὶ βαθεῖαν τέμνει τὴν αὔλακα καὶ ἀκωλύτως καταβάλλει τὰ σπέρματα, οὕτω καὶ ὁ Δεσπότης Χριστὸς τὴν ἡμῶν γεωργῶν σωτηρίαν τὰς ἀρούρας καρδίας φιλοπόνως καθαίρων βιωτικῶν μελημάτων τὴν οὐράνιον σπορὰν προσευχὴν συντόμως κατέσπειρε. Προσευχόμενοι δέ, φησί, μὴ βαττολογήσητε, ὥσπερ οἱ ἐθνικοί· δύο γὰρ ἐγκλήματα εἰς τὴν τοιαύτην εὐχὴν περιτίθησιν, ὅτι βαττολογία καὶ ὅτι ἐθνικοί. Καί· Δοκοῦσι, φησίν, ὅτι ἐν τῇ πολυλογίᾳ αὐτῶν εἰσακουσθήσονται· μὴ οὖν ὁμοιωθῆτε αὐτοῖς.","Stefanis 1996","109","109","164","74","4f2315c3d1320c35273eb98abfc04cf463c4e5a47048d234e20cb95291e96f82","","False","False"
"165","ΣΤ΄","§33","Εἰς τὰς ἁγίας αὖθις ἐντολὰς τοῦ Κυρίου ἡμῶν Ἰησοῦ Χριστοῦ","Καὶ βουλόμενος ὁ ὑπεράγαθος δεῖξαι τί ἐστι βαττολογία ἐπάγει· Οἶδε, φησίν, ὁ πατὴρ ἡμῶν ὧν χρείαν ἔχετε πρὸ τοῦ ὑμᾶς αἰτῆσαι αὐτόν. Ὁπηνίκα γάρ τις προσεύχεται Θεῷ καὶ ἐξαιτεῖται παρ᾿ αὐτοῦ πλοῦτον φθειρόμενον καὶ δόξαν ἐπίκηρον ἢ εὐημερίαν καὶ ῥῶσιν τοῦ σώματος καὶ μακροχρόνιον ζωὴν καὶ ὅσα τῷ φθειρομένῳ βίῳ παρέπεται, ἀναφανδὸν ὁ τοιοῦτος βαττολογεῖ ὥσπερ οἱ ἐθνικοί. Καὶ αὖθις, ἐάν τις βουληθῇ αἰτῆσαι τὸν Θεὸν περὶ τῶν ἀναγκαίων τοῦ σώματος χρειῶν, βρωμάτων δηλαδὴ καὶ πομάτων καὶ ἐνδυμάτων καὶ σκεπασμάτων καὶ τῶν λοιπῶν ἀναγκαίων, οἶδεν ὁ πατὴρ ἡμῶν ὁ οὐράνιος ὧν χρείαν ἔχετε πρὸ τοῦ ὑμᾶς αἰτῆσαι αὐτόν. Ὑμεῖς, φησίν, ἄνθρωποι ὄντες φρονεῖτε ὡς ἄνθρωποι καὶ ἀπατᾶσθε ὡς χρείαν ἔχοντες ὧν ἴσως χρείαν οὐκ ἔχετε, καὶ διὰ τοῦτο αἰτεῖτε πολλάκις καὶ οὐ λαμβάνετε· ὁ δὲ Θεὸς καὶ πατὴρ οἶδεν ὡς Θεὸς ὧν χρείαν ἔχετε πρὸ τοῦ ὑμᾶς αἰτῆσαι αὐτὸν καὶ δώσει ῥᾳδίως καὶ ἀφθόνως τὰ χρειώδη τοῦ σώματος· ὑμεῖς δὲ οὕτω προσεύχεσθε· Πάτερ ἡμῶν ὁ ἐν τοῖς οὐρανοῖς καὶ τὰ ἑξῆς.","Stefanis 1996","109","109","165","161","ea260f7b8485677b7872204a15dd4be42c5edb51e03790a732b5eb3ce4ed7117","","False","False"
"166","ΣΤ΄","§34","Εἰς τὰς ἁγίας αὖθις ἐντολὰς τοῦ Κυρίου ἡμῶν Ἰησοῦ Χριστοῦ","Καὶ ὅρα μοι τῆς Δεσποτικῆς ταύτης εὐχῆς τὸ ὕψος ὁμοῦ καὶ τὸ εὐσύνοπτον, πῶς οὐ φέρει τι τῶν βιωτικῶν πραγμάτων πλὴν ἄρτου καὶ μόνου, καὶ αὐτοῦ ἐφημέρου, καὶ πλεῖον οὐδέν, τὰ δ᾿ ἄλλα πάντα πνευματικὰ καὶ οὐράνια καὶ ἀπηλλαγμένα τῆς γῆς. Τὸ δέ· Μὴ εἰσενέγκῃς ἡμᾶς εἰς πειρασμὸν διπλῆν μοι δοκεῖ, αἰσθητὴν καὶ νοητήν, ἔχει τὴν δύναμιν. Ἡμεῖς δὲ τὴν θείαν καὶ μεγάλην καὶ σωτήριον ταύτην εὐχὴν συνεχῶς φέροντες ἐπὶ στόματος ἀναισθήτως καὶ ἀπροσέκτως ταύτην φθεγγόμεθα. Ἀλλὰ δὸς ἡμῖν ἐν αἰσθήσει καρδίας ταύτην προσφθέγγεσθαι ὁ προτείνας ἡμῖν ταύτην εἰς σωτηρίαν.","Stefanis 1996","109","109","166","90","ee2807676f7d33105c7be01216243ae316107a1455a2122020e85347aa39b0b7","","False","False"
"167","ΣΤ΄","§35","Εἰς τὰς ἁγίας αὖθις ἐντολὰς τοῦ Κυρίου ἡμῶν Ἰησοῦ Χριστοῦ","Εἰ δέ πού τις φαίη διατί ψάλλομεν πλεῖστα καὶ εὐχόμεθα, ἐπεὶ ὁ Δεσπότης προσέταξε μηδόλως πολυλογεῖν ὥσπερ οἱ ἐθνικοί, ἀλλ᾿ οὕτω προσεύχεσθαι· Πάτερ ἡμῶν καὶ τὰ ἑξῆς, φῶμεν ὅτι οὐ περιορίζει ἡμᾶς τό· Πάτερ ἡμῶν λέγειν μόνον καὶ πλὴν τούτου μὴ εὔχεσθαι μηδὲ ψάλλειν, ἀλλ᾿ εὐλογεῖν τὸν Κύριον ἐν παντὶ καιρῷ καὶ τὴν αὐτοῦ αἴνεσιν φέρειν διαπαντὸς ἐπὶ στόματος καὶ προστιθέναι τὸ κατὰ δύναμιν ἐπὶ πᾶσαν αὐτοῦ αἴνεσιν, κατὰ τὸν θεῖον Δαυΐδ, μὴ βαττολογεῖν δὲ καὶ πολυλογεῖν καθάπερ οἱ ἐθνικοὶ διὰ μάταια καὶ ψευδῆ καὶ φθαρτὰ καὶ ἐπίκηρα.","Stefanis 1996","109","110","167","88","2ac11392ccd2864c6604551c2639fc1a82010484639e9df6658bac7def69cbb8","","False","False"
"168","ΣΤ΄","§36","Εἰς τὰς ἁγίας αὖθις ἐντολὰς τοῦ Κυρίου ἡμῶν Ἰησοῦ Χριστοῦ","Καί φησι· Μὴ θησαυρίζετε ὑμῖν θησαυροὺς ἐπὶ τῆς γῆς, ὅπου σὴς καὶ βρῶσις ἀφανίζει καὶ ὅπου κλέπται διορύσσουσι καὶ κλέπτουσι. Οὐκ εἶπε μὴ κτήσηταί τις ποσῶς τι τῶν χρειωδῶν τοῦ σώματος, ἀλλὰ μὴ θησαυρίζετε ὑμῖν χρήματα ἢ ἐνδύματα σηρικὰ καὶ ἀπολλύμενον πλοῦτον καὶ τὰ τούτων ἐφάμιλλα, ἅτινά εἰσι κλεπτῶν καὶ σητῶν ἀναλώματα καὶ πονηρῶν ἐπιχάρματα· τοιαῦτα γὰρ τὰ τῆς γῆς θησαυρίσματα. Τὰ πάντα, φησίν, ἐγένετο ἐκ τοῦ χοὸς καὶ τὰ πάντα ἐπιστρέφει ἐπὶ τὸν χοῦν, καί· Γυμνός, φησὶν Ἰώβ, ἐξῆλθον ἐκ κοιλίας μητρός μου, γυμνὸς καὶ ἀπελεύσομαι ἐκεῖ.","Stefanis 1996","110","110","168","88","bb82d766767c3be721715e45cfecde1a63b880363f6db88fd63ca37ea708a82a","","False","False"
"169","ΣΤ΄","§37","Εἰς τὰς ἁγίας αὖθις ἐντολὰς τοῦ Κυρίου ἡμῶν Ἰησοῦ Χριστοῦ","Καὶ ὁ μακάριος Παῦλος· Ἔχοντες διατροφὰς καὶ σκεπάσματα, τούτοις ἀρκεσθησόμεθα, οἱ δὲ βουλόμενοι πλουτεῖν ἐμπίπτουσιν εἰς πειρασμὸν καὶ παγίδα τοῦ διαβόλου. Πειρασμόν, οἶμαι, τὰς συνεχεῖς περιστάσεις λέγει, ἃς ὑφίστανται νύκτωρ καὶ μεθ᾿ ἡμέραν ἐπαύξειν τὸν πλοῦτον οἱ τούτου ἐρασταί, καὶ νῦν μὲν σπεύδειν καὶ τρέχειν ἐκ πόρων δικαίων, καμάτων ἰδίων, καὶ πλεονεκτημάτων ἀδίκων τοῦτον ἐπαύξειν, νῦν δὲ θλιβόμενον, πειραζόμενον, πλεονεκτούμενον ἐκ τῶν μειζόνων τοῦδε τοῦ βίου. Παγίδα δὲ τοῦ διαβόλου τὸ τῆς κενοδοξίας, οἶμαι, πάθος ἐσήμανε· πέφυκε γὰρ αὕτη τῷ πλούτῳ ἀκολουθεῖν καὶ συνέπεσθαι.","Stefanis 1996","110","110","169","84","509b0a0266733514feb742c2b3686866cd68328195b44ffd31c37df94c3006d9","","False","False"
"170","ΣΤ΄","§38","Εἰς τὰς ἁγίας αὖθις ἐντολὰς τοῦ Κυρίου ἡμῶν Ἰησοῦ Χριστοῦ","Διὸ μὴ θησαυρίζετε ὑμῖν θησαυροὺς ἐπὶ τῆς γῆς, ὅπου σὴς καὶ βρῶσις ἀφανίζει καὶ ὅπου κλέπται διορύσσουσι καὶ κλέπτουσι· θησαυρίζετε δὲ ὑμῖν θησαυροὺς ἐν οὐρανῷ, ἐλεημοσύνην καὶ ἀγάπην, προσευχὴν καὶ νηστείαν καὶ φρόνημα ταπεινόν, ἅτινά εἰσιν ἄσυλος πλοῦτος καὶ ἄφθαρτος, εἰς ἄσυλον ὁμοῦ τόπον καὶ ἄτρεπτον, ὅπου οὔτε σὴς οὔτε βρῶσις ἀφανίζει καὶ ὅπου κλέπται οὐ διορύσσουσιν, οὐδὲ κλέπτουσι· καθαρὸν γὰρ τὸ χωρίον ἐκεῖνο κλεπτῶν καὶ σητῶν καὶ πλεονεκτῶν καὶ δαιμόνων καὶ παντοίων κακῶν, φύλακας δὲ ἔχει ἀκοιμήτους ἐκεῖ καὶ ἀνέσπερον φῶς καὶ ἄδυτον ἥλιον, καὶ οὐ διορύσσουσι κλέπται, οὐδὲ σὴς οὐδὲ βρῶσις ἀφανίζει τὸν θησαυρὸν ἐκεῖνον τὸν ἄφθαρτον.","Stefanis 1996","110","110","170","99","68d9a244f78487852657c27af0619c808119b3db5cbf9fa5b0a9f1f1d4081c97","","False","False"
"171","ΣΤ΄","§39","Εἰς τὰς ἁγίας αὖθις ἐντολὰς τοῦ Κυρίου ἡμῶν Ἰησοῦ Χριστοῦ","Ὅπου γάρ ἐστιν ὁ θησαυρὸς ὑμῶν, ἐκεῖ ἔσται καὶ ἡ καρδία ὑμῶν, κἄντε ἐν οὐρανῷ κἄντε ἐπὶ τῆς γῆς, ἐκεῖ ἔσται καὶ ἡ καρδία ὑμῶν καὶ ἡ ἐλπὶς ὑμῶν καὶ ἡ χαρὰ ὑμῶν καὶ τὸ φρόνημα ὑμῶν. Ἐκεῖ ἔσται τὸ φῶς ἡμῶν, ἄνω, ὅτε θησαυρίσωμεν ἄνω, ἐκεῖ ἔσται τὸ σκότος ἡμῶν, κάτω, ὅτε θησαυρίσωμεν κάτω. Ἐκεῖ ἐθησαύρισαν, κάτω, πολλοὶ καὶ οὐχ εὗρον οὐδέν (θησαυρίζει, φησί, καὶ οὐ γινώσκει τίνι συνάξει αὐτά), ἐκεῖ ἐθησαύρισεν, ἄνω, κάτω περινοστῶν προφητῶν καὶ ἀποστόλων καὶ μαρτύρων καὶ ὁσίων καὶ δικαίων πληθύς, ἐκεῖ τοὺς θησαυροὺς ἐθησαύρισεν, ἐκεῖ τὰς καρδίας ἀπέθετο, ἐκεῖθεν τὸν φωτισμὸν ἐπεσπάσατο· ἀπέρριψε πᾶν χόρτον καὶ ξύλον καὶ καλάμην καὶ ἐθησαύρισεν ἄνω χρυσὸν καὶ ἄργυρον καὶ λίθους τιμίους, κατὰ τὸν θεῖον ἀπόστολον· ἐκεῖ κἀκεῖνοι μετὰ μικρὸν συνηθροίσθησαν, ἐκεῖ ἔνθα τοὺς θησαυροὺς καὶ τὰς καρδίας προεξαπέστειλαν.","Stefanis 1996","110","111","171","131","e8fd9cd8ce000b685beb6ac652365491bcbc76f2283106f4e7ebc275d90c23c1","","False","False"
"172","ΣΤ΄","§40","Εἰς τὰς ἁγίας αὖθις ἐντολὰς τοῦ Κυρίου ἡμῶν Ἰησοῦ Χριστοῦ","Καὶ νῦν πλουτοῦσι πλοῦτον ἀκένωτον, ἀγγελικῆς εὐφροσύνης ἐπαπολαύουσι, Χριστὸν ὁρῶσι τὸν ὑπεράγαθον, Χριστὸν ὁρῶσιν, ὃν ἐπεθύμησαν. Ἐπιθυμίαν ἔχω, φησίν, ἀναλῦσαι καὶ σὺν Χριστῷ εἶναι, καί· Πότε ἥξω καὶ ὀφθήσομαι τῷ προσώπῳ τοῦ Θεοῦ … τῷ ὡραίῳ κάλλει παρὰ τοὺς υἱοὺς τῶν ἀνθρώπων.","Stefanis 1996","111","111","172","42","bb7e9342602e8cc504ce2a9c078336dacf8bf325312c9de7718db18482c78d4a","","False","False"
"173","ΣΤ΄","§41","Εἰς τὰς ἁγίας αὖθις ἐντολὰς τοῦ Κυρίου ἡμῶν Ἰησοῦ Χριστοῦ","Οἶδας θησαυριστάς, οἶδας θησαυρὸν οἷον καὶ ὅσον καὶ ποῦ; οἶδας φύλακας καὶ χώραν ἄσυλον, ἀνεπίβατον κλέπταις, καὶ ἄδυτον ἥλιον; Δῴη ἡμῖν οὖν Κύριος ἐκεῖ θησαυρίζειν, ἐκεῖ τὴν καρδίαν ἔχειν ἀνεπιστρόφως, ἐκεῖ φαντάζεσθαι διαπαντὸς ἡμέρας καὶ νυκτός, ἐκεῖ κουφισθῆναι τὸν νοῦν, ἐκεῖ ἀτενίσαι τὸ τῆς διανοίας ὄμμα τρανῶς, ἵνα σπεύσωμεν ἐκεῖ θησαυρίσαι καὶ τὰς καρδίας ἡμῶν ἐκεῖ καταπῆξαι.","Stefanis 1996","111","111","173","57","58899c7c68acdaba891946d656dca60f724dccef5bfce4c3af23ecb10f8c775c","","False","False"
"174","ΣΤ΄","§42","Εἰς τὰς ἁγίας αὖθις ἐντολὰς τοῦ Κυρίου ἡμῶν Ἰησοῦ Χριστοῦ","Γενήσεται δὲ τοῦτο, ἐὰν τὰς θείας τηρήσωμεν ἐντολὰς τοῦ Κυρίου καὶ Θεοῦ καὶ Σωτῆρος ἡμῶν Ἰησοῦ Χριστοῦ· διότι· Πισταὶ πᾶσαι αἱ ἐντολαὶ αὐτοῦ, κατὰ τὸν θεῖον Δαυΐδ, καί· Μακάριος ἀνὴρ ὁ φοβούμενος τὸν Κύριον, ὅτι ἐν ταῖς ἐντολαῖς αὐτοῦ θελήσει σφόδρα, καί· Ἐκκλίνατε ἀπ᾿ ἐμοῦ, λογισμοὶ πονηροί, καὶ ἐξερευνήσω τὰς ἐντολὰς τοῦ Θεοῦ μου· διότι· Πᾶσαι αἱ ἐντολαί σου, Δέσποτα, δικαιοσύνη, καὶ διὰ τοῦτο· Συνέτισόν με, καὶ μαθήσομαι τὰς ἐντολάς σου, ὅτι· Σὺ ἐνετείλω τὰς ἐντολάς σου φυλάξασθαι, καί· Τότε οὐ μὴ αἰσχυνθῶ ἐν τῷ με ἐπιβλέπειν ἐπὶ πάσας τὰς ἐντολάς σου. Καὶ μυρίας εὕροι τις ἂν μαρτυρίας Δαυϊτικὰς εἰς τὰς θείας ταύτας καὶ ἁγίας ἐντολὰς τοῦ Σωτῆρος ἡμῶν Ἰησοῦ Χριστοῦ.","Stefanis 1996","111","111","174","111","71a20db0e292e11a9df7eeea677cb2b8d171487337253f57be015162de7c208e","","False","False"
"175","ΣΤ΄","§43","Εἰς τὰς ἁγίας αὖθις ἐντολὰς τοῦ Κυρίου ἡμῶν Ἰησοῦ Χριστοῦ","Γένοιτο δὲ πάντας ἡμᾶς μήποτε ταύτας ἐπιλαθέσθαι, ἀλλ᾿ ἐν παντὶ καιρῷ καὶ τόπῳ καὶ πράγματι φέρειν αὐτὰς ἐν διανοίᾳ καὶ ἔργῳ ἐκπληροῖν, ἵνα καὶ τὴν ἰδίαν ὁ ἐντειλάμενος ἀψευδῆ ὑπόσχεσιν ἐκπληρώσῃ. Ποίαν δὴ ταύτην; Ὁ ἀγαπῶν με, φησί, τὸν λόγον μου τηρήσει, καὶ ὁ πατήρ μου ἀγαπήσει αὐτόν, καὶ πρὸς αὐτὸν ἐλευσόμεθα καὶ μονὴν παρ᾿ αὐτῷ ποιησόμεθα.","Stefanis 1996","111","111","175","57","15c3ff152dcf62c68c5abbe028315d7f6e89d2c0e7a157bb87143888476e01a1","","False","False"
"176","ΣΤ΄","§44","Εἰς τὰς ἁγίας αὖθις ἐντολὰς τοῦ Κυρίου ἡμῶν Ἰησοῦ Χριστοῦ","Γένοιτο οὖν, Κύριε, ἡ ἀψευδής σου αὕτη ὑπόσχεσις καὶ εἰς ἡμᾶς πληρωθῆναι χάριτι καὶ φιλανθρωπίᾳ τῆς εἰς ἡμᾶς σου πολλῆς ἀγαθότητος, ᾗ πρέπει πᾶσα δόξα, τιμὴ καὶ προσκύνησις ἅμα τῷ ἀνάρχῳ Πατρί σου καὶ τῷ συναϊδίῳ καὶ ἀγαθῷ καὶ ζωοποιῷ σου Πνεύματι νῦν καὶ ἀεὶ καὶ εἰς τοὺς αἰῶνας τῶν αἰώνων· ἀμήν. ΤΟΥ ΑΥΤΟΥ ΕΓΚΛΕΙΣΤΟΥ ΜΟΝΑΧΟΥ ΝΕΟΦΥΤΟΥ","Stefanis 1996","111","111","176","57","f9d8ef6098d83d9ec25d0a602b198cd432fe7ee79d3977bd26b3e0b9fd33c2e9","","False","False"
"177","Ζ΄","§1","Εἰς τὰς ἁγίας ἐντολὰς τοῦ Κυρίου ἡμῶν Ἰησοῦ Χριστοῦ","Ζητεῖ λοιπὸν ὁ λόγος ἡμῖν ὁ ἕβδομος ἁρμοδίως λέγειν τὰ κατ᾿ αὐτόν· καὶ ὥσπερ ἀνέμνησεν ὁ πρὸ αὐτοῦ τὰς ἁγίας ἐντολὰς τοῦ Σωτῆρος ἡμῶν καὶ Θεοῦ Ἰησοῦ Χριστοῦ, οὕτω καὶ αὐτὸς τὰς ἑξῆς. Ἀνέμνησε γὰρ ἐκεῖνος ὅτι δεῖ τὰς γραφὰς ἐρευνᾶν καὶ ὅτι μὴ ἔχειν μάχας καὶ σκάνδαλα καὶ εἰς κριτήριον ἕλκεσθαι, εἰ δέ που καὶ τοῦτο συμβαίη, ἐν τῇ ὁδῷ εἰρηνικῶς διαλλάττεσθαι (ἴσθι, φησίν, εὐνοῶν τῷ ἀντιδίκῳ σου ταχύ, ἕως ὅτου εἶ ἐν τῇ ὁδῷ μετ᾿ αὐτοῦ)· καὶ ὅτι, ἐὰν κέκτηταί τις πρᾶγμα ἢ συγγενὴν καὶ ἔχει αὐτὸ ὡς ὀφθαλμὸν ἢ ὡς χεῖραν δεξιά, σκανδαλίζει δὲ αὐτὸν καὶ εἰς ἀπώλειαν ἕλκει, δεῖ ἐκκόπτειν αὐτὸ ἀπ᾿ αὐτοῦ· καὶ κατὰ ποίαν αἰτίαν δεῖ τοὺς νομίμους συνεύνους τὸ συνοικέσιον λύειν καὶ ὅτι οὐ δεῖ ὅλως ὀμνύειν ὅρκον τινά, ἀλλὰ τὸ ναί ἀποκρίνεσθαι καὶ τὸ οὔ, ὅτι τὸ τούτων πλεῖον ἔστι τοῦ πονηροῦ· καὶ πῶς δεῖ ποιεῖν τὴν ἐλεημοσύνην καὶ προσευχὴν καὶ νηστείαν καὶ μὴ θησαυρίζειν ἐπὶ τῆς γῆς διὰ τὸ εὔσυλον, ἀλλὰ θησαυρίζειν ἐν οὐρανῷ διὰ τὸ ἄσυλον. Ταύτας τὰς θείας ἐντολὰς καὶ τὰ περὶ αὐτὰς ὁ ἕκτος λόγος διαλεχθεὶς ἔδωκε πέρας.","Stefanis 1996","111","112","177","180","b59945e25e6b80637f0088b6e1962bd6b9306f8ad07f0a20a76601b5d499e335","","False","False"
"178","Ζ΄","§2","Εἰς τὰς ἁγίας ἐντολὰς τοῦ Κυρίου ἡμῶν Ἰησοῦ Χριστοῦ","Ὁ δὲ παρὼν ἕβδομος ὢν ζητεῖ λέγειν τὰ κατ᾿ αὐτόν· οἷα γὰρ ἀναπαύσιμα τὰ ἕβδομα εἶναι πεφύκασιν, ὑπισχνεῖται καὶ αὐτὸς λέγειν ἀνάπαυσιν. Πῶς δέ ἐστιν ἀναπαύσιμος ὁ αὐτὸς δηλώσει προϊών, ἐπεὶ περὶ ζώντων, οὐ περὶ τεθνεώτων, λέγειν ἐπείγεται, καθότι ἕβδομος ὢν καὶ αὐτὸς καὶ τὸ τούτου κεφάλαιον ἕβδομον· καὶ τὴν ἑβδόμην ἡμέραν ηὐλόγησεν ὁ Θεὸς καὶ ἡγίασεν αὐτήν, ὅτι ἐν αὐτῇ κατέπαυσεν ἀπὸ τῶν ἔργων αὐτοῦ καὶ ἐν τῇ ἡμέρᾳ τῇ ἑβδόμῃ κατέπαυσεν ἑκὼν ἐν τῷ τάφῳ Χριστὸς ὁ Σωτὴρ ἡμῶν καὶ Θεός, εἰς ὃν καὶ ἀναπεπαῦθαι λέγεται πνεύματα ἑπτὰ τοῦ Θεοῦ, πνεῦμα σοφίας καὶ συνέσεως, πνεῦμα βουλῆς καὶ ἰσχύος, πνεῦμα γνώσεως καὶ εὐσεβείας, καὶ πνεῦμα, φησί, φόβου Θεοῦ ἐμπλήσει αὐτόν.","Stefanis 1996","112","112","178","111","5075fa8f3c9b3330bf7ff0538f3414df1e05fa5fe2fdb4ebb6dc49e0264358a9","","False","False"
"179","Ζ΄","§3","Εἰς τὰς ἁγίας ἐντολὰς τοῦ Κυρίου ἡμῶν Ἰησοῦ Χριστοῦ","Γένοιτο οὖν, Κύριε, τῶνδε τῶν ἐνεργειῶν τοῦ παναγίου σου Πνεύματος μία ῥανὶς ἐφ᾿ ἡμᾶς εἰς τὸ καταυγάσαι ἐξερευνᾶν τὰς σωτηρίους σου ἐντολάς, καὶ τὸν νοῦν ἡμῶν τὸν λίαν ὑπνηλότατον ἀφυπνίσει καὶ θερμανεῖ τὴν καρδίαν καὶ τὴν γλῶτταν τρανῶς ἐνισχύσει καὶ σθενώσει τὴν χεῖρα εἰς τὸ λέγειν καὶ γράφειν καὶ πράττειν πάντα τὰ εὐάρεστά σοι, ὡς ἂν καὶ οὗτος ὁ ἑβδοματιαῖος λόγος τῶν σωστικῶν ἐντολῶν σου πέρας θεῖον εἰσδέξηται.","Stefanis 1996","112","112","179","68","c5b9accde628a660d6fd391a7f030b3b94959f365c71540a2d14e12d18f2221d","","False","False"
"180","Ζ΄","§4","Εἰς τὰς ἁγίας ἐντολὰς τοῦ Κυρίου ἡμῶν Ἰησοῦ Χριστοῦ","Ἐπεὶ οὖν καὶ ὁ παρὼν ἕβδομος αἰὼν τὰ τελευταῖα ἤδη βαδίζει, ἀδελφοί, ὡς ὁρᾶτε, ἓξ καὶ δέκα χρόνοι πρὸς τοῖς τριακοσίοις καταλειφθέντα (ὡσανεί τις καὶ σαφέστερον εἴποι, παρῆλθεν ἡ ἑξάδα τῶν ἡμερῶν καὶ εἰσῆλθεν ἡ ἑβδόμη, τουτέστι τὸ Σάββατον, καὶ τοῦτο ἤδη παρῆλθε τριῶν ὡρῶν καὶ στιγμῆς ἡμίσου καὶ μιᾶς καταλειφθείσης), καὶ νῦν ἤδη ἐπιφάσκει ἡ ἐπιφανὴς καὶ μεγάλη ἐκείνη τοῦ Κυρίου ἡμέρα, καὶ ἡμεῖς ὡς ἀθάνατοι ἀμερίμνως διάγομεν, τὸ τέλος ἐγγίζει, καὶ ἡμεῖς οὐ φροντίζομεν, ὁ κριτὴς παραγίνεται, καὶ ἡμεῖς ἀποφεύγομεν, τὸ σημεῖον αὐτοῦ ἤδη τρανῶς ἐπιφαίνεται, καὶ ἡμεῖς πρὸς αὐτὸν ἀτενίσαι οὐ θέλομεν.","Stefanis 1996","112","112","180","95","d8701cb9abda30c41c603fdd0bd2ec67da74a6d8bec67126dc82d9eb6b210374","","False","False"
"181","Ζ΄","§5","Εἰς τὰς ἁγίας ἐντολὰς τοῦ Κυρίου ἡμῶν Ἰησοῦ Χριστοῦ","Ἄνω πρὸς οὐρανὸν ὁ ὑπεράνω τῶν οὐρανῶν συγκαλεῖ ἡμᾶς ὡς φιλάνθρωπος, καὶ ἡμεῖς κάτω ἐν λάκκῳ κατωτάτῳ τῶν ὀλεθρίων παθῶν βρίθοντες μολίβδου φύσιν μιμεῖσθαι ἀγωνιζόμεθα· ἄνω ἡμᾶς ἀτενίζειν ἐφίεται καὶ τὸ πολίτευμα ἡμῶν ἐν οὐρανῷ ἔχειν ἀπαρασάλευτον βούλεται, ἐξ οὗ καὶ σωτῆρα τοῦτον ἀπεκδεχόμεθα, καὶ κάτω ἡμεῖς δίκην ὄφεως ἕρποντες τῷ βίῳ καὶ τῷ σαρκίῳ θεραπεύειν διὰ πλείστης ἐφέσεως ἔχομεν. Τὰ ἄνω ζητεῖν, τὰ ἄνω φρονεῖν, τὰ ἄνω ἐπιθυμεῖν, τὰ ἄνω φαντάζεσθαι διά τε νοεροῦ καὶ αἰσθητοῦ ὀφθαλμοῦ ὁ Δεσπότης ἡμᾶς θέλει ὡς εὔσπλαγχνος, ἡμεῖς δὲ τὰ τούτων ἐναντία πράττοντες πονηρῶς βλέπειν τὰ κάτω ἠθίσαμεν.","Stefanis 1996","112","113","181","95","b93cd52a48762310fd27a41c88ba7e96a6855e4e8c63aa6d5e14bd1170ff7b2f","","False","False"
"182","Ζ΄","§6","Εἰς τὰς ἁγίας ἐντολὰς τοῦ Κυρίου ἡμῶν Ἰησοῦ Χριστοῦ","Καὶ βουλόμενος ἁπλοῦν καὶ ἀπόνηρον ἡμᾶς κεκτῆσθαι ὀφθαλμὸν ὁ φύσει ἀγαθώτατος ἔλεγεν· Ἐὰν ὁ ὀφθαλμός σου ἁπλοῦς ᾖ, ὅλον τὸ σῶμά σου φωτεινὸν ἔσται· ἐὰν δὲ ὁ ὀφθαλμός σου πονηρὸς ᾖ, ὅλον τὸ σῶμά σου σκοτεινὸν ἔσται· εἰ οὖν τὸ φῶς τὸ ἐν σοὶ σκότος ἐστί, τὸ σκότος πόσον;","Stefanis 1996","113","113","182","49","4faa184512ed0daad972030271f6336a3dcc3b082fef31d4cfee746750059308","","False","False"
"183","Ζ΄","§7","Εἰς τὰς ἁγίας ἐντολὰς τοῦ Κυρίου ἡμῶν Ἰησοῦ Χριστοῦ","Διατί οὐκ εἶπεν ὅτι διὰ τὴν τοῦ σοῦ ὀφθαλμοῦ ἁπλότητα ἢ πονηρίαν ὅλον τὸ πνεῦμά σου φωτεινόν ἐστιν ἢ σκοτεινόν ἐστιν, ἀλλὰ τὸ πνεῦμα καταλιπών, δηλαδὴ τὴν ψυχήν, εἶπε περὶ τοῦ σώματος ὅτι ποιεῖ αὐτὸ φωτεινὸν ὁ ἁπλοῦς ὀφθαλμός, ὁ δὲ πονηρὸς ὀφθαλμὸς σκοτεινὸν τοῦτο ἀποτελεῖ; Τοῦτο εἶπεν, ἵνα ἡμεῖς ἀκούσωμεν καὶ θαυμάσωμεν ἅμα καὶ φρίξωμεν· καὶ θαυμάσωμεν μὲν διανοούμενοι ὅτι, εἰ τὸ σῶμα οἶδε φωτίζειν ὁ ἁπλοῦς ὀφθαλμός, πόσῳ γε μᾶλλον τοῦ σώματος ἐκείνου ἡ ψυχὴ φωτίζεται καὶ φαιδρύνεται, φρίξωμεν δὲ πάλιν διανοούμενοι ὅτι, εἰ τὸ σῶμα σκοτεινὸν ἀπεργάζεται ὁ πονηρὸς ὀφθαλμός, πόσῳ γε μᾶλλον σκοτίζεται ἡ ψυχὴ ἐκείνη τοῦ σώματος.","Stefanis 1996","113","113","183","102","adbad2b9aa5a3f8b27b4abeca1f65096cd92fd9409ec0c6227917f8af179657d","","False","False"
"184","Ζ΄","§8","Εἰς τὰς ἁγίας ἐντολὰς τοῦ Κυρίου ἡμῶν Ἰησοῦ Χριστοῦ","Καὶ ποταπὸς ἄρα ἐστὶν ἐκεῖνος ὁ ἁπλοῦς ὀφθαλμός, ὅτι καὶ τὸ σῶμα φωτίζει καὶ τὴν ψυχὴν καὶ τὰς φρένας, ποταπὸς δὲ ὁ πονηρός, ὅτι καὶ τὸ σῶμα ποιεῖ σκοτεινὸν καὶ τὴν ψυχὴν καὶ τὸ φρόνημα; Ἁπλοῦς ἐκεῖνός ἐστιν ὀφθαλμός, ὁ ἀπερίεργος, ὁ βλέπων τὰ κτίσματα τοῦ Θεοῦ καὶ δοξάζων τὸν κτίσαντα· ὁ δὲ τοιοῦτος, κἂν εὐειδὲς κάλλος θεάσηται, οὐ συμπίπτει τοῖς λογισμοῖς, ἀλλ᾿ εὐθὺς ἀνάγει τὸν νοῦν εἰς ἕτερον κάλλος καὶ φαντάζεται ἐκ τοῦ ὁρωμένου τὸ μὴ ὁρώμενον, τουτέστιν ἢ τὸν ὡραῖον κάλλει παρὰ τοὺς υἱοὺς τῶν ἀνθρώπων Χριστὸν τὸν Θεὸν ἡμῶν ἢ τὴν ὡραιότητα τῶν ἀγγελικῶν ἐκείνων δυνάμεων ἢ τὸ κάλλος τῆς βασιλείας τὸ ἀνέκφραστον ἢ τὸ φῶς ἐκεῖνο τὸ ἀνέσπερον ἢ ἄλλο τι τῶν ἐκεῖ ἀγαθῶν.","Stefanis 1996","113","113","184","118","9d83e6469bdd04ea9d0a7b922657373e7249d013c74c0cef6155f5d3c52e5705","","False","False"
"185","Ζ΄","§9","Εἰς τὰς ἁγίας ἐντολὰς τοῦ Κυρίου ἡμῶν Ἰησοῦ Χριστοῦ","Εἰ δέ που μὴ δύναταί τις τὸ τῆς διανοίας ὄμμα ἀνάγειν ἐκεῖσε καὶ βλέψαι τὰ εἰρημένα, ἀλλὰ συμπίπτει τῷ κάλλει τῷ αἰσθητῷ, δεῖ μνησθῆναι κἂν τῶν γνωρίμων, οἷον μνήμην θανάτου ἢ πεπληγότας καὶ τραυματίας τινὰς καὶ λωβοὺς καὶ ἕλκει διαρρέοντας, ἢ ὅτι τὸ νῦν ὁρώμενον εὐειδέστατον κάλλος δυσειδέστατον καὶ σκωλήκων βρῶμα γενήσεται. Εἰ δ᾿ ἴσως οὐ δύνασαι, μᾶλλον δὲ οὐ βούλει ταῦτα διανοηθῆναι καὶ διακροῦσαι τὴν τοῦ κάλλους ἐπιθυμίαν, κἂν πεῖσον τὸν λογισμὸν ὅτι ἡ παροῦσα γυνὴ μήτηρ μού ἐστιν ἢ ἀδελφή μου ἢ θυγάτηρ μού ἐστι, καὶ νικήσεις τὸ πάθος, ἐπεὶ οὐδεὶς ἐμπαθῶς ἀγαπᾷ ἢ ἐπιθυμεῖ τὴν ἰδίαν μητέρα ἢ ἀδελφὴν ἢ θυγατέρα, κἂν σφόδρα ἐστὶν εὐειδής.","Stefanis 1996","113","113","185","108","6146ca179f89900c956d2c4aec8bcc626bd1716c439a90cfd7aec80936e2aad7","","False","False"
"186","Ζ΄","§10","Εἰς τὰς ἁγίας ἐντολὰς τοῦ Κυρίου ἡμῶν Ἰησοῦ Χριστοῦ","Ἔχω δὲ καὶ ἕτερον εἰπεῖν θαυμασιώτερον, καὶ ἀπιστείτω μηδείς· πείρᾳ γὰρ σὺν Θεῷ τοῦτο μεμάθηκα· δύναται γάρ τις συνεργίᾳ θείᾳ καὶ χάριτι πεῖσαι τὸν λογισμὸν ὅτι ἡ παροῦσα γυνὴ ἄγγελος Θεοῦ ἐστι, καὶ δεῖ με τρέμειν λοιπὸν τὸν θάνατον, οὐ μέντοι ἐπιθυμεῖν αὐτὴν ἐμπαθῶς, ἀλλὰ μᾶλλον φοβεῖσθαι αὐτὴν ὡς ἀγγέλου φανέντος.","Stefanis 1996","113","113","186","51","281b969374e5d95fc5f77bc0a5f7321725deb854062741a094f4c52243e0cd7a","","False","False"
"187","Ζ΄","§11","Εἰς τὰς ἁγίας ἐντολὰς τοῦ Κυρίου ἡμῶν Ἰησοῦ Χριστοῦ","Ὅτι δὲ δύναταί τις σὺν Θεῷ εἰς ὃ βούλεται πεῖσαι τὸν λογισμὸν βεβαιώσω καὶ τοῦτο σαφέστατα· ἤκουσα γάρ τινος φιλαλήθως πρός με εἰρηκότος ὅτι· Πρὸ ὀλίγων ἡμερῶν, φησί, περὶ τρίτην ὥραν τῆς ἡμέρας ἔτυχον μεταγγίζειν ἐξ ἀγγείου εἰς ἕτερον ἄγγος σὺν κηρίῳ μέλι· ἦν δὲ λευκὸν καὶ κατάμελον, ὥστε δυνάμενον διεγεῖραι τὴν ὄρεξιν ὡς ὡραῖον εἰς ὅρασιν καὶ καλὸν εἰς βρῶσιν· καὶ εἷλκέ με ὁ λογισμὸς πρὸ τοῦ ποιῆσαι τὴν σύναξιν λαβεῖν καὶ φαγεῖν ἢ κἂν τῷ λιχανῷ λεῖξαι δακτύλῳ, καὶ ἀντεῖπον τῷ λογισμῷ· Ἐὰν ἄρα καὶ γυνὴ εὐειδὴς τύχῃ κατ᾿ ὄψιν ἡμῶν, λοιπὸν κἀκείνην ἐπιθυμήσωμεν; Οὔ, φησὶν ὁ λογισμός, ἄλλο τὸ μέλι καὶ ἄλλο ἡ γυνή. Καὶ εἶπον τῷ λογισμῷ· Καὶ μάλα εἰκότως· μέλι γὰρ ἀποστάζει ἀπὸ χειλέων γυναικὸς πόρνης καὶ προσφάτως λιπαίνει τὸν φάρυγγα καὶ εἶθ᾿ οὕτω «πικροτέρας χολῆς ποιεῖται τὰς ἀναδόσεις». Ὡς δὲ ἡ ὄψις τοῦ μέλιτος καὶ ἡ εὐωδία πρὸς βρῶσι καθεῖλκε τὸν λογισμόν, εἶπον πρὸς ἐμαυτὸν ὅτι τοῦτο τὸ μέλι πικρόν ἐστι πάνυ, καὶ οὐ δύναμαι τούτου ἄρτι προσγεύσασθαι· καὶ ἔπεισα, φησί, τὸν λογισμὸν σὺν Θεῷ, καὶ ἐπείσθη ὅτι πικρόν ἐστι καὶ πρὸς βρῶσιν ἀδόκιμον.","Stefanis 1996","113","114","187","180","53727f61224e33716cba9382c2d41a4388a0e8c7d8f0034f98f5c57c4ac33e71","","False","False"
"188","Ζ΄","§12","Εἰς τὰς ἁγίας ἐντολὰς τοῦ Κυρίου ἡμῶν Ἰησοῦ Χριστοῦ","Καί γε τεθαύμακα ἔγωγε τοῦτο ἀκηκοώς, ὅτι, εἰ καὶ τὸ γλυκύτατον μέλι παρὰ πάντα τὰ ἐδέσματα δύναταί τις πεῖσαι τὸν λογισμὸν εἶναι πικρόν, τίς οὐκ ἂν δυνηθείη πείθειν ἑαυτὸν ὅτι ἡ παροῦσα γυνὴ μήτηρ μού ἐστιν ἢ ἀδελφή μου ἢ θυγάτηρ μου ἢ ἄγγελος Θεοῦ ἐστι, καὶ τὸ τέλος λοιπὸν ἔφθασε τῆς ἐμῆς ζωῆς καὶ ἀνέτοιμος πέλω καὶ ὑπάγω πρὸς τὸν κριτὴν ὡς ὑπεύθυνος; Ὢ τῆς ζημίας· καλῶς γὰρ ἔλεγεν ὁ Σωτὴρ ἡμῶν καὶ Θεὸς καὶ Δεσπότης ὅτι· Ἐὰν ὁ ὀφθαλμός σου ἁπλοῦς ᾖ, ὅλον τὸ σῶμά σου φωτεινὸν ἔσται· ὁ γὰρ τοιοῦτος ἁπλοῦς ὀφθαλμὸς πάντα βλέπει καλῶς ὡς ἔργα Θεοῦ καὶ δοξάζει αὐτόν.","Stefanis 1996","114","114","188","104","47c62a436d2585dfa6c77fb43ac62980ec1b57622e83c69a35920811fd8d0151","","False","False"
"189","Ζ΄","§13","Εἰς τὰς ἁγίας ἐντολὰς τοῦ Κυρίου ἡμῶν Ἰησοῦ Χριστοῦ","Ὅτε γὰρ ὁ ἁπλοῦς ὀφθαλμὸς θεάσηται βασιλέα καὶ διάδημα καὶ δορυφόρων πληθὺν καὶ δαψιλῆ πλοῦτον καὶ πολλοὺς τιμωμένους καὶ τῷ βασιλικῷ παρεδρεύοντας θρόνῳ καὶ τιμωμένους ὡς υἱοὺς ἅμα καὶ συγγενεῖς καὶ φίλους γνησίους, ἑτέρους δὲ μακρόθεν ἑστῶτας μηδεμίαν ἔχοντας παρρησίαν καὶ ἄλλους ἐκδιωκομένους, μὴ ἐλθεῖν εἰς ὄψιν τοῦ βασιλέως, καὶ ἑτέρους πάσχοντας καὶ πολλὰ δεινὰ πεπονθότας ὡς ὑπευθύνους, ἐντεῦθεν βλέπει ἀναφανδὸν τὸν βασιλέα τῆς δόξης.","Stefanis 1996","114","114","189","65","2d561ebca4418654f5fde943473d6944990ca01f17f3b569845568f07ebb02ab","","False","False"
"190","Ζ΄","§14","Εἰς τὰς ἁγίας ἐντολὰς τοῦ Κυρίου ἡμῶν Ἰησοῦ Χριστοῦ","Ὡσαύτως καὶ ὁ τυχὼν εἰς πραιτώριον καὶ βλέπων τὸν ἡγεμόνα καὶ πάντα τὰ παραπλήσια τῶν ἀνωτέρω ῥηθέντων. Ὁμοίως καὶ ὁ βλέπων γάμους καὶ νυμφοστόλους καὶ συμφωνίαν ὀργάνων μελῳδικήν, μέμνηται καὶ αὐτὸς τῶν γάμων ἐκείνων τῶν παναγίων καὶ κατ᾿ ἀλήθειαν γάμων, τῶν παστάδων καὶ τοῦ ἀθανάτου νυμφίου.","Stefanis 1996","114","114","190","46","ffd0799de07ac4bb2dee8e01b946460865c5e820ef1d988905a919d784dfdb0d","","False","False"
"191","Ζ΄","§15","Εἰς τὰς ἁγίας ἐντολὰς τοῦ Κυρίου ἡμῶν Ἰησοῦ Χριστοῦ","Καὶ ὁ παραβάλλων εἰς φαιδρὰς καὶ δημοτελεῖς ἑορτὰς καὶ βλέπων ναοῦ εὐκοσμίαν καὶ φωταυγίαν καὶ τάξιν καὶ στάσιν καὶ μελῳδίας εὐήχους, οὐκ ἐντεῦθεν καθορᾷ ὁ ἁπλοῦς ὀφθαλμὸς ναὸν οὐράνιον καὶ πρωτοτόκων πανήγυριν καὶ ἀγγελικὴν τρισάγιον μελῳδίαν τὴν πάντα νοῦν ὑπερέχουσαν; Καὶ ταῦτα μὲν καὶ τὰ τούτοις ἐφάμιλλα τοῦ ἁπλοῦ ὀφθαλμοῦ τὰ γνωρίσματα, περὶ οὗ ὁ Δεσπότης ἀπεφήνατο ὅτι· Ἐὰν ὁ ὀφθαλμός σου ἁπλοῦς ᾖ, ὅλον τὸ σῶμά σου φωτεινὸν ἔσται.","Stefanis 1996","114","114","191","70","5896804fc5ffcf1f677570337841b128eae91c3722529cf030370caca41f547b","","False","False"
"192","Ζ΄","§16","Εἰς τὰς ἁγίας ἐντολὰς τοῦ Κυρίου ἡμῶν Ἰησοῦ Χριστοῦ","Τοῦ πονηροῦ δὲ ὀφθαλμοῦ τὰ γνωρίσματά εἰσι ταῦτα· ὁπηνίκα γὰρ ὁ τοιοῦτος γένηται θεατὴς προσώπου εὐειδεστάτου, θᾶττον ἐπιθυμεῖ ἐμπαθῶς καὶ τῇ καρδίᾳ μοιχεύει, ὅτε δὲ βασιλέων καὶ ἡγεμόνων θεάσηται πλοῦτον καὶ δόξαν καὶ τάξιν καὶ στάσιν, ἐπιθυμεῖ καὶ αὐτὸς αὐτοῖς ἰσωθῆναι καὶ μεθέξαι τοῦ πλούτου καὶ τῆς δόξης αὐτῶν τῆς προσκαίρου, ἵνα σωματικῆς καὶ ἐπικήρου ἀπολαύσῃ καὶ αὐτὸς δόξης καὶ πλούτου· ὅτε δὲ καὶ γάμους θεάσεται καὶ μέλος ἀκούσει συμφωνίας ὀργάνων μουσικῶν, ἑτέρας ἔχει ἐκεῖνος ἐπιθυμίας αἰσχράς· ἐὰν δὲ καὶ πρὸς δημοτελεῖς ἑορτὰς παραγένηται, δύο ἔχει φροντίδας, πῶς ἐμπλήσῃ γαστέρα βρωμάτων καὶ πῶς ἐμπλήσῃ ὀφθαλμοὺς κάλλει προσώπων.","Stefanis 1996","115","115","192","97","dc17179587001a132d2043d7318e744da0219e5bbf93375bdc2a2fedd5834fb0","","False","False"
"193","Ζ΄","§17","Εἰς τὰς ἁγίας ἐντολὰς τοῦ Κυρίου ἡμῶν Ἰησοῦ Χριστοῦ","Καὶ αὖθις, ὁπηνίκα θεάσηται δένδρων εὐκαρπίαν ἢ εὐθηνούσας ἀμπέλους βότρυας ἔχοντας πεπείρους, σπεύδει συλῆσαι ἢ πλεονεκτῆσαι. Καὶ ἵνα συντόμως εἴπω, πάντα τοῦ ἁπλοῦ ὀφθαλμοῦ τἀναντία ὁ πονηρὸς κέκτηται ὀφθαλμός, περὶ οὗ εἴρηκεν ὁ Δεσπότης ὅτι· Ἐὰν ὁ ὀφθαλμός σου πονηρὸς ᾖ, ὅλον τὸ σῶμά σου σκοτεινὸν ἔσται.","Stefanis 1996","115","115","193","47","3a072ea9935833f54c1b39c8d084f20ea6bf73bf33cfc9a4239b3e6d0e0f160c","","False","False"
"194","Ζ΄","§18","Εἰς τὰς ἁγίας ἐντολὰς τοῦ Κυρίου ἡμῶν Ἰησοῦ Χριστοῦ","Ἁπλοῦν ὀφθαλμὸν ὁ σώφρων Ἰωσὴφ ἐκέκτητο καὶ γέγονε φωτεινὸς καὶ μυστηρίων ἀρρήτων ἐξηγητής, πονηρὸν δ’ ἔχουσα ὀφθαλμὸν ἡ τούτου κυρία γέγονε σκοτεινή, καὶ ἐψεύσατο ἡ ἀδικία ἑαυτῇ συκοφαντοῦσα τὸν σώφρονα ὡς μοιχὸν καὶ ὡς ὑπεύθυνον τὸν ἀνεύθυνον ἐν φρουρᾷ κατεδίκασε, καὶ βασιλέα πάσης Αἰγύπτου καὶ στήλην σωφροσύνης τῇ οἰκουμένῃ ὁ Θεὸς τοῦτον ἀνέδειξε.","Stefanis 1996","115","115","194","53","dd00a33db5789f97f923189e9da8ba960fe701231ff68fa914d6633739dc878c","","False","False"
"195","Ζ΄","§19","Εἰς τὰς ἁγίας ἐντολὰς τοῦ Κυρίου ἡμῶν Ἰησοῦ Χριστοῦ","Καὶ πονηρὸς ἦν <ὁ> ὀφθαλμὸς τῶν πρεσβυτέρων ἐκείνων κριτῶν, ἁπλοῦς δὲ τῆς μακαρίας Σωσάννης. Καὶ ἁπλοῦν ὀφθαλμὸν εἶχον ἡμῶν οἱ προπάτορες, ὅτε εἴσω τοῦ παραδείσου γυμνοὶ ὄντες οὐκ ᾐσχύνοντο, πονηροῦ δὲ πονηρὰν συμβουλὴν προσδεξάμενοι πονηρὸν καὶ αὐτοὶ ὀφθαλμὸν προσεκτήσαντο καὶ πονηρῶς ἀναβλέψαντες εἶδον ὅτι καλὸν τὸ ξύλον εἰς βρῶσιν καὶ φαγόντες ἐξ αὐτοῦ ἐγυμνώθησαν καὶ ἐξεβλήθησαν καὶ ἐτελεύτησαν.","Stefanis 1996","115","115","195","58","3f492c7d7a71a5247f8879a21ebbf679d6fe32cd6150846bab4eacd2ba409f0a","","False","False"
"196","Ζ΄","§20","Εἰς τὰς ἁγίας ἐντολὰς τοῦ Κυρίου ἡμῶν Ἰησοῦ Χριστοῦ","Καὶ ἵνα μὴ πλείστους ἁπλοῦς τε καὶ πονηροὺς ὀφθαλμοὺς παρεισάξωμεν τῇ ὑποθέσει καὶ τὸν λόγον μηκύνωμεν, δεῖ ἡμᾶς εἰπεῖν τὸ κυριώτερον, ἁπλοῦν εἶχεν ὀφθαλμὸν ὁ μακάριος Πέτρος καὶ ἔλεγε θαρσαλέως τῷ Δεσπότῃ Χριστῷ· Σὺ εἶ ὁ Χριστὸς ὁ υἱὸς τοῦ Θεοῦ τοῦ ζῶντος· καὶ ἀρεσθεὶς ὁ Δεσπότης τῇ τοιαύτῃ ὁμολογίᾳ καὶ διδάξας πατρόθεν εἶναι τὴν ἀποκάλυψιν, Ἐπὶ ταύτῃ τῇ πέτρᾳ, φησίν, ἤγουν τῇ ὁμολογίᾳ καὶ πίστει, οἰκοδομήσω μου τὴν ἐκκλησίαν (ποίαν ἐκκλησίαν; τῶν πιστῶν τὰ συστήματα) καὶ πύλαι ᾅδου οὐ κατισχύσουσιν αὐτῆς.","Stefanis 1996","115","115","196","82","f6eb54b0332ec84afb5e0eed139bf53e86292e7460594adc307bb50db8b3b893","","False","False"
"197","Ζ΄","§21","Εἰς τὰς ἁγίας ἐντολὰς τοῦ Κυρίου ἡμῶν Ἰησοῦ Χριστοῦ","Καὶ ἐγένετο οὕτω, καὶ ἐπὶ ταύτῃ τῇ πέτρᾳ ὁμολογίᾳ τὴν αὐτοῦ ᾠκοδόμησεν ἐκκλησίαν καὶ πύλαι ᾅδου, διαβόλου, καὶ δαιμόνων καὶ βασιλέων τυραννὶς κακοδόξων καὶ στίφη αἱρετικῶν, κατισχῦσαι αὐτῆς ἴσχυσαν οὐδαμῶς. Πονηρὸν εἶχεν ὀφθαλμὸν Ἰούδας ὁ Ἰσκαριώτης καὶ βλέπων σημεῖα καὶ τέρατα ἐργαζόμενον τὸν διδάσκαλον ἔβλεπε πονηρῶς καὶ δολίως καὶ ἐζήτει εὐκαιρίαν παραδοῦναι τὸν Κύριον.","Stefanis 1996","115","115","197","54","5967e13c3c2353967efcf0654b274e65814758a96d30c176adb61d181083ceca","","False","False"
"198","Ζ΄","§22","Εἰς τὰς ἁγίας ἐντολὰς τοῦ Κυρίου ἡμῶν Ἰησοῦ Χριστοῦ","Καὶ ὁ Κύριος· Ὁ λύχνος, φησί, τοῦ σώματός ἐστιν ὁ ὀφθαλμός. Ὥσπερ γὰρ ὁ λύχνος τὴν σκοτεινὴν οἰκίαν καταφωτίζει καὶ διακρίνει τὰ κείμενα ἔνδον αὐτῆς, οὕτω καὶ ὁ λύχνος τοῦ σώματος ἡμῖν ἐδόθη ὀφθαλμὸς βλέπειν καὶ διακρίνειν ῥᾳδίως καὶ ἀφορίζειν τὰ κρείττονα· ἐὰν δὲ ὁ ὀφθαλμός σου πονηρὸς ᾖ, ὅλον το σῶμά σου σκοτεινὸν ἔσται· εἰ οὖν τὸ φῶς τὸ ἐν σοὶ σκότος ἐστίν, τὸ σκότος πόσον; Ὡς ἄν τις καὶ αὖθις ἐν [***","Stefanis 1996","115","116","198","74","1d5c11e198ba42966394e217e6dfc1d36670c3457ed086eb3c06a51216f73da3","","False","False"
"199","Ζ΄","§23","Εἰς τὰς ἁγίας ἐντολὰς τοῦ Κυρίου ἡμῶν Ἰησοῦ Χριστοῦ","ἀ]γρόταις καὶ κτηνοτρόφοις καὶ αὐτὸς τὰ παραπλήσια πράττει. Ὥσπερ γὰρ ὁ κτηνοτρόφος τὰς ὀρεινὰς κορυφὰς διατρέχων καὶ ἀδεῶς τὰ δόξαντα πράττει, οὕτω καὶ ἔνιοι τῶν λειτουργῶν τοῦ ἁγίου θυσιαστηρίου ἀδεῶς καὶ οὗτοι τὰ δόξαντα πράττουσι, μηδὲν ὅλως περὶ τοῦ ἰδίου βαθμοῦ καὶ τῆς τάξεως καὶ τῆς στάσεως αὐτῶν ἔννοιαν φέροντες. Εἰ οὖν τὸ φῶς τὸ ἐν σοὶ σκότος ἐστί, τὸ σκότος πόσον ἐκεῖνο τὸ ἐξώτερον, ἐν ᾧ οὐκ ἔστι φέγγος τὸ σύνολον ἀλλὰ σκότος ἀφώτιστον καὶ τελείως ἀδιάβατον;","Stefanis 1996","116","116","199","78","d4bc54efc4c9ebf9da3ba9bc9cf33a92147b4f055667df02a10db390cffcc66f","","False","False"
"200","Ζ΄","§24","Εἰς τὰς ἁγίας ἐντολὰς τοῦ Κυρίου ἡμῶν Ἰησοῦ Χριστοῦ","Ταῦτα διὰ τοῦ ἁγίου τοῦδε ῥητοῦ ὁ Δεσπότης λέγει νοητῶς πρὸς ἡμᾶς, ἀλλὰ μηδεὶς οἰέσθω ἡμᾶς λέγειν τι πέρα τοῦ δέοντος· περὶ ὀφθαλμοῦ γὰρ ὁ λόγος, πρὸς ὃν πολλῆς χρεία σπουδῆς, πολλῆς χρεία φυλακῆς, ἵνα μὴ ἀγρευθῶμεν, ἵνα μὴ ἀναβῇ θάνατος διὰ τῶν θυρίδων ἡμῶν καὶ ἵνα μὴ νικήσῃ ἡμᾶς κάλλους ἐπιθυμία καὶ ὅτι ὁ ἐμβλέψας γυναικὶ πρὸς τὸ ἐπιθυμῆσαι αὐτὴν ἤδη ἐμοίχευσεν αὐτὴν ἐν τῇ καρδίᾳ αὐτοῦ, ἀλλ᾿ ἁπλοῦν ἔχειν τὸν ὀφθαλμὸν ὡς λύχνον, ὡς δοκεῖ τῷ Δεσπότῃ ἡμῶν καὶ Σωτῆρι Χριστῷ.","Stefanis 1996","116","116","200","83","1888b8c00f7a189aea620a9b0c85f4b543c6fa23f1605d7ba10818359c79bd7c","","False","False"
"201","Ζ΄","§25","Εἰς τὰς ἁγίας ἐντολὰς τοῦ Κυρίου ἡμῶν Ἰησοῦ Χριστοῦ","Διὸ καὶ ἡμεῖς χάριτι θείᾳ περὶ ἁπλοῦ καὶ φωτεινοῦ ὀφθαλμοῦ πλατυτέρως εἰρήκαμεν καὶ διαφόρων παραδειγμάτων ἐμνήσθημεν καὶ ὅτι ὁ ἁπλοῦς ὀφθαλμὸς καὶ ἀπερίεργος ὡς μητέρας καὶ θυγατέρας καὶ ἀδελφὰς ἢ καὶ θείους ἀγγέλους καθορᾷ τὰς γυναῖκας καὶ ὅτι καὶ τὸ γλυκύτατον μέλι δύναταί τις σὺν Θεῷ πεῖσαι τὸν λογισμὸν εἶναι πικρόν. Πόλεμος γὰρ γίνεται νοητὸς ἐν τῇ ἀπαντήσει τῶν γυναικῶν, καὶ πολλοὶ μὲν καταπίπτουσι, πολλοὶ δὲ στεφανοῦνται· καὶ τοῦτο οὐδεὶς καθορᾷ εἰμὴ μόνος ὁ στεφοδότης καὶ <ἡ> ἑκάστου συνείδησις.","Stefanis 1996","116","116","201","79","99e345264ff717f8c6a5b6936106ed6a83867a0f88a14a272810cbb10103cdfb","","False","False"
"202","Ζ΄","§26","Εἰς τὰς ἁγίας ἐντολὰς τοῦ Κυρίου ἡμῶν Ἰησοῦ Χριστοῦ","Διὰ τοῦτο καὶ ἡμεῖς πρὸς ὠφέλειαν τῶν βουλομένων ἐν τῷδε τῷ λόγῳ διαφόρων παραδειγμάτων ἐμνήσθημεν διὰ τὸν προκείμενον πόλεμον, ἐπεὶ καὶ ὁ στρατιώτης ἐν ὥρᾳ πολέμου διαφόροις ὅπλοις ἑαυτὸν καθοπλίζει καὶ στερρῶς ἀντιτάσσεται τὰς ἐφόδους τῶν πολεμίων καὶ ἀνδρικῶς αὐτοὺς καταβάλλει καὶ τῷ αὐτοῦ βασιλεῖ τῆς θεραπείας τὴν νίκην χαρίζεται καὶ τὴν ἐκείνου προσπάθειαν εἰσοικίζεται.","Stefanis 1996","116","116","202","55","79a4f04a8fb05669ebb738574bb17618d6f897cf20024d166143789e0de7ab3f","","False","False"
"203","Ζ΄","§27","Εἰς τὰς ἁγίας ἐντολὰς τοῦ Κυρίου ἡμῶν Ἰησοῦ Χριστοῦ","Ἀλλὰ πλείων ἐκείνου ὁ ἡμέτερος καθέστηκε πόλεμος· αἰσθητὸς γὰρ ἐκεῖνος καὶ αἰσθητοὺς ἔχει τοὺς ἀντιπάλους καὶ αἰσθητὰ λαμβάνει τὰ τραύματα καὶ αἰσθητόν, ἤγουν σωματικόν, ἴσως ὑπομένει καὶ θάνατον· ἡμῖν δὲ τοῖς τάχα στρατιώταις τοῦ βασιλέως τῆς δόξης οὐκ ἔστιν ὁ πόλεμος πρὸς αἷμα καὶ σάρκα, κατὰ τὸν θεῖον ἀπόστολον, ἀλλὰ πρὸς τὰς ἀρχάς, πρὸς τὰς ἐξουσίας, πρὸς τοὺς κοσμοκράτορας τοῦ σκότους τοῦ αἰῶνος τούτου, πρὸς τὰ πνευματικὰ τῆς πονηρίας ἐν τοῖς οὐρανίοις· καὶ διὰ τοῦτο, φησίν, ἀναλάβετε τὴν πανοπλίαν τοῦ Θεοῦ, ἵνα δυνηθῆτε ἀντιστῆναι ἐν τῇ ἡμέρᾳ τῇ πονηρᾷ τοῦ ἀοράτου ἐκείνου πολέμου καὶ ἅπαντα κατεργασάμενοι στῆναι καὶ μηδαμῶς τοῖς λογισμοῖς καταπίπτειν, ἀλλὰ στῆναι καλῶς· στῆτε οὖν περιζωσάμενοι τὴν ὀσφὺν ὑμῶν ἐν ἀληθείᾳ, τῇ ἁγνείᾳ καὶ σωφροσύνῃ, … καὶ ὑποδυσάμενοι τοὺς πόδας ἐν ἑτοιμασίᾳ τοῦ εὐαγγελίου τῆς εἰρήνης, ἵνα τρέχητε ἀκωλύτως ἐν τῇ ὁδῷ τῶν ἐντολῶν τοῦ Σωτῆρος ἡμῶν Ἰησοῦ Χριστοῦ (ὁδὸν ἐντολῶν σου, φησίν, ἔδραμον, ὅταν ἐπλάτυνας τὴν καρδίαν μου), … καὶ τὴν περικεφαλαίαν τοῦ σωτηρίου δέξασθε, τὴν δυναμένην φυλάττειν τὴν ψυχὴν σὺν τῷ σώματι, καὶ τὴν μάχαιραν τοῦ πνεύματος, ἥ ἐστι ῥῆμα Θεοῦ, καὶ δι᾿ αὐτῆς ἀναιρεῖτε τὰ στίφη τῶν ἀφανῶν πολεμίων καὶ τὰς ἀτόπους ἐννοίας, καὶ τὰ πάθη τὰ ὀλέθρια ὡς ἱστὸν ἀραχνῶν ἐκκόψατε δι᾿ αὐτῆς.","Stefanis 1996","116","117","203","199","9c11b8f01e33c19429b943d1ccd9e7b9f65b7e34a954b4ec2b671addd7ec1c96","","False","False"
"204","Ζ΄","§28","Εἰς τὰς ἁγίας ἐντολὰς τοῦ Κυρίου ἡμῶν Ἰησοῦ Χριστοῦ","Ἀλλ᾿ ἐπὶ τὸ προκείμενον ἐπανέλθωμεν καὶ πρὸς τὰ ἑξῆς τῶν κειμένων μεταβησώμεθα. Ὁ λύχνος, φησί, τοῦ σώματός ἐστιν ὁ ὀφθαλμός· ἐὰν οὖν ὁ ὀφθαλμός σου ἁπλοῦς ᾖ, ὅλον τὸ σῶμά σου φωτεινὸν ἔσται· ἐὰν δὲ ὁ ὀφθαλμός σου πονηρὸς ᾖ, ὅλον τὸ σῶμά σου σκοτεινὸν ἔσται· εἰ οὖν τὸ φῶς τὸ ἐν σοὶ σκότος ἐστί, τὸ σκότος πόσον; Οὐδεὶς δύναται δυσὶ κυρίοις δουλεύειν. Διατί; ἢ γὰρ τὸν ἕνα μισήσει καὶ τὸν ἕτερον ἀγαπήσει ἢ ἑνὸς ἀνθέξεται καὶ τοῦ ἑτέρου καταφρονήσει.","Stefanis 1996","117","117","204","80","a34e8b53f1eb798f0e85371bd46dd755551465adde6bdaba569d28906222a4a5","","False","False"
"205","Ζ΄","§29","Εἰς τὰς ἁγίας ἐντολὰς τοῦ Κυρίου ἡμῶν Ἰησοῦ Χριστοῦ","Καὶ τίνες ἄρα εἰσίν, ὦ Δέσποτα, οἱ δύο ἐκεῖνοι κύριοι, ὅτι οὐδεὶς ἁπλῶς δύναται δουλεύειν ἐκείνοις, καίτοιγε ὁρῶμεν πολλοὺς δυσὶ κυρίοις δουλεύοντας, ἤτοι ποιμαίνοντας ἢ ἀμπελουργοῦντας ἢ ἄλλο τι αὐτοὺς καθορῶμεν ὑπηρετοῦντας;","Stefanis 1996","117","117","205","32","cabe572aeae1a2843b609231076e849a5aa51195791ee6f4cd2ea1867467c540","","False","False"
"206","Ζ΄","§30","Εἰς τὰς ἁγίας ἐντολὰς τοῦ Κυρίου ἡμῶν Ἰησοῦ Χριστοῦ","Ναί, φησίν, ἀλλ᾿ οὐδ᾿ οὗτοι δύνανται ἐκείνοις ἐξίσου ὑπηρετεῖν ἢ ἀγαπᾶν αὐτούς· ἢ γὰρ τὸν ἕνα τελείως μισεῖ καὶ λυμαίνεται αὐτοῦ τὰ ποίμνια ἢ τὰς ἀμπέλους ἤ, ἂν οὐ μισήσῃ αὐτόν, τέως καταφρονεῖ αὐτῷ καὶ τὴν τούτου δουλείαν παραμελεῖ, τοῦ δ᾿ ἑτέρου ἀντέχεται. Ἐμοὶ δὲ ὁ λόγος οὐ περὶ τοιούτων δύο κυρίων εἴρηται, καίπερ οὐδ᾿ αὐτοῖς δύναταί τις δουλεύειν ἐπίσης, ἀλλ᾿ οὐ δύνασθε Θεῷ δουλεύειν καὶ μαμωνᾷ, διότι τοῦ μὲν ἡ δουλεία ἐστὶν οὐράνιος καὶ ἁγία καὶ φωταυγής, τοῦ δὲ χθόνιος καὶ ἀχρεία καὶ ζοφερά, καὶ οὐδεὶς δύναται δυσὶ κυρίοις δουλεύειν, Θεῷ τε καὶ μαμωνᾷ.","Stefanis 1996","117","117","206","95","6dede124fa056b1068ae7978892baef623f34270f6590bcbfd238ebfd8c37e79","","False","False"
"207","Ζ΄","§31","Εἰς τὰς ἁγίας ἐντολὰς τοῦ Κυρίου ἡμῶν Ἰησοῦ Χριστοῦ","Καὶ τίς οὗτός ἐστιν ἄρα ὁ κυριεύων τυραννικῶς μετὰ αἴσχους τοσούτου καὶ ὑπακουόμενος; Οὗτος ὁ μαμωνᾶς πολυποίκιλός ἐστι καὶ πολυώνυμος· καὶ ὅσοι τῇ τούτου δουλείᾳ κεκράτηνται Θεῷ δουλεύειν οὐ δύνανται, εἰ μήπου ἐκεῖνον τέλειον μῖσος μισήσουσι καὶ τὴν αἰσχρὰν ἐκείνου δουλείαν παντελῶς ἀπορρίψουσι. Μαμωνᾶς ἐστιν ὁ φιλόσαρκος δαίμων ὁ καθέλκων ἡμᾶς εἰς ἐννοίας ἀτόπους καὶ κώμους καὶ μέθας καὶ μίξεις αἰσχρὰς καὶ βεβήλους καὶ φιλαργύρους ἐφέσεις καὶ ἀπείργων ἡμᾶς τῆς καθαρᾶς καὶ ἁγιωτάτης δουλείας τοῦ παναγάθου Θεοῦ. Μαμωνᾶς ἐστιν ὁ ἄμετρος δρόμος τοῦ βίου καὶ ὁ πλοῦτος καὶ ἡ δόξα καὶ ἡ αὐτοῦ φαντασία καὶ εἴτι ἄλλο ἡμᾶς κάτω καθέλκει καὶ κρατεῖ ἐμπαθῶς καὶ ἀφορίζει Θεοῦ. Μαμωνᾶς ἐστι δαίμων τῆς πλεονεξίας καὶ τοῦ ἁρπαγμοῦ καὶ τῆς ἀθλίου κλεψίας, δι᾿ οὗ ἀνῃρέθη Ἀνανίας ποτὲ σὺν Σαμφείρῃ τῇ αὐτοῦ γυναικί.","Stefanis 1996","117","117","207","128","fdd556d0fa01094e0118e5edecebb9337551e52b474272f069494b40d9f36e6a","","False","False"
"208","Ζ΄","§32","Εἰς τὰς ἁγίας ἐντολὰς τοῦ Κυρίου ἡμῶν Ἰησοῦ Χριστοῦ","Οἶδας μαμωνᾶν πολυποίκιλον καὶ πολυώνυμον ὁμοῦ καὶ συνώνυμον; οἶδας κύριον τυραννικὸν καὶ πανάθλιον καὶ πῶς καθέλκει πρὸς τὴν δουλείαν αὐτοῦ πάμπολλα πλήθη καὶ τῆς δουλείας ἀπείργει τοῦ Κυρίου, τοῦ ὄντως κυρίου καὶ κυρίου τῶν κυρίων καὶ θεοῦ τῶν θεῶν; ὄντως οὐδεὶς δύναται δυσὶ κυρίοις δουλεύειν· πῶς γὰρ δύναταί τις ἁγνεύειν ὁμοῦ καὶ πορνεύειν ἢ σωφρονεῖν ὁμοῦ καὶ μοιχεύειν ἢ αἰσχροπραγεῖν ἐν ταὐτῷ καὶ ἁγιωσύνην ἐπιτελεῖν καὶ ἐγκρατεύεσθαι ὁμοῦ καὶ μεθύσκεσθαι καὶ κοπιᾶν ταῖς χερσὶ διὰ χρῆσιν ἀναγκαιοτάτην καὶ πάλιν κλέπτειν ὡς λύκον τὰ ἀλλότρια καὶ ἐλεήμων γίνεσθαι καὶ πλεονεκτεῖν ὁμοῦ καὶ Θεῷ δουλεύειν καὶ μαμωνᾷ καὶ θεραπεύειν τοὺς δύο; ἢ γὰρ τὸν ἕνα μισήσει καὶ τὸν ἕτερον ἀγαπήσει ἢ ἑνὸς ἀνθέξεται καὶ τοῦ ἑτέρου καταφρονήσει. Καὶ ὥσπερ οὐ δύναταί τις δυσὶ περιπατῆσαι ὁδοῖς, δεξιὰν καὶ ἀριστεράν, οὕτως οὐ δύναταί τις περιπατεῖν ὁδὸν δικαιοσύνης ὁμοῦ καὶ ὁδὸν ἀδικίας καὶ βίου καὶ σαρκίου ἀντέχεσθαι σφοδρῶς καὶ Θεὸν θεραπεύειν καὶ ἐπιμελεῖσθαι ψυχῆς.","Stefanis 1996","117","118","208","149","2c499923b664ea24c309f26f36c8441559f0dcbdd034c857e2d5366f600ac00a","","False","False"
"209","Ζ΄","§33","Εἰς τὰς ἁγίας ἐντολὰς τοῦ Κυρίου ἡμῶν Ἰησοῦ Χριστοῦ","Καὶ πῶς, φησίν, ἔχομεν ζῆσαι καταφρονοῦντες τοῦ βίου καὶ τῶν τούτου πραγμάτων; Ἄκουσον τοῦ Κυρίου λέγοντος· Διὰ τοῦτο λέγω ὑμῖν (διὰ ποῖον τοῦτο; διὰ τοῦτο τὸ ἐρώτημα ὃ προγινώσκω πολλοὺς ἐρωτᾶν, ὅτι πῶς δυνάμεθα ζῆσαι μὴ ἀντεχόμενοι τοῦ ἑνὸς κυρίου, βίου τοῦ μαμωνᾶ), διὰ τοῦτο λέγω ὑμῖν· Μὴ μεριμνᾶτε τῇ ψυχῇ ὑμῶν τί φάγητε καὶ τί πίητε, μηδὲ τῷ σώματι ὑμῶν τί ἐνδύσησθε. Οὐχὶ ἡ ψυχὴ πλεῖόν ἐστι τῆς τροφῆς καὶ τὸ σῶμα τοῦ ἐνδύματος; Ναί, πλεῖόν ἐστιν ἡ ψυχὴ τῆς τροφῆς, καὶ τοσοῦτον πλεῖον, ὥστε οὐδ᾿ ὅλος ὁ κόσμος μιᾶς ἐστιν ἄξιος διὰ τὸ εἶναι τοῦτον ἐπίκηρον, τὴν δὲ εἶναι ἀθάνατον· καὶ μίαν ψυχὴν ἔλαβεν ἕκαστος, καὶ ὁ ἀπολέσας αὐτὴν διὰ φαυλότητα ἔργων οὐχ εὑρήσει ἄλλην ποτέ, βρώματα δὲ πάμπολλα χάριτι Θεοῦ ὁ κόσμος μεμέστωται.","Stefanis 1996","118","118","209","126","e6b87b242818b2bb8296516186d53c1dd289ded7f48348fd00f58515e8e4ffa2","","False","False"
"210","Ζ΄","§34","Εἰς τὰς ἁγίας ἐντολὰς τοῦ Κυρίου ἡμῶν Ἰησοῦ Χριστοῦ","Καὶ πλεῖόν ἐστιν ἡ ψυχὴ τῆς τροφῆς καὶ τὸ σῶμα ὁμοίως πλεῖόν ἐστι τοῦ ἐνδύματος αὐτοῦ, ὅτι τὸ μὲν πέπλασται χειρὶ Θεοῦ καὶ τετίμηται πνεύσει Θεοῦ ζωτικὴν ἔχειν ψυχήν, ἔνδυμα δὲ οὐχ ἕνα κέκτηται μόνον καὶ τοῦτο δυσεύρετον, ἀλλὰ μετὰ πολλῆς ἀφθονίας χάριτι Θεοῦ διάφορα κέκτηται ἐνδύματα· καὶ διὰ τοῦτο πλεῖον καὶ ὑπερπλεῖόν ἐστι τὸ σῶμα τοῦ ἐνδύματος.","Stefanis 1996","118","118","210","58","d6e8bf4f9991dc0cfed13f7ab3e615b55d097ff9c5693fdbd60a067f4de184de","","False","False"
"211","Ζ΄","§35","Εἰς τὰς ἁγίας ἐντολὰς τοῦ Κυρίου ἡμῶν Ἰησοῦ Χριστοῦ","Καὶ ἐὰν ἀποστῶμεν τοῦ μαμωνᾶ καὶ τῆς τούτου δουλείας, οὐ πεινάσομεν οὐδ᾿ οὐ μὴ γυμνητεύσωμεν· ὁ γὰρ τὸ μεῖζον προτείνας ἡμῖν, ἤγουν τὴν ψυχὴν καὶ τὸ σῶμα, πάντως δώσει καὶ τὸ ἐλάχιστον, ἤγουν τὰ βρώματα ὁμοῦ καὶ τὰ ἐνδύματα· εἰ γὰρ ὁ μαμωνᾶς τοὺς ἑαυτοῦ δούλους τρέφει καὶ ἐνδύει πτωχὸς ὢν καὶ πλεονέκτης, πόσῳ γε μᾶλλον ὁ ἀγαθώτατος Θεός, ὁ πλούσιος ἐν ἐλέει, τοὺς δούλους αὐτοῦ οὐχὶ διαθρέψει καὶ ἐνδύσει ὁμοῦ καὶ δοξάσει;","Stefanis 1996","118","118","211","73","c1ed59fef9d58dfc169ac998d4179e7c8e6a8461ed9a6ced8c28c96447c290a7","","False","False"
"212","Ζ΄","§36","Εἰς τὰς ἁγίας ἐντολὰς τοῦ Κυρίου ἡμῶν Ἰησοῦ Χριστοῦ","Ἐμβλέψατε εἰς τὰ πετεινὰ τοῦ οὐρανοῦ, ὅτι οὐ σπείρουσιν, οὐδὲ θερίζουσιν, οὐδὲ συνάγουσιν εἰς ἀποθήκας, καὶ ὁ πατὴρ ἡμῶν ὁ οὐράνιος τρέφει αὐτά· οὐχ ὑμεῖς μᾶλλον διαφέρετε αὐτῶν; Καὶ ἑτέρωθι ὁ Δεσπότης εἴρηκε τὸ ὑπόδειγμα· Οὐχὶ δύο στρουθία ἀσσαρίου, τουτέστιν ὀβολοῦ, πωλεῖται;, φησίν, καὶ ἓν ἐξ αὐτῶν οὐ πεσεῖται ἐπὶ τῆς γῆς ἄνευ τοῦ πατρὸς ὑμῶν· ὑμῶν δὲ καὶ αἱ τρίχες τῆς κεφαλῆς πᾶσαι ἠριθμημέναι εἰσί. Μὴ οὖν φοβηθῆτε· πολλῶν στρουθίων διαφέρετε ὑμεῖς.","Stefanis 1996","118","118","212","73","1a48bb78f0ea803800d827d883b85df021af10527ea24c9b14a0e2fdf957cc46","","False","False"
"213","Ζ΄","§37","Εἰς τὰς ἁγίας ἐντολὰς τοῦ Κυρίου ἡμῶν Ἰησοῦ Χριστοῦ","Ἂν οὐδέν τι πλεῖον, φησί, δύνασαι ἐννοῆσαι, κἂν τοῦτο πεισάτω σε τὸ ὑπόδειγμα, δηλαδὴ τῶν πετεινῶν καὶ τῶν στρουθίων μιμήθητι τὸ ἀμέριμνον, καὶ μὴ φανῇς, ἄνθρωπε, τῶν πετεινῶν ἀπιστότερος· πετεινὰ γὰρ καὶ στρουθία καὶ κτήνη καὶ θηρία διατρέφει ὡς ἀγαθὸς καὶ πάντων δημιουργός, καὶ πῶς οὐχὶ καὶ τὸν κατ᾿ εἰκόνα ἰδίαν καὶ ὁμοίωσιν κτισθέντα ἄνθρωπον οὐ διαθρέψει λοιπὸν δαψιλῶς ὁ πατὴρ ἡμῶν ὁ οὐράνιος; Τίς ἐξ ἡμῶν [***].","Stefanis 1996","118","119","213","68","3b802e7d1bbd84a4c684673f098c6a451642c5ad582d182b04e1fc5308d37b8c","","False","False"
"214","Ζ΄","§38","Εἰς τὰς ἁγίας ἐντολὰς τοῦ Κυρίου ἡμῶν Ἰησοῦ Χριστοῦ","[Μὴ οὖν μεριμνήσητε λέγοντες· Τί φάγωμεν; ἤ· Τί πίωμεν; ἤ· Τί περιβαλώμεθα; πάντα γὰρ ταῦτα τὰ ἔθνη ἐπιζητοῦσιν· οἶδεν γὰρ ὁ πατὴρ ὑμῶν ὁ οὐράνιος ὅτι χρῄζετε τούτων ἁπάντων· ζητεῖτε δὲ πρῶτον τὴν βα]σιλείαν τοῦ Θεοῦ καὶ τὴν δικαιοσύνην αὐτοῦ, καὶ ταῦτα πάντα προστεθήσεται ὑμῖν. Ὥσπερ καὶ ἀλλαχοῦ ἔλεγε· Μὴ βαττολογῆτε προσευχόμενοι ὥσπερ οἱ ἐθνικοί, οὕτω καὶ ἐνταῦθα· Ταῦτα πάντα, φησί, τὰ ἔθνη ἐπιζητεῖ, ἅτε δὴ μηδὲν ἔχοντα ἔννοιαν βασιλείας, <ἀντὶ> τῶν αἰωνίων τὰ πρόσκαιρα, βρώματα δηλαδὴ καὶ πόματα καὶ ἐνδύματα καὶ σκεπάσματα καὶ πλοῦτον ὀλλύμενον καὶ τὰ τούτων ἑπόμενα, τῶν δὲ μελλόντων οὐδέν· ὑμεῖς δὲ μηδὲν τούτων τι μεριμνήσητε· οἶδεν γὰρ ὁ πατὴρ ἡμῶν ὅτι χρῄζετε τούτων ἁπάντων· ζητεῖτε δὲ πρῶτον τὴν βασιλείαν τοῦ Θεοῦ καὶ τὴν δικαιοσύνην αὐτοῦ, καὶ ταῦτα πάντα προστεθήσεται ὑμῖν. Μὴ μεριμνήσητε εἰς τὴν αὔριον· ἡ γὰρ αὔριον μεριμνήσει <τὰ> ἑαυτῆς· ἀρκετὸν τῇ ἡμέρᾳ ἡ κακία αὐτῆς.","Stefanis 1996","119","119","214","142","031b9f21d8085172c9fd3c6ea64d81336db352e2ded1773626a3f744caabdd22","","False","False"
"215","Ζ΄","§39","Εἰς τὰς ἁγίας ἐντολὰς τοῦ Κυρίου ἡμῶν Ἰησοῦ Χριστοῦ","Εἶδες ἀμεριμνίαν; εἶδες ἀθορυβίαν, εἶδες πῶς βούλεται ἡμᾶς ὁ Δεσπότης ἀταλαίπωρον βίον διεξάγειν καὶ ἀμέριμνον, ὥσπερ τὰ πετεινὰ καὶ τὰ στρουθία καὶ τὰ κρίνα τοῦ ἀγροῦ; ὅτι οὐ σπείρουσιν, οὐδὲ θερίζουσιν, οὐδὲ κοπιῶσιν, οὐδὲ νήθουσι, καὶ ὁ πατὴρ ὁ οὐράνιος ἀφθόνως ἐνδύει καὶ τρέφει αὐτά; εἶδες πῶς ἐξάγει τό· Ἐν ἱδρῶτι τοῦ προσώπου σου φαγῇ τὸν ἄρτον σου καὶ ἀντεισάγει τὴν ἄνεσιν;","Stefanis 1996","119","119","215","62","a020cd7c982421eb25376743039bdbd913cb4bf0eb1e986cfdaf9a533570c047","","False","False"
"216","Ζ΄","§40","Εἰς τὰς ἁγίας ἐντολὰς τοῦ Κυρίου ἡμῶν Ἰησοῦ Χριστοῦ","Ὥσπερ γὰρ βασιλεὺς φιλοδίκαιος καὶ ἀγαθώτατος λίαν τοὺς ἰδίους υἱοὺς προσκεκρουκότας ἐξεώσει τῆς βασιλείας καὶ δουλικῶς διαζῆν τούτους καταδικάσει, εἶτα πάλιν κατελεήσας αὐτοὺς τρυχομένους ἐν κόπῳ πολλῷ καὶ μόχθῳ καὶ ἱδρῶτι ἐνορῶν ἐρεῖ πρὸς αὐτούς· Μὴ μεριμνᾶτε, μὴ κάμνετε δουλικῶς, ἀλλὰ δεῦτε πάλιν πρὸς τὴν ἐμὴν βασιλείαν, οὕτω καὶ ὁ βασιλεὺς ὁ ἡμέτερος καὶ Σωτὴρ καὶ Θεὸς προσκεκρουκότας ἡμᾶς καὶ ἐξωσθέντας δικαίως τῆς ἀπόνου ζωῆς κατεδίκασε δουλικῶς διαζῆν ἐν κόπῳ πολλῷ καὶ μόχθῳ καὶ ἱδρῶτι, εἶτα πάλιν κατελεήσας ἡμᾶς, ὡς πανάγαθος καὶ εὔσπλαγχνος πατήρ, φησὶ πρὸς ἡμᾶς ἐπιστὰς φιλανθρώπως· Μὴ μεριμνᾶτε τῇ ψυχῇ ὑμῶν τί φάγητε καὶ τί πίητε, μηδὲ τῷ σώματι ὑμῶν τί ἐνδύσησθε.","Stefanis 1996","119","119","216","105","637f5003c8d98963cfab6efad62925e52348667b50768da8226cb00c7879d490","","False","False"
"217","Ζ΄","§41","Εἰς τὰς ἁγίας ἐντολὰς τοῦ Κυρίου ἡμῶν Ἰησοῦ Χριστοῦ","Καὶ περὶ μὲν βρωμάτων ἔδωκεν ἡμῖν τὰ πετεινὰ εἰς ὑπόδειγμα, περὶ ἐνδυμάτων δὲ μανθάνειν διὰ τῶν κρίνων διεκελεύσατο καὶ αὖθις διπλασιάζει τὸ παρ᾿ αὐτοῦ εἰρημένον διὰ τὸ ἀξιόπιστον· Μὴ οὖν μεριμνήσητε λέγοντες· Τί φάγωμεν; ἤ· Τί πίωμεν; ἤ· Τί περιβαλώμεθα; ταῦτα γὰρ πάντα τὰ ἔθνη ἐπιζητεῖ· οἶδε γὰρ ὁ πατὴρ ἡμῶν ὁ οὐράνιος ὅτι χρῄζετε τούτων ἁπάντων· ζητεῖτε δὲ πρῶτον τὴν βασιλείαν τοῦ Θεοῦ καὶ τὴν δικαιοσύνην αὐτοῦ, καὶ ταῦτα πάντα προστεθήσεται ὑμῖν.","Stefanis 1996","119","119","217","73","0c69a1e429836503587319c259abba535bbcd8cb7067247f392f52f23fccbbbe","","False","False"
"218","Ζ΄","§42","Εἰς τὰς ἁγίας ἐντολὰς τοῦ Κυρίου ἡμῶν Ἰησοῦ Χριστοῦ","Καὶ πάλιν λέγει ἄλλο τι ἄξιον τῶν μεγαλοψύχων καὶ πιστοτάτων δούλων αὐτοῦ· Μὴ μεριμνήσητε, φησίν, εἰς τὴν αὔριον· ἡ γὰρ αὔριον μεριμνήσει <τὰ> ἑαυτῆς. Ἴσον ἐστὶ τούτῳ καὶ τό· Τὸν ἄρτον ἡμῶν τὸν ἐπιούσιον δὸς ἡμῖν σήμερον· τὸ γὰρ δὸς ἡμῖν σήμερον καὶ τὸ μὴ μεριμνήσητε εἰς τὴν αὔριον μίαν ἔχει τὴν σύγκρισιν· εἰπὼν γὰρ μὴ μεριμνήσητε εἰς τὴν αὔριον, ὅτι ἡ αὔριον μεριμνήσει τὰ ἑαυτῆς, καὶ τοῦτο προστίθησιν· Ἀρκετόν, φησί, τῇ ἡμέρᾳ ἡ κακία αὐτῆς, τουτέστιν ἡ κάκωσις ἣν ὑπέστη τὸ σῶμα καὶ ἡ ταλαιπωρία καὶ τὰ ἵδρη καὶ οἱ κόποι διὰ τὴν τροφὴν τὴν ἐφήμερον. Καὶ λοιπὸν ἀρκετὸν τῇ ἡμέρᾳ ἡ κακία αὐτῆς· ἡ γὰρ αὔριον φροντίσει τὰ ἑαυτῆς.","Stefanis 1996","119","120","218","111","76f6cfb467a3a4a4d9d7872423c741d2f5df0b5e2335fbdcf70bed0e852bd1c7","","False","False"
"219","Ζ΄","§43","Εἰς τὰς ἁγίας ἐντολὰς τοῦ Κυρίου ἡμῶν Ἰησοῦ Χριστοῦ","Ὁρᾶτε πῶς ὁ λόγος τὴν ὑπόσχεσιν αὐτοῦ ἐξεπλήρωσεν ἀληθέστατα; ὑπισχνεῖτο γὰρ ἐκ προοιμίων ἀνάπαυσιν, καὶ ἡμεῖς ὑπεσχέθημεν ὅτι προϊὼν ὁ λόγος δηλώσει διατί λέγεται ἀναπαύσιμος, ἐπεὶ περὶ ζώντων, οὐ περὶ τεθνεώτων, λέγειν ἐπείγεται. Καὶ ποίαν γὰρ ἄλλην ζητήσειεν ἄν τις ἀνάπαυσιν πλὴν ταύτης τῆς θεοδωρήτου, ἧς ἡμῖν Χριστὸς ἐδωρήσατο, ὥστε μὴ βρωμάτων, μὴ πομάτων, μὴ ἐνδυμάτων φροντίζειν καὶ μὴ μεριμνᾶν εἰς τὴν αὔριον καὶ διάγειν ὡς τὰ πετεινὰ τοῦ οὐρανοῦ καὶ τὰ κρίνα τοῦ ἀγροῦ καὶ μηδὲν ἄλλο ζητεῖν ἢ μεριμνᾶν πλὴν τῆς οὐρανῶν βασιλείας;","Stefanis 1996","120","120","219","85","8b685eb7b5168a493373ab278c16a53a091844c0b9d2f62f1b6ba1313fb4c1c9","","False","False"
"220","Ζ΄","§44","Εἰς τὰς ἁγίας ἐντολὰς τοῦ Κυρίου ἡμῶν Ἰησοῦ Χριστοῦ","Ἀλλ᾿ ἴσως ἂν εἴποι τις ὅτι, εἰ καὶ ταῦτα ὁ Χριστὸς εἴρηκεν, ἀλλ᾿ ἡμεῖς οὐδεμίαν εὕρομεν ἄνεσιν τῆς τοῦ βίου κακώσεως, ἀλλ᾿ ἐν κόπῳ καὶ μόχθῳ καὶ ἱδρῶτι πολλῷ τὸν ἄρτον ἐσθίομεν καὶ τὸ ἔνδυμα κάμνομεν. Καὶ τί ταῦτα πρὸς τὸν Χριστόν, ἄνθρωπε; καὶ ἕτερα γὰρ πλεῖστα ἐνετείλατο ἡμῖν φυλάττειν, καὶ οὐ φυλάττομεν. Εἶπε μὴ ἁμαρτάνειν, ἀλλ᾿ ἡμεῖς ἁμαρτάνομεν· εἶπεν ἔχειν ἀγάπην καὶ ἐλεημοσύνην καὶ φρόνημα ταπεινὸν καὶ καθαρότητα βίου καὶ ὀφθαλμὸν ἀπερίεργον, ἀλλ᾿ ἡμεῖς τὰ τούτων ἐναντία πράττομεν· εἶπε καί· Μὴ μεριμνᾶτε τί φάγητε καὶ τί πίητε καὶ τί περιβάλησθε, καί· Ζητεῖτε τὴν ἄνω βασιλείαν καὶ μὴ μεριμνήσητε εἰς τὴν αὔριον, ἡμεῖς δὲ οὐκ ἀκούομεν, ἀλλὰ μεριμνῶμεν οὐ μόνον τῆς αὔριον καὶ τῆς ἑξῆς ἀλλὰ καὶ πρὸ χρόνου καὶ δύο· ὅτε γὰρ νεάζομεν ἀγροὺς καὶ ἀλσοκοποῦμεν δρυμούς, οὐχὶ πρὸ χρόνου καὶ δύο ταῦτα ἐργαζόμεθα;","Stefanis 1996","120","120","220","135","3e71e2c3974ea2414b5246b8124adb451f3bdaca9a56d183e485ab5a34920f48","","False","False"
"221","Ζ΄","§45","Εἰς τὰς ἁγίας ἐντολὰς τοῦ Κυρίου ἡμῶν Ἰησοῦ Χριστοῦ","Μὴ μεριμνήσητε εἰς τὴν αὔριον, ἡμεῖς δὲ μεριμνῶμεν πρὸ δύο ἐτῶν, πολλάκις καὶ πέντε· ὁ γὰρ θέλων οἰνοποτεῖν φυτεύει ἀμπελῶνα, καί, ἄχρις ἂν πέντε παρέλθωσιν ἐνιαυτοί, ἐξ αὐτοῦ οἶνον εἰς πόσιν οὐ δέχεται· οὐ γὰρ δίδει καρπὸν τὸ νεόφυτον κλῆμα, ἕως οὗ ἑδρασθείη καλῶς. Καὶ οἱ ἐνταλθέντες μὴ μεριμνᾶν εἰς τὴν αὔριον μεριμνῶμεν πρὸ δύο καὶ πέντε ἐνιαυτῶν περί τε βρωμάτων καὶ πομάτων καὶ ἐνδυμάτων καὶ σκεπασμάτων. Καὶ ὁ μὲν Δεσπότης ἤθελε μηδεμίαν ἔχειν ἡμᾶς μέριμναν περὶ τούτων, ἡ δὲ ἡμῶν μοχθηρία καὶ ὀλιγόπιστος γνώμη εἰς κόπους ἀνονήτους καὶ ἱδρῶτας προσήγαγε, καὶ ἀφέντες μεριμνᾶν τὰ ἐν οὐρανῷ μεριμνῶμεν σπουδαίως τὰ ἐπὶ τῆς γῆς.","Stefanis 1996","120","120","221","103","f4f94a585d0def5846718e95b06cacf8abb0e5ab141eddce52c6cd4b4991d66e","","False","False"
"222","Ζ΄","§46","Εἰς τὰς ἁγίας ἐντολὰς τοῦ Κυρίου ἡμῶν Ἰησοῦ Χριστοῦ","Ναί, φησί, καὶ ἐὰν πάντες οἱ ἄνθρωποι τὴν αὐτὴν κτήσωνται ἀμεριμνίαν, ὥστε μηδείς ἐστιν ὁ σπέρων ἢ ὁ φυτεύων ἢ ὁ ἐνεργῶν ποσῶς τὰ τοῦ κόσμου, πῶς ἄρα λοιπὸν ὁ βίος οὗτος σταθήσεται;","Stefanis 1996","120","120","222","33","a7f320e4aade37028d63518d78e622f19b225454fa3a9a47a30323d91953b704","","False","False"
"223","Ζ΄","§47","Εἰς τὰς ἁγίας ἐντολὰς τοῦ Κυρίου ἡμῶν Ἰησοῦ Χριστοῦ","Τάχα τοῦτο λέγεις, ὅτι, Ἐὰν καταπαύσῃ ὁ κόσμος τῆς μοχθηρᾶς ἁμαρτίας καὶ ταραχῶν καὶ καμάτων καὶ κόπων ἀνωφελῶν καὶ σπορᾶς καὶ φυτείας καὶ τῶν ἄλλων ταλαιπωριῶν, καὶ γένωνται οἱ ἄνθρωποι ἄγγελοι, καὶ ἡ γῆ γένηται ἐπίγειος οὐρανός, πῶς δύναται ὁ βίος συνίστασθαι; Ὁρᾷς, ὅστις ἂν εἴης ὁ ἐρωτῶν, οἵαν ἔχει τὴν ἔννοιαν τὸ ἐρωτηθὲν παρὰ σοῦ; Ἐὰν γὰρ πάντες, ὡς ἔφης, ἀπέστημεν τῆς βιωτικῆς μοχθηρίας, ἀπό τε βασιλέων μέχρι τῶν τελευταίων καὶ πάντων ἐθνῶν, τότε ἂν ἐπεσκέψατο ἡμᾶς ὁ εἰπών· Μὴ μεριμνᾶτε τῇ ψυχῇ ὑμῶν τί φάγητε καὶ τί πίητε μηδὲ τῷ σώματι ὑμῶν τί ἐνδύσησθε, τότε ἂν ἡ γῆ ἡμῶν μέλι καὶ γάλα ἐξέβλυσεν ἀρδικῶς, τότε ἂν τὰ αὐτῆς ἀγαθὰ ἀφθόνως ἠσθίομεν, τότε ἂν καὶ αὐτὴ εἰκότως ἐκλήθη γῆ μακαρία, ἡμεῖς δὲ μακάριοι, καὶ ὃν ἀκούομεν βίον τῶν Βραγμάνων ἐκείνων ἡμιλλήθημεν ἄν. Νῦν δὲ καθ᾿ ὅσον σπεύδομεν δοξασθῆναι ἢ πλουτῆσαι ἢ τρυφῆσαι, κατὰ τοσοῦτον συμβαίνει καὶ τὰ τούτων ἐναντία.","Stefanis 1996","120","121","223","150","029a70c048b4e28a9e073a5aa61b49a97b387fd78fd6e0750491f56cc4d91263","","False","False"
"224","Ζ΄","§48","Εἰς τὰς ἁγίας ἐντολὰς τοῦ Κυρίου ἡμῶν Ἰησοῦ Χριστοῦ","Καὶ ὅτι τοῦτό ἐστιν ἀληθῶς ἔξεστιν ἡμᾶς κατιδεῖν ἐκ τοῦ ἐνεστῶτος καιροῦ καὶ πείρᾳ τοῦτο μαθεῖν, ὅτι πάντες σπουδῇ ἔδραμον σπέροντες μέν, οὐδεὶς δέ, κατὰ τὸν θεῖον Δαυΐδ, τὴν χεῖρα αὐτοῦ ἔπλησε θερίζων, οὐδὲ τὸν κόλπον αὐτοῦ ὁ τὰ δράγματα συλλέγων· καὶ νῦν ἔστι θλῖψις ἐπὶ πᾶσι καὶ στενοχωρία καὶ δεινότης πολλή, καὶ τὴν αἰτίαν οὐ συνιῶμεν, δι᾿ ἣν ταῦτά εἰσι· μὴ γὰρ ἐπιλέληστο ὁ Θεὸς ἐντεῖλαι ταῖς νεφέλαις αὐτοῦ τοῦ δοῦναι ὑετὸν ἐν τῇ γῇ καὶ διαθρέψαι τὰ σπέρματα; μὴ ἐπέσχε τὰ αὐτοῦ ἀγαθά, ἵνα μὴ ἐκλείψουσι; μὴ ἠτόνησε; μὴ ἐβαρήθη εὐεργετῶν καθ᾿ ἑκάστην ἡμᾶς; οὐμενοῦν· μυρίους γὰρ κόσμους τοιούτους καὶ δισμυρίους, μᾶλλον δὲ καὶ ἀναριθμήτους δύναται εὐεργετεῖν καὶ θάλπειν καὶ τρέφειν καὶ προνοεῖσθαι βουλήσει καὶ μόνῃ· αἴτιος δὲ τῆς τοῦ βίου δυσχερείας ὁ διεστραμμένος καὶ ἀπρόσεκτος ἡμῶν βίος καὶ τῶν θείων καὶ σωστικῶν ἐντολῶν ἡ παράβασις.","Stefanis 1996","121","121","224","138","34ec537d459099e849ba34a1451582a618e31c1e0d972fabd3bd0ed794bf0ce0","","False","False"
"225","Ζ΄","§49","Εἰς τὰς ἁγίας ἐντολὰς τοῦ Κυρίου ἡμῶν Ἰησοῦ Χριστοῦ","Ἀλλὰ καὶ οἱ ἅγιοι πατέρες, φησίν, εἰργάζοντο ἐργόχειρον, καὶ ὁ θεῖος ἀπόστολος ταῖς χρείαις αὐτοῦ καὶ τοῖς μετ᾿ αὐτοῦ ὑπηρέτει ἐξ οἰκείων χειρῶν, ὡς αὐτὸς λέγει, καί· Εἴ τις, φησίν, οὐ θέλει ἐργάζεσθαι, μηδὲ ἐσθιέτω, καί· Ἀκούομέν τινας ἐν ὑμῖν ἀτάκτως περιπατοῦντας μηδὲν ἐργαζομένους ἀλλὰ περιεργαζομένους, καὶ τοὺς τοιούτους· Σημειοῦσθε καὶ μὴ συναναμίγνυσθε αὐτοῖς. Ἀλλὰ καὶ τῷ Ἀδὰμ ἐνετείλατο ὁ Θεὸς καὶ πρὸ τῆς παραβάσεως ἐργάζεσθαι καὶ φυλάττειν τὸν θεῖον παράδεισον· καὶ εἰ πρὸ τῆς παραβάσεως ἡ ἐργασία προστέτακται, πῶς μετὰ τὴν παράβασιν οὐ δεῖ ἐργάζεσθαι; Ἄρα δὲ καὶ ὁ θεῖος ἀπόστολος καὶ οἱ πατέρες ἡμῶν διὰ τὸ ἐργάζεσθαι παρέβησαν τὴν φάσκουσαν ἐντολὴν ὅτι· Μὴ μεριμνᾶτε τί φάγητε καὶ τί πίητε καὶ τί περιβάλησθε;","Stefanis 1996","121","121","225","114","26f3985b347055a9a3f7db53374bae1adef29afb6e46b66ed82d73d4c0b86cc7","","False","False"
"226","Ζ΄","§50","Εἰς τὰς ἁγίας ἐντολὰς τοῦ Κυρίου ἡμῶν Ἰησοῦ Χριστοῦ","Ἄκουε συνετῶς ὁ ζητῶν τοῦ ἀμφισβητουμένου τὴν λύσιν· προσετάγη γὰρ ὁ Ἀδὰμ ἐργάζεσθαι καὶ φυλάττειν, ἀλλὰ ζητητέον πρῶτον τί ἐστι τὸ ἐργάζεσθαι καὶ εἶθ᾿ οὕτως τί ἐστι τὸ φυλάττειν· οὔτε γὰρ ἀρδείας οὔτε φραγμοῦ οὔτε φυτείας ἢ ἄλλης τινὸς ἐργασίας τοῦ Ἀδὰμ ἔχρῃζεν ὁ θεῖος ἐκεῖνος παράδεισος, ἀλλ᾿ οὐδὲ τῆς αὐτοῦ φυλακῆς ὅλως ἐδεῖτο, ἐπεὶ ἄσυλον ἦν τὸ θεῖον ἐκεῖνο χωρίον κλεπτῶν ὡς τοῦ Ἀδὰμ καὶ τῆς Εὔας μόνων τότε καθεστηκότων· ἀλλ᾿ οὐδὲ κτήνη οὐδὲ θηρία ἴσχυον τοῦ θείου λειμῶνος ἐκείνου ἔνδον γενέσθαι καὶ λύμην ἐργάσασθαι, ὑψηλὴν δὲ θεωρίαν εἴσω τοῦ παραδείσου προσετάγη ἐργάζεσθαι ἀξίαν τε οὖσαν αὐτοῦ καὶ εὐαρεστοῦσαν Θεῷ καὶ ἀγγέλοις συναμιλλᾶσθαι καὶ φυλάττειν τὰ τοιαῦτα μυστήρια καὶ τὴν δοθεῖσαν αὐτῷ ἐντολὴν καὶ μὴ φρονεῖν χαμερπῆ καὶ μὴ ἀπιστεῖν τῷ Δεσπότῃ καὶ μὴ πείθεσθαι τῷ ἐχθρῷ καὶ μὴ βάλλειν τοὺς μυστικοὺς μαργαρίτας ἔμπροσθεν τῷ χοίρῳ ἐκείνῳ, ὄφει καὶ δαίμονι, καὶ μὴ ἀργὸν ἔχειν τὸν νοῦν τῆς πρὸς Θεὸν θεωρίας μηδ᾿ ἀφυλάκτως συγχωρεῖν τοῦτον περιπλανᾶσθαι καὶ οἰκονομικὴν περὶ τοῦ παραδείσου ἔχειν φροντίδα πρὸς τὸ δῆθεν ἐργάζεσθαι αὐτὸν καὶ φυλάττειν.","Stefanis 1996","121","122","226","170","35b722c9c9e7ad4205c9ee48f6025b5abda9535c2927a4c8f09c60d8b98cfa69","","False","False"
"227","Ζ΄","§51","Εἰς τὰς ἁγίας ἐντολὰς τοῦ Κυρίου ἡμῶν Ἰησοῦ Χριστοῦ","Ὁ δὲ μακάριος Παῦλος κηρύσσων τὸ σωτήριον κήρυγμα καὶ διδάσκων διδαχὴν ζωοποιόν, ἀνέστησαν ψευδοδιδάσκαλοι ἄντικρυς ὀκνηροὶ καὶ κοιλιόδουλοι καὶ τὸ ἐργάζεσθαι παραιτούμενοι ὡς διδάσκαλοι δῆθεν παρὰ τοῦ λαοῦ διατρέφεσθαι ἤθελον. Καὶ περὶ τούτων ὁ θεῖος ἀπόστολος τοῖς μαθηταῖς γράφων ἐπέστελλεν· Ἀκούομέν τινας ἐν ὑμῖν ἀτάκτως περιπατοῦντας μηδὲν ἐργαζομένους ἀλλὰ περιεργαζομένους, καὶ τούτους· Σημειοῦσθε καὶ μὴ συναναμίγνυσθε αὐτοῖς, καί· Εἴ τις οὐ θέλει ἐργάζεσθαι, μηδὲ ἐσθιέτω.","Stefanis 1996","122","122","227","65","2888923dcab104d857a90adf07c73f649ecb6f1e31861493a82210c4f828b0f6","","False","False"
"228","Ζ΄","§52","Εἰς τὰς ἁγίας ἐντολὰς τοῦ Κυρίου ἡμῶν Ἰησοῦ Χριστοῦ","Οἱ δὲ μακάριοι καὶ τρισμακάριοι πατέρες ἡμῶν, οἱ ἔνσαρκοι ἄγγελοι καὶ τῆς ἄνω βασιλείας πολῖται, ἠργάζοντο ἐργόχειρον, ἀλλ᾿ ὡς ἀρέσκει Θεῷ. Καὶ εἴ τις καὶ νῦν ἐργάζεται ὡς ἐκεῖνοι, τοῦτο πανόσιον· οὐ γὰρ ἔχει ἡ τοιαύτη ἐργασία ἴχνος αἰσχροκερδίας, οὐ σωματικῆς ἀπολαύσεως ἔννοιαν, οὐκ ἄλλο τι ἐννόημα ἐμπαθές. Καὶ τοῦτο θεσπίζων ἐν τοῖς Ἀσκητικοῖς αὐτοῦ κεφαλαίοις ὁ τὰ θεῖα σοφὸς καὶ μέγας Βασίλειος ἔλεγεν ὅτι· «Καλὸν καὶ ἔννομον ἡ τοῦ σώματος ἐργασία», καὶ ὅτι· «Δεῖ τὸν ἀσκητὴν ἔργα ἐπιτηδεύειν τὰ πρέποντα», «ὅσα καπηλείας ἁπάσης καὶ μακροτέρων περισπασμῶν καὶ αἰσχροκερδίας ἀπήλλακται, ὅσα †αὐτοροφίων† μενόντων ἡμῶν ὡς τὰ πολλὰ ἐπιτελεῖσθαι δύναιντ᾿ ἄν, ἵνα καὶ τὸ ἔργον πληροῦται καὶ ἡ ἡσυχία φυλάττεται· εἰ δέ τι δέοι διὰ τὴν ἀναγκαίαν χρείαν καὶ ὕπαιθρον ἔργον ἐπιτελεῖν, οὐδὲ τοῦτο τὴν φιλοσοφίαν κωλύει».","Stefanis 1996","122","122","228","126","3a483b25e33595cf708e72833408b2e981b486c7763de6e81aff24ac9d289aaa","","False","False"
"229","Ζ΄","§53","Εἰς τὰς ἁγίας ἐντολὰς τοῦ Κυρίου ἡμῶν Ἰησοῦ Χριστοῦ","Ὁρᾷς ποταπὴν καὶ ὁ θεῖος οὗτος πατὴρ προτρέπει τὴν ἐργασίαν; οὐδὲ γὰρ ὁ Δεσπότης προσέταξεν ὥστε μὴ ἐργάζεσθαι, ἀλλά· Μὴ μεριμνᾶτε τί φάγητε καὶ τί πίητε καὶ τί περιβάλησθε, καὶ διὰ ταύτην τὴν πρόφασιν μεθυσθῆτε τῷ βίῳ καὶ τῆς βασιλείας τῆς ἄνω ἀμνημονήσητε· ἐργάζεσθε δὲ μὴ τὴν βρῶσιν τὴν ἀπολλυμένην ἀλλὰ τὴν μένουσαν εἰς ζωὴν αἰώνιον. Καί· Μεριμνᾷς, φησὶ τῇ Μάρθᾳ, καὶ τυρβάζῃ περὶ πολλά, ἑνὸς δέ ἐστι χρεία.","Stefanis 1996","122","122","229","69","c6cb0614bbf22be8e95a721e8df9afc4e7f9ac6f34e402e87f9b37aa621084f9","","False","False"
"230","Ζ΄","§54","Εἰς τὰς ἁγίας ἐντολὰς τοῦ Κυρίου ἡμῶν Ἰησοῦ Χριστοῦ","Ἆρα λέλυνταί σου ἱκανῶς τὰ ζητήματα πάντα ἢ ἀκμὴν ὁ λογισμός σου ἀμφισβητεῖ; Ναί, φησίν, ἀμφισβητεῖ μου ὁ λογισμός, διότι εἶδόν τινας ἀφεστηκότας τοῦ βίου τοῦ μοχθηροῦ, καὶ οὐκ ἐφρόντισεν αὐτῶν ὁ Κύριος, ὡς ὑπέσχετο, ἀλλ᾿ ἐπείνασαν καὶ ἐδίψησαν καὶ ἐγυμνήτευσαν καὶ ἐκακούχησαν σφόδρα, καὶ μόλις ὀψέποτε εἰς αὐτοὺς τὴν αὐτοῦ ὑπόσχεσιν ἐξεπλήρωσε· καὶ τινὲς μὲν ἐξ αὐτῶν ἐκοιμήθησαν ἀπαράκλητοι, τινὲς δὲ διὰ τὴν βραδύνουσαν ἐκείνην ὑπόσχεσιν μὴ ὑποφέροντες τὰ δεινὰ πάλιν τῷ μοχθηρῷ βίῳ συνήφθησαν.","Stefanis 1996","122","122","230","76","67595774d6ff1f47faaba8dc7c82f3268e53fd801e151ea7b914a4c6be40279a","","False","False"
"231","Ζ΄","§55","Εἰς τὰς ἁγίας ἐντολὰς τοῦ Κυρίου ἡμῶν Ἰησοῦ Χριστοῦ","Βλέπε, ἀγαπητέ, καὶ ταύτης τῆς ἀμφισβητήσεως συνετῶς τὴν ἐπίλυσι. Πάντως ἤκουσας ἀνωτέρω τοῦ Κυρίου λέγοντος ὅτι· Οἶδεν ὁ πατὴρ ἡμῶν ὁ οὐράνιος ὧν χρείαν ἔχετε· καὶ ἡμεῖς μὲν ἴσως δοκοῦμεν ὅτι χρείαν ἔχομεν ἀπολαύσεως, ὁ πατὴρ δὲ ἡμῶν ἐκεῖνος ὁ ἀθάνατος οἶδεν ὅτι οὐκ ἀπολαύσεως ἀλλὰ στενώσεως μᾶλλον ἔχομεν χρείαν, καὶ διὰ τοῦτο βραδύνει τῶν ἀψευδῶν αὐτοῦ ὑποσχέσων εἰς ἡμᾶς τὴν ἐκπλήρωσιν· καὶ ὥσπερ ἐν τῷ μοχθηρῷ βίῳ ἡμᾶς ἁμαρτάνοντας, παρευθὺς ἡμῖν οὐκ ἐκπληροῖ τὴν ὑπόσχεσιν, ἀλλ᾿ ἀφίησιν ἡμᾶς κακουχῆσαι καὶ καθαρθῆναι τῶν ἐπταισμένων καὶ ὡς χρυσὸν ἐν χωνευτηρίῳ δοκιμασθῆναι καὶ ἐν τῇ ὑπομονῇ ἡμῶν κτήσασθαι τὰς ψυχὰς ἡμῶν.","Stefanis 1996","122","123","231","99","1fbf58498b80b8b3d7485cbf40deed320cfc3f3d836286a2aa4b1badc0cbb9e7","","False","False"
"232","Ζ΄","§56","Εἰς τὰς ἁγίας ἐντολὰς τοῦ Κυρίου ἡμῶν Ἰησοῦ Χριστοῦ","Καὶ ὥσπερ ὁ κάμνων ἐν ἀρρωστίᾳ σφοδρᾷ δοκεῖ ὅτι διὰ μέλιτος καὶ ψυχροῦ καὶ ἀρωμάτων καὶ τῶν ὁμοίων ἡδίστων ἀπαλλάξει αὐτὸν ὁ ἰατρὸς τῆς κατεχούσης αὐτὸν ἀρρωστίας, ἐκεῖνος δὲ δι᾿ ἐκκαύσεως καὶ τομῆς καὶ βρωμάτων ἀηδῶν καὶ ποτοῦ πικροτάτου τῆς ἀρρωστίας αὐτὸν ἐλυτρώσατο, οὕτω καὶ τὰς ψυχικὰς ἡμῶν ἀρρωστίας διὰ πικρίας οἶδεν ἰατρεύειν ὁ ἰατρὸς ἡμῶν ὁ πανάριστος. Διὸ καὶ ὁ Σωτὴρ ἡμῶν ἔλεγε· Μὴ μεριμνᾶτε τί φάγητε καὶ τί πίητε καὶ τί ἐνδύσησθε· οἶδε γὰρ ὁ πατὴρ ἡμῶν ὅτι χρῄζετε τούτων ἁπάντων καὶ οἶδεν ὧν χρείαν ἔχετε, εἴτε ἀπολαύσεως εἴτε στενώσεως εἴτε καὶ ὑγιείας.","Stefanis 1996","123","123","232","95","61c7853fa93c505067b0ae9d959c2ab949472706b8270b6cbe216c52e782d951","","False","False"
"233","Ζ΄","§57","Εἰς τὰς ἁγίας ἐντολὰς τοῦ Κυρίου ἡμῶν Ἰησοῦ Χριστοῦ","Ὁρᾷς, ἀγαπητέ, δι᾿ ἣν αἰτίαν οὐκ ἐκπληροῖ τάχιστα ὁ Σωτὴρ ἡμῶν εἰς ἡμᾶς τὰς αὐτοῦ ὑποσχέσεις; ἵνα πάντως, ὡς εἴρηται, καθαρθῶμεν τῶν ἐπταισμένων· εἰ δ᾿ ἴσως τὰ πταίσματα ἡμῶν βραχέα καὶ κοῦφα πεφύκασι, πάντως ἵνα δι᾿ ὑπομονῆς ἡμᾶς στεφανώσῃ. Καὶ λοιπὸν μὴ ἀμφισβητῇ σου ὁ λογισμὸς βλέπων ἐν μετανοίᾳ τινὰς γυμνητεύοντας, ὅτι οὐκ ἐφρόντισε τούτων ὁ Κύριος ὁ καὶ κελεύσας μηδὲν μεριμνᾶν ὅλως περὶ τοῦ σώματος, ἀλλὰ γνῶθι ὅτι οἰκονομικῶς ὁ Κύριος ἀφίησιν αὐτοὺς κακουχεῖσθαι καὶ δάκνεσθαι εἰδὼς ὅτι οὐκ ἄλλως ἀλλ᾿ οὕτως αὐτοῖς ἐστι τὸ συμφέρον. Ἰδοὺ νῦν καὶ ἡ παροῦσά σοι λέλυται ἀμφισβήτησις, εἰ μήπου λίαν φιλόνεικος καὶ περίεργος πάντως ἂν εἴης.","Stefanis 1996","123","123","233","104","ea49c45a656cfe212e7c4ad8091c8762a1f8fb22dbb951ac830ebb305ac204cf","","False","False"
"234","Ζ΄","§58","Εἰς τὰς ἁγίας ἐντολὰς τοῦ Κυρίου ἡμῶν Ἰησοῦ Χριστοῦ","Ἀλλ᾿ ἡμεῖς καὶ ἕτερόν τι κυριώτερον καὶ ἀπορρητότερον λέξωμεν ἀληθέστατα, ὅπερ οὐ λόγῳ μόνῳ ἀλλὰ καὶ πείρᾳ σὺν Θεῷ ἐμυήθημεν τοῦτο, καὶ οὕτως εἰς τέρμα τὸν λόγον ἐκκλίναντες περατώσομεν. Ὅτε γὰρ ὁ Κύριος ἡμῶν καὶ Θεὸς ἐθέσπιζεν ἀποστῆναι τοῦ μαμωνᾶ, ἅτε δὴ Θεὸς ὢν καὶ τὰ πάντα εἰδὼς πρὸ γενέσεως αὐτῶν, ᾔδει ὅτι οὐ πάντες ἀκούσωσιν ἀποστῆναι τοῦ μαμωνᾶ· μόλις γάρ τινες εὐαρίθμητοι κατὰ γενεὰν εὑρεθήσονται ἂν προαιρούμενοι ἀποστῆναι τοῦ μαμωνᾶ, ἀλλὰ καὶ οὗτοι μέλλουσι διὰ τὰς ἀναγκαίας χρείας τοῦ σώματος τὴν ἀπόστασιν ἀναβάλλεσθαι· ὧν ὁ Κύριος νευρῶσαι τὴν προθυμίαν βουλόμενος, ἔφη· Οὐ δύνασθε Θεῷ δουλεύειν καὶ μαμωνᾷ. Διὰ τοῦτο λέγω ὑμῖν· Μὴ μεριμνᾶτε τῇ ψυχῇ ὑμῶν τί φάγητε καὶ τί πίητε, μηδὲ τῷ σώματι ὑμῶν τί ἐνδύσησθε καὶ ὅτι, εἰ καὶ τὰ πετεινὰ τοῦ οὐρανοῦ καὶ τὰ κρίνα τοῦ ἀγροῦ ὁ πατὴρ ὁ οὐράνιος ἐνδύει καὶ διατρέφει, οὐ πολλῷ μᾶλλον ὑμᾶς, ὀλιγόπιστοι; Μὴ οὖν μεριμνήσητε λέγοντες· Τί φάγωμεν; ἤ· Τί πίωμεν; ἤ· Τί περιβαλώμεθα;, ὅσοι δηλαδὴ προαιρεῖσθε ἀποστῆναι τοῦ μαμωνᾶ· ταῦτα γὰρ πάντα, φησίν, τὰ ἔθνη ἐπιζητεῖ· οἶδε γὰρ ὁ πατὴρ ἡμῶν ὁ οὐράνιος ὅτι χρῄζετε τούτων ἁπάντων, καί· Μὴ μεριμνήσητε εἰς τὴν αὔριον, … ζητεῖτε δὲ μᾶλλον τὴν βασιλείαν τοῦ Θεοῦ καὶ τὴν δικαιοσύνην αὐτοῦ, καὶ ταῦτα πάντα προστεθήσεται ὑμῖν.","Stefanis 1996","123","124","234","202","8c7011d838b3cc1feb263247d44a648b45dbf61ce4f11fbbf986ce6907ca4986","","False","False"
"235","Ζ΄","§59","Εἰς τὰς ἁγίας ἐντολὰς τοῦ Κυρίου ἡμῶν Ἰησοῦ Χριστοῦ","Ἤκουσαν ταῦτα ὅσοι ἀποστῆναι τοῦ μαμωνᾶ ᾑρετίσαντο καὶ ἔγνωκαν ὅτι πιστὸς Κύριος ἐν πᾶσι τοῖς λόγοις αὐτοῦ … πᾶς δὲ ἄνθρωπος ψεύστης, καὶ ἴσως ὑπισχνεῖται ἐνδύειν καὶ τρέφειν καὶ προνοεῖσθαι ἡμῶν, καὶ πιστεύομεν τούτῳ, καίπερ πᾶς ἄνθρωπος ψεύστης, ἅτε δὴ τρεπτὸς ὢν καὶ εὐμετάβλητος καὶ θνητὸς πεφυκώς. Ὢ πόσης ἂν ἔχοι τὸ πρᾶγμα ἀνοίας· ἔκριναν γὰρ μᾶλλον πιστεύειν τῷ ψεύστῃ ἢ τῷ ἀληθῶς ἀπαγγείλαντι.","Stefanis 1996","124","124","235","64","3f81be9482488cbc54be3ecff0eff458264f2f6512cb38cb77f882a7051e0aa3","","False","False"
"236","Ζ΄","§60","Εἰς τὰς ἁγίας ἐντολὰς τοῦ Κυρίου ἡμῶν Ἰησοῦ Χριστοῦ","Ἀλλ᾿ οὐχ οὕτως οἱ ὑπηρέται τῆς ἀληθείας, ἀλλ᾿ ἔγνωκαν ὅτι πιστὸς Κύριος ἐν πᾶσι τοῖς λόγοις αὐτοῦ καὶ ὑπεχώρησαν τοῦ μαμωνᾶ σὺν προθυμίᾳ πολλῇ. Οὐ πάντες δὲ μίαν καὶ τὴν αὐτὴν πορείαν ὁμοῦ λαβόντες ἐβάδισαν, ἀλλ᾿ ὡς εἶχεν ἡ ἑκάστου προθυμία καὶ δύναμις καὶ ὡς ἡ ἄνωθεν προμηθία ἐσθένωσεν ἕκαστον· ἐγένοντο γὰρ καὶ μοναχοὶ καὶ μιγάδες ἀγγελικῶς διαπρέψαντες, οἱ μὲν ἐν ἱεροῖς φροντιστηρίοις κοινοβιακῶς ὑποταγέντες ὑφ᾿ ἑνὶ καὶ <τῷ> αὐτῷ καθηγητῇ καὶ ποιμένι, οἱ δὲ ἐν ὄρεσι καὶ σπηλαίοις καὶ ταῖς ὀπαῖς τῆς γῆς ἐμφιλοχωρήσαντες πορρωτέρω διήθλουν τῶν ὁμοτρόπων αὐτῶν, ὡς ὁ θεῖος Παῦλος <ὁ ἐκ> Θηβῶν καὶ ὁ μέγας Ὀνούφριος καὶ οἱ τούτων ἐφάμιλλοι. Καὶ πάντας ὁμοῦ ὁ Κύριος ὡς δοξάσαντας ἀντεδόξασε δόξαν ἀκένωτον.","Stefanis 1996","124","124","236","115","6bc64c6d8f7bc24e563171a61770afe87d80193c4e04184d13c7121acc572422","","False","False"
"237","Ζ΄","§61","Εἰς τὰς ἁγίας ἐντολὰς τοῦ Κυρίου ἡμῶν Ἰησοῦ Χριστοῦ","Γένοιτο οὖν, Κύριε, καὶ ἐφ᾿ ἡμῖν διὰ τῆς σῆς βοηθείας ὡς δεῖ ἀποστῆναι τοῦ μαμωνᾶ, καὶ σὺν αὐτῷ τῆς τυραννίδος τῶν ὀλεθρίων παθῶν, καὶ ἰχνηλατεῖν τοὺς ῥηθέντας ὁσίους σου καὶ τούτων καταλαβεῖν τῶν ἀρετῶν τὴν ἀκρόπολιν καὶ μηδενὸς φροντίδα ποιεῖσθαι ἢ τοῦ ζητεῖν, ὡς προσέταξας, τὴν σὴν βασιλείαν θερμότατα· ἧς γένοιτο πάντας ἡμᾶς ἀξιωθῆναι χάριτι καὶ φιλανθρωπίᾳ τῆς σῆς πολλῆς ἀγαθότητος, ᾗ πρέπει πᾶσα δόξα, τιμὴ καὶ προσκύνησις ἅμα τῷ πανταιτίῳ καὶ ὁμοουσίῳ Πατρὶ καὶ τῷ Πνεύματι νῦν καὶ ἀεὶ καὶ εἰς τοὺς αἰῶνας τῶν αἰώνων· ἀμήν. ΤΟΥ ΑΥΤΟΥ ΝΕΟΦΥΤΟΥ ΜΟΝΑΧΟΥ ΕΓΚΛΕΙΣΤΟΥ ΚΑΙ ΠΡΕΣΒΥΤΕΡΟΥ","Stefanis 1996","124","124","237","94","5f62865b74d32f9361bb1c863bbbef1bd54ece2482ba71a23668c3a1a597ee08","","False","False"
"238","Η΄","§1","Εἰς τὰς σεπτὰς καὶ αὖθις θείας ἐντολάς καὶ εἰς τὴν δευτέραν παρουσίαν","Ἧκε λοιπὸν ὁ λόγος ἡμῖν ἁρμοδίως εἰς τὴν τάξιν αὐτοῦ· ἧκεν ὁ τοῦ μέλλοντος αἰῶνος ἰσάριθμος ἐν τῷ ἑβδόμῳ αἰῶνι τὰ περὶ τοῦ ὀγδόου ὡς ἐνῆν διερευνᾶν· ἧκεν ἀπαγγείλων ἡμῖν τὰ θεῖα τοῦ Σωτῆρος ἡμῶν Ἰησοῦ Χριστοῦ σωτηριώδη διδάγματα. Καὶ καθάπερ ὁ πρὸ αὐτοῦ χάριτι θείᾳ δαψιλῶς καὶ ῥᾳδίως ἐξεῖπε πῶς ὁ λύχνος τοῦ σώματός ἐστιν ὁ ὀφθαλμὸς καὶ τί ἐστι μαμωνᾶς καὶ πῶς οὐδεὶς δύναται δυσὶ κυρίοις δουλεύειν καὶ ὅτι μηδὲν μεριμνᾶν περὶ βρωμάτων τε καὶ πομάτων καὶ ἐνδυμάτων καὶ σκεπασμάτων, ἀλλὰ τὴν τῶν οὐρανῶν ζητεῖν βασιλείαν καὶ ταῦτα πάντα ἡμῖν χορηγήσει, καὶ μηδὲν εἰς τὴν αὔριον μεριμνᾶν, διότι ἀρκετὸν τῇ ἡμέρᾳ ἡ κακία αὐτῆς, καὶ ἡ αὔριον μεριμνήσει τὰ ἑαυτῆς, καὶ μνείαν ποιησάμενος ἀνδρῶν πανοσίων καὶ περὶ αὐτῶν διαλεχθεὶς κατὰ τὸ ἐνὸν τοῦ δρόμου κατέπαυσε. Καὶ εἰκότως ἐκεῖνος ἀναπαύσιμος εἴρηται, ἅτε δὴ περὶ ἑβδόμου ὡς ἕβδομος τρανῶς διηγησάμενος· ὁ δὲ παρὼν ὄγδοος ὢν περὶ ὀγδόου, πρὸς ὃν καὶ τὴν κρίσιν ὁ κριτὴς ἐταμιεύσατο, ὡς ἡ θεία χάρις προτείνει, λέγειν ἐπείγεται.","Stefanis 1996","124","125","238","162","191b3f623de4dd76a82532ebcc47d16fc7076d336813d2b6db498172b623e0a0","","False","False"
"239","Η΄","§2","Εἰς τὰς σεπτὰς καὶ αὖθις θείας ἐντολάς καὶ εἰς τὴν δευτέραν παρουσίαν","Ἀλλὰ φέρε δὴ λοιπὸν καὶ αὖθις τὰς ἁγίας ἐντολὰς τοῦ Κυρίου καὶ Θεοῦ καὶ Σωτῆρος ἡμῶν Ἰησοῦ Χριστοῦ εἰς μέσον ἀγάγωμεν καὶ ἴδωμεν τί ἡμῖν ὁ Σωτὴρ σαφῶς ἐνετείλατο. Μὴ κρίνετε, φησί, καὶ οὐ μὴ κριθῆτε· ἐν ᾧ γὰρ κρίματι κρίνετε, κριθήσεσθε· καὶ ἐν ᾧ μέτρῳ μετρεῖτε, μετρηθήσεται ὑμῖν. Τοῦτο πολλοὶ τῶν ὁσίων πατέρων ἐκλαμβάνουσι τὸ ῥητὸν εἰς τοὺς τὰ ἀλλότρια πταίσματα καθορᾶν ἐφιεμένους καὶ διὰ γλώττης κρίνοντας τοὺς ἐπταικότας ἅμα καὶ κατακρίνοντας καὶ περὶ μὲν τῶν ἰδίων σφαλμάτων αἴσθησιν μὴ λαμβάνοντας, περὶ ἀλλοτρίων δὲ γενομένους ἐξερευνήτορας, καὶ ταῖς γλώσσαις αὐτῶν ὡς ἀναμάρτητοι δῆθε τὸν πλησίον ὡς ὑπεύθυνον κρίνουσι.","Stefanis 1996","125","125","239","99","788d89310f038e5944f8053ec59458904a99f24ef4f3ca976627a32f457f7cc9","","False","False"
"240","Η΄","§3","Εἰς τὰς σεπτὰς καὶ αὖθις θείας ἐντολάς καὶ εἰς τὴν δευτέραν παρουσίαν","Δέχομαι οὖν τὴν ῥῆσιν ταύτην καὶ κρίσιν τῶν πανοσίων πατέρων μου καὶ αἰσίως ἀσπάζομαι, βούλομαι δὲ χάριτι καὶ συνεργίᾳ τοῦ δόντος ἡμῖν τὰς σωστικὰς ταύτας καὶ ἁγίας ἐντολὰς εἰπεῖν πλατυτέρως τί ἐστι τὸ κρίνειν καὶ κατακρίνειν μετρᾶν τε καὶ ἀντιμετρᾶσθαι καὶ ὅσα ἑξῆς ἀκολούθως ὁ Δεσπότης ἐντέλλεται. Καὶ τοῦτο οὐκ ἐξ οἰκείων λόγων ἁπλῶς, ἀλλ᾿ ἐκ γραφικῶν θεσπισμάτων τὴν ἔννοιαν τοῦ ῥητοῦ σὺν Θεῷ παραστήσομεν.","Stefanis 1996","125","125","240","65","c8ba7d1d4922b1b08a87c61a63bab7bd849b6d612f1054eee18e7749fa9a1a05","","False","False"
"241","Η΄","§4","Εἰς τὰς σεπτὰς καὶ αὖθις θείας ἐντολάς καὶ εἰς τὴν δευτέραν παρουσίαν","Ὁπηνίκα γάρ τινες καθεσθῶσι καὶ τὰ ἀλλότρια πταίσματα εἰς μέσον ἀγάγωσι καὶ τὰ ἐκείνων ἀπάρξωνται ἐξερευνεῖν ἁμαρτήματα, μομφῆς ἂν ταῦτα εἴποιμι ἔγωγε καὶ λοιδορίας, μᾶλλον δὲ καὶ καταλαλιᾶς τὰ ῥήματα, ὡς τό· Καθήμενος κατὰ τοῦ ἀδελφοῦ σου κατελάλεις, καὶ ὅτι· Τὸν καταλαλοῦντα λάθρᾳ τοῦ πλησίον αὐτοῦ καὶ τὰ ἑξῆς. Κρίσιν δὲ οὐκ ἂν εἴποιμι τοῦτο, εἰ μήπου οἱ λόγοι τοῦ καταλάλου εἰς κρίσιν, ἤγουν εἰς κριτήριον δυναστῶν, τὸν διαβληθέντα εἰσάξουσι· τότε ὄντως κατέκρινε παραδοὺς τὸν ἀδελφὸν εἰς κριτήριον, καὶ μέλλει καὶ αὐτὸς εἴτε προσκαίρως εἴτε καὶ αἰωνίως ἀντιμετρεῖσθαι καὶ κρίνεσθαι.","Stefanis 1996","125","125","241","90","615d137ca67b6d02d51c4f0f5865fb17cd97cad4cfe26f6620e304b2bbd991e5","","False","False"
"242","Η΄","§5","Εἰς τὰς σεπτὰς καὶ αὖθις θείας ἐντολάς καὶ εἰς τὴν δευτέραν παρουσίαν","Τότε, φησίν, ἰδὼν ὁ Ἰούδας ὅτι κατεκρίθη (τότε, πότε; τότε, μεθὸ παρέδωκε τὸν Χριστὸν εἰς χεῖρας ἀνόμων) ἰδὼν ὅτι κατεκρίθη μεταμεληθεὶς εἶπεν· Ἥμαρτον παραδοὺς αἷμα ἀθῷον. Καὶ εἰ ἐκεῖνος τό· Ἥμαρτον εἰπὼν οὐδὲν ὠφελήθη καὶ τὰ τριάκοντα ῥίψας ἀργύρια ἀπελθὼν ἐκ πολλῆς ἀθυμίας ἀπήγξατο, τί οὐκ ἂν πείσονται οἱ πολλοὺς προδιδόντες εἰς βάσανα καὶ μηδόλως πεπραχέναι κακὸν λογιζόμενοι; ἐν ᾧ γὰρ κρίματι κρίνετε, κριθήσεσθε.","Stefanis 1996","125","125","242","64","7adeaeb1ca2a6a20cc7e3a44e3531204fd5d978f7e65dea0388f2f55545f6085","","False","False"
"243","Η΄","§6","Εἰς τὰς σεπτὰς καὶ αὖθις θείας ἐντολάς καὶ εἰς τὴν δευτέραν παρουσίαν","Εἶχε δὲ καὶ ἐκ συνηθείας παλαιᾶς ὁ Ἰουδαϊκὸς τότε λαὸς λιθοβολεῖν καὶ ἀποκτέννειν τοὺς μοιχοὺς καὶ τοὺς κλέπτας καὶ τοὺς λοιποὺς τοὺς ἑαλωκότας ἐν οἱῳδήποτε σφάλματι, καίπερ ἦν πολλάκις ὁ ἀναιρούμενος τῶν ἀναιρούντων δικαιότερος. Ταύτην τὴν συνήθειαν βουληθεὶς ὁ πανάγαθος περικόψαι Δεσπότης ἔφη· Μὴ κρίνετε, καὶ οὐ μὴ κριθῆτε· ἐν ᾧ γὰρ κρίματι κρίνετε, κριθήσεσθε. Ἔκριναν γάρ ποτε οἱ κριταὶ καὶ πρεσβύτεροι τὴν μακαρίαν λιθασθῆναι Σωσάνναν καί, ἐν ᾧ ἔκριναν κρίματι, αὐτοὶ κατεκρίθησαν.","Stefanis 1996","125","126","243","73","9f2a0e4e7de355351d1a16466ab40a36cb5b643c325d4d8650371f7b3c06b349","","False","False"
"244","Η΄","§7","Εἰς τὰς σεπτὰς καὶ αὖθις θείας ἐντολάς καὶ εἰς τὴν δευτέραν παρουσίαν","Ἄγουσι δὲ καὶ οἱ γραμματεῖς καὶ οἱ Φαρισαῖοι γυναῖκα ἐπὶ μοιχείᾳ κατειλημμένην καὶ λέγουσι τῷ Ἰησοῦ· Διδάσκαλε, ταύτην εὕρομεν ἐπ᾿ αὐτοφώρῳ μοιχευομένην, ἐν δὲ τῷ νόμῳ ἡμῶν Μωσῆς ἐνετείλατο τὰς τοιαύτας λιθάζειν· σὺ οὖν τί λέγεις περὶ αὐτῆς; Ὁ δὲ Ἰησοῦς οὐδὲ ἀποκρίσεως ὅλως τούτους ἀξιῶσαι ἠθέλησε· ὡς δὲ ἐπέμενον ἐρωτῶντες αὐτόν, εἶπε πρὸς αὐτούς· Εἴ τις ὑμῶν ἀναμάρτητος, πρῶτος βαλέτω λίθον ἐπ᾿ αὐτήν. Τοῦτο ἐκεῖνοι ἀκούσαντες ἀνεχώρησαν, ἐπεὶ οὐδεὶς ἦν ἀναμάρτητος ἐξ αὐτῶν. Καὶ εἶπεν ὁ Ἰησοῦς τῇ γυναικί· Ποῦ εἰσιν οἱ κατήγοροί σου, ὦ γύναι; οὐδείς σε κατέκρινε; Καὶ εἶπεν ἡ γυνή· Οὐχί, Κύριε. Καὶ λέγει αὐτῇ ὁ Ἰησοῦς· Οὐδὲ ἐγώ σε κατακρίνω.","Stefanis 1996","126","126","244","105","171e7c1f45eb14933afea554f8f22755e55ac6d417469748b5f079b1d94ca3e3","","False","False"
"245","Η΄","§8","Εἰς τὰς σεπτὰς καὶ αὖθις θείας ἐντολάς καὶ εἰς τὴν δευτέραν παρουσίαν","Ὁρᾶτε τὴν δύναμιν οἵα ἐστὶ τοῦ μὴ κρίνετε, καὶ οὐ μὴ κριθῆτε, ἤτοι μὴ κολάσετε, καὶ οὐ μὴ κολασθῆτε; ἐμοὶ ἐκδίκησις, ἐμοὶ καὶ τὸ κρίνειν· ἐγὼ ἀνταποδώσω, λέγει Κύριος· ἐγὼ γὰρ κρινῶ δικαίως πᾶσαν τὴν γῆν καὶ ἑκάστῳ ἀποδώσω κατὰ τὰ ἔργα αὐτοῦ. Σὺ δὲ ὑπεύθυνος ὢν καὶ μυρίων κακῶν ὑπεργέμων, ὦ ἄνθρωπε, τοὺς ἀνευθύνους κρίνεις καὶ κολάζεις ὑπεύθυνος ὤν; καίπερ πολλάκις τὸν ἀσεβῆ ἐδικαίωσας ἕνεκε δώρων καὶ ἔστησας αὐτὸν ὡς ἀνεύθυνον τὸν ὑπεύθυνον καὶ τὸ δίκαιον τοῦ δικαίου ἀφαιρούμενος ἀπ᾿ αὐτοῦ κατέκρινας ὡς ὑπεύθυνον. Μὴ οὖν κρίνετε, καὶ οὐ μὴ κριθῆτε· ἐν ᾧ γὰρ κρίματι κρίνετε, κριθήσεσθε, τουτέστιν, ἐὰν δικαίως καὶ φιλανθρώπως τὸ κρίσιμον ποιήσητε σκοπῷ τοῦ ἐπιστρέψαι πρὸς εὐταξίαν τὸν ἄτακτον, τοῦτο πανόσιον, εἰ δὲ ἀδίκως καὶ ἀσυμπαθῶς κρίνητε τὸν ὁμόφυλον, <ἐν> ᾧ κρίματι κρίνετε, κριθήσεσθε· καὶ ἐν ᾧ μέτρῳ μετρεῖτε, μετρηθήσεται ὑμῖν (ὁμοίως καὶ τοῦτο τὴν αὐτὴν κέκτηται δύναμιν).","Stefanis 1996","126","126","245","142","5b284de24ac0d1bd1dd327515be410376c47650eecb0df52a9b237b86d868861","","False","False"
"246","Η΄","§9","Εἰς τὰς σεπτὰς καὶ αὖθις θείας ἐντολάς καὶ εἰς τὴν δευτέραν παρουσίαν","Εἴτε οὖν ἀγαθὸν εἴτε κακὸν δράσει τις πρός τινα, τὸ αὐτὸ πείσεται καὶ αὐτὸς παρὰ τοῦ δικαίου κριτοῦ, εἴτε ἐν τῷδε τῷ βίῳ εἴτε ἐν τῷ μέλλοντι. Καὶ ὅτι τοῦτο ἀληθές, ὅρα τί γέγραπται ἐν τῇ βίβλῳ Κριτῶν· Ὅτε, φησί, κατέδραμον ὀπίσω Ἀδωνὶ Βεζὲκ καὶ κατέλαβον αὐτόν, κατέκομψαν τὰ ἄκρα τῶν χειρῶν αὐτοῦ καὶ τῶν ποδῶν· καὶ εἶπεν Ἀδωνὶ Βεζέκ· Ἑβδομήκοντα βασιλεῖς τὰ ἄκρα τῶν χειρῶν καὶ τῶν ποδῶν αὐτῶν κεκομμένοι ἦσαν συλλέγοντες τὰ ὑποκάτω τῆς τραπέζης μου· καθὼς οὖν ἐποίησα, οὕτως ἀνταπέδωκέν μοι ὁ Θεός.","Stefanis 1996","126","126","246","86","56c8a03355e030ede3a2aca63f4f415572806120c74de0de102294d40dbe0ef0","","False","False"
"247","Η΄","§10","Εἰς τὰς σεπτὰς καὶ αὖθις θείας ἐντολάς καὶ εἰς τὴν δευτέραν παρουσίαν","Ναί, φησί, καὶ εἰ τοῦτό ἐστι τὸ κρίνειν καὶ κρίνεσθαι μετρεῖν τε καὶ ἀντιμετρεῖσθαι, πῶς ὁρῶμεν πολλοὺς κρίνοντας ἅμα καὶ κατακρίνοντας καὶ μετροῦντας κακῶς καὶ πλεονεκτοῦντας ἀπλήστως καὶ ἀνηλεῶς κολάζοντας οὐχ ὑπευθύνους ἁπλῶς ἀλλὰ καὶ ἀνευθύνους πολλάκις, καὶ οὔτε ἀντικρίνονται ἐν ᾧ κρίνουσι κρίματι οὔτε ἀντιμετροῦνται, ὡς ὁ ῥηθεὶς βασιλεὺς Ἀδωνὶ Βεζέκ, ἀλλ᾿ ἐν πάσῃ εὐπραγίᾳ καὶ ῥώσει καὶ δόξῃ καὶ πλούτῳ καὶ τρυφῇ καὶ εὐδοξίᾳ ἡ τούτων ῥᾳδίως κακοπραγία περαίνεται;","Stefanis 1996","126","126","247","71","a85be49765716b1d2918d454fa530286da187e4fd22fec647df310d1effa1784","","False","False"
"248","Η΄","§11","Εἰς τὰς σεπτὰς καὶ αὖθις θείας ἐντολάς καὶ εἰς τὴν δευτέραν παρουσίαν","Τάχα κρίματα λέγεις καὶ αὐτὸς οἷα ὁ θεῖος ἐκεῖνος ἔφησεν Ἰερεμίας· Πλὴν κρίματα, φησί, λαλήσω πρὸς σέ, Κύριε· τί ὅτι ἀσεβῶν εὐοδοῦται ὁδός; εὐθήνησαν γὰρ ἅπαντες οἱ ἀθετοῦντες ἀθέτημα· ἐφύτευσας αὐτοὺς καὶ ἐρριζώθησαν καὶ ἐποίησαν καρπόν· ἐγγὺς εἶ τοῦ στόματος αὐτῶν καὶ πόρρω ἀπὸ νεφρῶν αὐτῶν. Συνᾴδει δὲ τοῦτο καὶ ὁ θεῖος Ἀββακοὺμ οὑτωσὶ λέγων· Ἐξεναντίας, φησί, γέγονε κρίσις, καὶ ὁ κριτὴς λαμβάνει· διὰ τοῦτο διεσκέδασται νόμος, καὶ οὐ διεξάγεται εἰς τέλος κρῖμα, ὅτι ὁ ἀσεβὴς καταδυναστεύει τὸν δίκαιον. Ὁρᾷς πῶς οὐ μόνον ἐν τῇ Καινῇ ἀλλὰ καὶ ἐν τῇ Παλαιᾷ Διαθήκῃ ἀποδύρονται προφῆται διὰ τὸ ἀθετεῖσθαι τοὺς νόμους τοῦ Θεοῦ;","Stefanis 1996","126","127","248","101","a8169bb27c4e697b53332954451c56d24e64b7cc1993e567e7b8887156795258","","False","False"
"249","Η΄","§12","Εἰς τὰς σεπτὰς καὶ αὖθις θείας ἐντολάς καὶ εἰς τὴν δευτέραν παρουσίαν","Ναί, φησί, καὶ πῶς νῦν μὲν κρίνει ὁ Θεὸς ὡς ἐκείνῳ τῷ Ἀδωνὶ Βεζὲκ καὶ ὡς τοὺς κριτὰς τῆς μακαρίας Σωσάννης, νῦν δὲ παρορᾷ; Ταύτην τὴν πεῦσιν ὁ θεῖος ῥητορεύων Χρυσόστομος λέγει ὅτι, <εἰ> ἔκρινεν ὁ Θεὸς πάντας τοὺς κακοποιοὺς ἐν τῷδε τῷ βίῳ, ἔμελλον λέγειν τινὲς μὴ εἶναι κρίσιν κατὰ τὸ μέλλον· ἐὰν δὲ πάλιν ὅλως οὐκ ἔκρινεν ἐν τῷδε τῷ βίῳ, ἔμελλον λέγειν μὴ εἶναι Θεόν. Τοιγαροῦν διὰ τοῦτο κρίνει καὶ οὐ κρίνει, ἵνα πιστεύωμεν ὅτι καὶ Θεὸς ἔστι καὶ ἡ κρίσις γενήσεται μετὰ τὴν τοῦδε τοῦ βίου περαίωσιν. Ὁρᾷς τοῦ σοφοῦ τὴν ἐπίλυσιν, πῶς σοι ῥᾳδίως λέλυκε τὸ ζητούμενον;","Stefanis 1996","127","127","249","102","4dd6b37cfb681f5cb05f1a765b7226f22bbaea5e4825852f5ecc01c077263a8b","","False","False"
"250","Η΄","§13","Εἰς τὰς σεπτὰς καὶ αὖθις θείας ἐντολάς καὶ εἰς τὴν δευτέραν παρουσίαν","Ὅρα οὖν, καὶ εἰκόνισμα κἀγώ σοι ἕτερον φράσω, καὶ ἐκ τοῦ εἰκονίσματος γνώσῃ σαφῶς τοῦ κειμένου τὴν δύναμιν. Ὑπόθου μοι εἶναι βασιλέα τινὰ πλούσιον σφόδρα δύο υἱοὺς ἐσχηκότα, οὓς καὶ ἀνεθρέψατο ἐν παιδείᾳ καὶ νουθεσίᾳ ὡς πατὴρ ἀγαθὸς καὶ φιλότεκνος λίαν, ὥστε ῥυθμίζειν τοὺς παῖδας μηδὲν ἀνάξιον πράττειν τῆς πατρικῆς εὐγενείας. Παιδαγωγήσας οὖν αὐτοὺς καὶ ἀναθρέψας καὶ εἰς μέτρον ἀγαγὼν ἡλικίας, ἔδοξεν αὐτῷ τιμῆσαι τοὺς παῖδας τιμὴν αὐτεξούσιον· τὸ γὰρ μὴ αὐτεξούσιον ἄγεται ὡς δοῦλον ἢ ὡς κτῆνος ὑπὸ τοῦ ἄγοντος τοῦτο, ὥστε, εἴτε καλὸν δράσειεν εἴτε κακόν, οὔτε δοξάζεται οὔτε κολάζεται.","Stefanis 1996","127","127","250","92","ffcb06897bfce62018856e1f8e4a7da72bb6dbaa00c9df69f019f5d18530ddd3","","False","False"
"251","Η΄","§14","Εἰς τὰς σεπτὰς καὶ αὖθις θείας ἐντολάς καὶ εἰς τὴν δευτέραν παρουσίαν","Ἐκεῖνος δὲ ὁ βασιλεὺς καὶ πατήρ, τιμήσας τοὺς παῖδας τιμὴν αὐτεξούσιον, φησὶ πρὸς αὐτούς· Βούλομαι ὑμᾶς, τεκνία μου, ἀπολῦσαι ἀπ᾿ ἐμοῦ μέχρι καιροῦ, ἤτοι ἑβδομάδος μιᾶς ἐχούσης πληθὺν ἡμερῶν καὶ μακρότητα βίου, ἵνα καὶ ὑμεῖς τιμηθῆτε τῇ αὐτεξουσίῳ τιμῇ. Ἐὰν ἄρα τέως καὶ τὰ τιμῆς ἄξια πράξετε, καὶ οἱ μεγιστᾶνοι τοῦ οἴκου μου γνώσονται τῆς πρός με φιλοπατρίας ὑμῶν τὸ φιλόστοργον· ἐὰν γὰρ τηρήσετε τὰς ἐμὰς ἐντολάς, γνώσονται πάντες ὅτι ἐμοὶ ἀληθῶς κληρονόμοι πεφύκατε καὶ τῆς ἐμῆς εὐγενείας τὰ σήμανδρα ἐν ἑαυτοῖς ἐμφανίζετε. Καὶ ἰδοὺ ἐντέλλομαι ὑμῖν τῶν ἀγαθῶν τὸ κεφάλαιον, ἤγουν τὴν εἰς ἐμὲ ὁλοκάρδιον στοργὴν καὶ τὴν εἰς ἀλλήλους φιλίαν τὴν ἀνυπόκριτον, ἐπεὶ ἡ ἀγάπη τῷ πλησίον κακὸν οὐκ ἐργάζεται, ἡ δὲ πρός με στοργὴ ὑμῶν οὐκ ἐάσει ὑμᾶς τῷ ἐχθρῷ μου δουλεῦσαι, ἀλλὰ τηρήσει ὑμᾶς ἀπροσίτους μὲν πάσης κακίας, πλεονεξίας δηλαδὴ καὶ κλεψίας πορνείας τε καὶ μοιχείας καὶ πάσης ἄλλης ἁπλῶς αἰσχρουργίας, εἰσάξει δὲ ὑμᾶς εἰς ἔρωτα ἄλλον, τὸν εἰς ἐμὲ δηλονότι, καὶ τὸν ἐμοὶ ἀποκείμενον ὄλβον. Ἐὰν οὖν θέλητε καὶ εἰσακούσετέ μου, τῆς ἐμῆς βασιλείας ὡς κληρονόμοι πάντως ἐπαπολαύσητε· ἐὰν δὲ τὰς ἐμὰς ἐντολὰς ἀθετήσητε καὶ ὀπίσω τῶν ἐπιθυμιῶν ὑμῶν καταδιώξητε καὶ τὰ φίλα τοῦ ἐχθροῦ μου σὺν ἐκείνῳ διαπράξητε, οὐ μόνον τῆς ἐμῆς βασιλείας ἐξωσθήσεσθε, ἀλλὰ σὺν ἐκείνῳ τὰς δι᾿ ἐκεῖνον ἑτοιμασθείσας κολάσεις καὶ ὑμεῖς ἀδεκάστως κληρώσεσθε· περαιωθείσης γὰρ τῆς ἑβδομάδος ἐκείνης τῆς παρ᾿ ἐμοὶ ὁρισθείσης παραστήσω ὑμᾶς τῷ ἀδεκάστῳ μου βήματι καὶ ἑκάστῳ ὑμῶν ἀποδώσω κατὰ τὴν πρᾶξιν αὐτοῦ, εἴτε ἀγαθὴν εἴτε σκολιάν, καὶ τὸν ἴδιον μισθὸν ἕκαστος κατὰ τὸν ἴδιον εἰκότως λήψεται κόπον.","Stefanis 1996","127","128","251","250","c2191687254a3aa4af7ca11c6c76ae6bdfabbafcddf2d5c65f14fe7862a3b1fe","","False","False"
"252","Η΄","§15","Εἰς τὰς σεπτὰς καὶ αὖθις θείας ἐντολάς καὶ εἰς τὴν δευτέραν παρουσίαν","Πρὸς ταῦτα ὁ νεώτερος υἱὸς ἀποκριθεὶς ἔφη τῷ βασιλεῖ· Καὶ ποῦ, δέσποτα, τὸ φιλάνθρωπον τῆς σῆς ἀγαθότητος, ποῦ δὲ καὶ ἡ μεγάλη ἄβυσσος τοῦ ἐλέους σχεθήσεται, εἰ ἑκάστῳ ἀποδώσεις κατὰ τὰ ἔργα αὐτοῦ καὶ λάβῃ ἕκαστος μισθὸν κατὰ τὸν ἴδιον κόπον; ἴσμεν γὰρ ὅτι τῆς δικαιοκρισίας σου πλεονάζει, μᾶλλον καὶ ὑπερβλύζει, τὸ ἔλεος τῆς εὐσπλαγχνίας σου, δι᾿ ἧς ἐκεῖνος ὁ τῶν μυρίων ὀφειλέτης ταλάντων τῆς ἀφέσεως ἔτυχε, καὶ οἱ περὶ τὴν ἑνδεκάτην ὥραν ἐργάται τοῖς περὶ τὴν πρώτην ἰσώθησαν.","Stefanis 1996","128","128","252","79","cd5195122b2af197092ab53d7a7e10b7c296fe34f0fd7aa82a79939d78373e06","","False","False"
"253","Η΄","§16","Εἰς τὰς σεπτὰς καὶ αὖθις θείας ἐντολάς καὶ εἰς τὴν δευτέραν παρουσίαν","Καὶ ὁ βασιλεύς· Φιλανθρωπίας μου πέλαγος καὶ ἄβυσσον οἰκτιρμῶν μου οὐχ ὑμῶν ἐστιν ἀπαιτῆσαί με, ἀλλ᾿ ἐν τῇ ἐμῇ πάντως ἐστὶν ἐξουσίᾳ, καὶ ὅσοι φιλανθρωπίας ἐλέους ἄξιοι τυγχάνουσιν, οὗτοι ταύτης πάντως καὶ τεύξονται· ὑμᾶς δὲ οὐ προσήκει κακῶς ἐκλαμβάνειν τὴν ἐμὴν εὐσπλαγχνίαν καὶ ἁμαρτάνειν ἀδεῶς, μήπως μείζονα τῆς ἀφέσεως πράξαντες τῆς συγχωρήσεως ἀποτύχητε, καὶ οὐδὲν ὑμᾶς ὠφελήσει τὸ καλεῖν με φιλάνθρωπον, ὥσπερ οὐδ᾿ ἥλιος ὠφελεῖ τοὺς τυφλώττοντας, εἰ καὶ τῇ αἴγλῃ φωτίζει τῆς γῆς τὰ πληρώματα.","Stefanis 1996","128","128","253","76","247f9f7ee9836fa9c0eb9c0e594e894cf8eb6f1b427d04e01c6f47dd54f3095f","","False","False"
"254","Η΄","§17","Εἰς τὰς σεπτὰς καὶ αὖθις θείας ἐντολάς καὶ εἰς τὴν δευτέραν παρουσίαν","Ὑπολαβὼν δὲ ὁ πρεσβύτερος υἱὸς ἔφη τῷ βασιλεῖ· Ὑπὲρ ἀξίαν τῆς ἡμῶν χθαμαλότητός ἐστιν, ὦ δέσποτα, καὶ αὐτὸ μόνον τὸ καλεῖν σε πατέρα. Τοῦτο οὐ τῆς ἡμῶν ἀξίας ἁπλῶς πέφυκε τὸ κεφάλαιον ἀλλὰ τῆς σῆς πρὸς ἡμᾶς εὐσπλαγχνίας τὸ σαφέστατον γνώρισμα. Τοῦτο καὶ μόνον ἡμᾶς ἱκανοῖ παντοίας ἐμπιπλᾶσθαι τιμῆς ἐν τῷ λέγεσθαι ἡμᾶς τηλικούτου πατρὸς κληρονόμους καὶ ἐν τῷ καλεῖν σε πατέρα· πολλῆς ἡμῖν χρεία σπουδῆς, πολλῆς νήψεως, πολλῆς ἐγρηγόρσεως, μήπως, ἀναξίως τῆς τιμῆς ταύτης πολιτευθέντες, οὐδὲν ἡμᾶς ὀνήσῃ τὸ καλεῖν σε πατέρα· ὁπηνίκα γὰρ γούγινον λάβωμεν ἢ ἕτερόν τι θλιπτικὸν ἀμυντήριον καὶ τύπτειν ἐν ὀργῇ τοὺς ὁμοφυεῖς ἡμῶν ἀδελφοὺς ὅλως θελήσωμεν, πῶς ἄρα κληθείημεν ἀξίως υἱοὶ τῆς σῆς ἀγαθότητος, πῶς δέ σε καὶ πατέρα καλέσαι τολμήσομεν, λέγοντες καὶ δρῶντες αἰσχρά, τὸν φύσει ὄντα καθαρὸν καὶ ἀκήρατον; Τὸ δὲ καὶ αὐτεξουσίους ἡμᾶς καταλεῖψαι καὶ πρὸς σὲ περαιωθείσης τῆς ἑβδομάδος ἀναδραμεῖν καὶ τῆς σῆς βασιλείας κληρονόμους ὀφθῆναι καὶ ἐν ἀπολαύσει γενέσθαι τῶν αὐτῆς ἀγαθῶν τίς ἱκανὸς ἀξίως εὐχαριστῆσαι;","Stefanis 1996","128","128","254","157","5970ea0dbc47ee4aca40941703c09f53c83b35c4816d37b0c7d613f29f593e42","","False","False"
"255","Η΄","§18","Εἰς τὰς σεπτὰς καὶ αὖθις θείας ἐντολάς καὶ εἰς τὴν δευτέραν παρουσίαν","Ταύτην προσεπαινέσας τὴν κρίσιν ὁ δίκαιος πατήρ, ἀντέφησεν ὁ νεανίσκος· Καὶ ποία λοιπὸν τοῦ αὐτεξουσίου ὄνησις γένοιτ᾿ ἄν, ὦ δέσποτα, ποία δὲ τιμὴ ἐντεῦθεν προσπελάσει τινί, εἰ μέλλοιεν αἰτεῖσθαι εὐθύνας οἱ δρῶντες κακά; Καὶ ὁ πατήρ· Οὐ ταὐτεξούσιον αἴτιον τοῖς δρῶσι κακά, προαιρέσει δὲ οἰκείᾳ δρᾷ τὸ καλὸν ἕκαστος ἢ τὸ ἐναντίον.","Stefanis 1996","128","128","255","52","5b711c4e98cabae29ac9a7ad56609840fcfd1666e71b5ee23cb3d3783a55e036","","False","False"
"256","Η΄","§19","Εἰς τὰς σεπτὰς καὶ αὖθις θείας ἐντολάς καὶ εἰς τὴν δευτέραν παρουσίαν","Ναί, φησὶν ὁ νεανίας, καὶ τίνι τὴν προαίρεσιν ὑπογράψωμεν κακῶς προαιρουμένῳ; Σοῦ αὐτοῦ, φησὶν ὁ πατήρ, διότι προείλω τοῦ ἀγαθοῦ τὸ κακόν, καθάπερ τις τοῦ βλέπειν προαιρεῖται τὸ μύειν· εἰ μὴ γὰρ τοῦτο ἦν τῇ φύσει τεθέν, οὐκ ἂν ἀξιέπαινος ἦν τις εὖ πεποιηκώς, οὐδὲ πάλιν ἐκ τοῦ εὖ πρὸς τὸ φεῦ τις διατραπεὶς ἀξιοκατάκριτος ἦν· καὶ ἦν λοιπὸν ἑκατέροις βίᾳ, οὐ προαιρέσει, τὸ κακὸν δρᾶν ἢ τὸ καλόν.","Stefanis 1996","129","129","256","69","808f14a1df329f874f9f3d35418915520531d2faf455a3847d4a08a828b88cd2","","False","False"
"257","Η΄","§20","Εἰς τὰς σεπτὰς καὶ αὖθις θείας ἐντολάς καὶ εἰς τὴν δευτέραν παρουσίαν","Ταῦτα καὶ ἕτερα πάμπολλα ποθεινά τε καὶ ἐπίφοβα διαλεχθεὶς πρὸ νόμου καὶ ἐν νόμῳ καὶ μετὰ νόμον ὁ μέγας ἐκεῖνος καὶ δίκαιος βασιλεὺς ὁμοῦ καὶ πατὴρ παιδαγωγῶν ἅμα καὶ ἐντελλόμενος εἰς πρόσωπα δύο, πρεσβύτου καὶ νέου, δηλονότι διττοῦ λαοῦ, ἁμαρτωλοῦ καὶ δικαίου, ἀπέλυσε κατὰ τόνδε τὸν βίον, ἄχρις ἂν ἡ ὡρισμένη τῶν αἰώνων περαιωθῇ ἑβδομάς. Καὶ ἔστιν ἀκούειν καὶ βλέπειν ἐν τῷδε τῷ βίῳ τῶν δύο υἱῶν λαῶν διαλεγομένων τοιαῦτα οἷα καὶ ἀνωτέρω μικρὸν ὅ τε νεώτερος υἱὸς ἅμα τῷ πρεσβυτέρῳ τῷ πατρὶ διελέγοντο.","Stefanis 1996","129","129","257","84","1fc8dead8b59536058260150fc32e403060c602e8c460a0dfdaa4b7eace73052","","False","False"
"258","Η΄","§21","Εἰς τὰς σεπτὰς καὶ αὖθις θείας ἐντολάς καὶ εἰς τὴν δευτέραν παρουσίαν","Καὶ ὅσοι φιλήδονοι καὶ φιλόσαρκοι καὶ τοῖς πάθεσιν ὑποκύπτειν βουλόμενοι, τὰ ἐκείνου προσφθέγγονται ῥήματα· ὅσοι δὲ πάλιν ταῖς ἡδοναῖς καὶ τοῖς πάθεσιν ἀντιπαλαίειν βουλόμενοι λέγουσι· Κἂν μυρίους θανάτους ὑπὲρ Χριστοῦ ὑπομείνωμεν, οὐδὲν τῆς αὐτοῦ εἰς ἡμᾶς εὐσπλαγχνίας ἀντάξιον ἀντεισάξομεν, οὐδὲ ἄξια τὰ παθήματα τοῦ νῦν καιροῦ, ἀποστολικῶς <εἰπεῖν>, πρὸς τὴν μέλλουσαν δόξαν ἀποκαλυφθῆναι εἰς ἡμᾶς, καὶ ὅσα ἁπλῶς ἀνωτέρω τῷ πατρὶ διελέχθη ὁ πρεσβύτερος υἱὸς ἐν καταβεβλημένῳ φρονήματι.","Stefanis 1996","129","129","258","68","4949ac9385edad31599cf4fc1b8033a158197db2847e510c23dff14f3d89da05","","False","False"
"259","Η΄","§22","Εἰς τὰς σεπτὰς καὶ αὖθις θείας ἐντολάς καὶ εἰς τὴν δευτέραν παρουσίαν","Ὁ δὲ πατὴρ ἄνωθεν βλέπων καὶ ἀκούων ἑκατέρων ἀνέχεται· καὶ οὔτε κακοὺς τιμωρεῖται ἐν τῷδε τῷ βίῳ οὐδὲ ἀγαθοὺς στεφανοῖ, ἀλλ᾿ Ἰδοὺ ἔρχομαι, φησί, συναγαγεῖν τὰ ἔργα καὶ τοὺς λόγους καὶ τὰς ἐνθυμήσεις αὐτῶν, καὶ πάλιν· Ἐγὼ τὰ ἔργα αὐτῶν καὶ τοὺς λόγους ἐπίσταμαι καὶ ἀποδώσω ἑκάστῳ κατὰ τὴν πρᾶξιν αὐτοῦ.","Stefanis 1996","129","129","259","51","c89f389fa8ea3f922d5979bd060295f72f8ce1d99f5e4c8992c220f03e79cf3e","","False","False"
"260","Η΄","§23","Εἰς τὰς σεπτὰς καὶ αὖθις θείας ἐντολάς καὶ εἰς τὴν δευτέραν παρουσίαν","Ὁρᾷς, ἀγαπητέ, δι᾿ ἣν αἰτίαν κρίνοντες οἱ ἄνθρωποι ἅμα καὶ κατακρίνοντες καὶ μετροῦντες κακῶς καὶ βιοτεύοντες ἀναιδῶς οὐδὲν ἀνιαρὸν ὑπομένουσιν, ἀλλὰ μᾶλλον ἐν εὐπραγίᾳ καὶ εὐδοξίᾳ καὶ ῥώσει, ὡς προέφης διαπορῶν, ἡ τούτων κακοπραγία περαίνεται; Καὶ τί ξένον, εἰ εὐημεροῦσιν ἁμαρτωλοὶ ὀρθόδοξοι ἐν τῷδε τῷ βίῳ, ὅπουγε καὶ πολλοὶ κακοδόξων καὶ ἀπίστων ἐθνῶν πολλῶν κατὰ τὸ ἐνεστὸς ἀγαθῶν ἐμπιπλῶνται δόξης τε καὶ ὑγείας καὶ δαψιλότητος πλούτου ἐπαπολαύουσι πλείστου; Οὔτε τοίνυν ἐκείνων τὴν ἀπιστίαν οὔτε τούτων τὴν αἰσχρουργίαν ἀποδέχεται Κύριος, ἀλλ᾿ ὅμως εὐημεροῦσιν ἑκάτεροι· δύο γὰρ υἱούς, ὡς ἤκουες ἀνωτέρω, νουθετήσας τὰ εἰκότα ὁ πατὴρ εἰς τὸν κόσμον ἐξέπεμψεν.","Stefanis 1996","129","129","260","98","52c3d9836f1016103d6f3f457d47b1e06aa4ca502a86bb55cd972f3d7efbea35","","False","False"
"261","Η΄","§24","Εἰς τὰς σεπτὰς καὶ αὖθις θείας ἐντολάς καὶ εἰς τὴν δευτέραν παρουσίαν","Ὅτι δὲ εἰς δύο πρόσωπα ἡ ἀνθρωπίνη πᾶσα ἐκλαμβάνεται φύσις οὐχ ἁπλῶς ἐστι στοχασμὸς τῆς ἐμῆς ἀγροικίας, ἀλλ᾿ ὁ Δεσπότης ἡμῶν καὶ Κύριος Ἰησοῦς Χριστὸς διδάσκει τοῦτο ἀναφανδὸν ἀσώτου υἱοῦ καὶ δικαίου ποιούμενος μνείαν καὶ αὖθις τελώνου καὶ Φαρισαίου καὶ πάλιν πλουσίου τινὸς καὶ Λαζάρου πτωχοῦ καὶ φρονίμων πέντε παρθένων καὶ ἄλλων πέντε μωρῶν, ὡς πρόβατα δὲ καὶ ἐρίφια διαιρήσει τούτους εἰς δύο καὶ δύο στάσεις, δεξιοὺς καὶ εὐωνύμους, τούτοις προτείνει καὶ πρὸς δύο χώρας τούτους ἐκπέμπειν ἐξεῖπεν· Ἀπελεύσονται, φησίν, οὗτοι εἰς κόλασιν αἰώνιον, οἱ δὲ δίκαιοι εἰς ζωὴν αἰώνιον. Ὁρᾷς ὅτι οὐ στοχασμὸς τῆς ἐμῆς ἀμαθίας, ἀλλὰ κυριολέκτως ὁ λόγος ἀπέδειξεν ὅτι εἰς δύο πρόσωπα διαιρεῖται ἅπας γηγενής;","Stefanis 1996","129","130","261","109","d6df10fb8117e553e479db09b3db84ebd718922d9bb0364318d785625d577fed","","False","False"
"262","Η΄","§25","Εἰς τὰς σεπτὰς καὶ αὖθις θείας ἐντολάς καὶ εἰς τὴν δευτέραν παρουσίαν","Τί οὖν; ἐπεὶ εἰς δύο πρόσωπα διαιρεῖται πᾶσα ἡ ἀνθρωπίνη φύσις, ὡς φαίης, οὐδεμία λοιπὸν γενήσεται διαφορὰ τῷ πιστῷ ἁμαρτωλῷ ἐκ τοῦ μιαροῦ ἐθνικοῦ καὶ ἀπίστου τελείως; οὐδὲ ὠφελήσει ποσῶς ἡ πίστις τοὺς αἰσχρῶς βιοτεύσαντας, ἀλλὰ καὶ αὐτοὶ σὺν τοῖς ἀπίστοις τὰς κολάσεις κληρώσονται μηδεμίαν εὑράμενοι διὰ τῆς πίστεως ὄνησιν;","Stefanis 1996","130","130","262","50","7c2db33202724b56097609e590e9e555f4cc06087d584fe97ac9c547e0b964a8","","False","False"
"263","Η΄","§26","Εἰς τὰς σεπτὰς καὶ αὖθις θείας ἐντολάς καὶ εἰς τὴν δευτέραν παρουσίαν","Εἴθε, ἀγαπητέ, διὰ πίστεως καὶ μόνης πεφθάκει ἔλεος πᾶσι πιστοῖς· τοῦτο πάντως κἀμὲ αὐτὸν τὰ μέγιστα ὠφέλησεν ἄν· ἐὰν γὰρ καὶ θελήσω εἰπεῖν ὠφελεῖν μόνην τὴν πίστιν, κἂν καί τις ἔργα φθάσῃ ἔχειν αἰσχρά, ἐπέχει μου τὴν χεῖρα ὁ τέττιξ ἐκεῖνος ὁ φήσας τρανῶς ὅτι· Ἡ πίστις χωρὶς ἔργων νεκρά ἐστι. Σὺ δὲ πυθόμενος παρ᾿ ἐμοὶ τί ἐστι τὸ νεκρόν, πάντως ἐρεῖς μοι ὅτι τὸ ἀνενέργητον· εἰ οὖν ἐνεργεῖ τὸ νεκρόν τι, πάντως ἂν καὶ ἡ νεκρὰ πίστις ἐνεργήσει τι.","Stefanis 1996","130","130","263","80","b01f3a322fd17a653344446d8cc8ed9a8b3f36c7f75bac8ea14c3c50caca154e","","False","False"
"264","Η΄","§27","Εἰς τὰς σεπτὰς καὶ αὖθις θείας ἐντολάς καὶ εἰς τὴν δευτέραν παρουσίαν","Καὶ ποία λοιπὸν ἡμῖν γένοιτ᾿ ἄν, φησίν, ἐλπὶς σωτηρίας τοῖς πεφθακόσιν εἰς βάθος κακίας διὰ παθῶν τυραννίδα καὶ ἐν ἕξει φιληδονίας γενόμενοι δυσαπόσπαστον ἔχομεν τὴν αὐτῆς ἀναχώρησιν; ἄρα λοιπὸν μετὰ ἀπίστων καὶ ἡμεῖς εὐθύνας ἀδιαφόρως ὑφέξομεν;","Stefanis 1996","130","130","264","36","4a8da7b4343844e400ba74cba2637a2f5e088e004de19d69c6eeff83a63d771e","","False","False"
"265","Η΄","§28","Εἰς τὰς σεπτὰς καὶ αὖθις θείας ἐντολάς καὶ εἰς τὴν δευτέραν παρουσίαν","Ἄκουσον ὁ πυθόμενος ἀψευδῆ τὴν ἀπόκρισιν, ἄκουσον ἀπόκρισιν μίαν καὶ ἀγάλλου τῷ πνεύματι καὶ ἄκουσον ἄλλην καὶ φρῖξον καὶ τρόμαξον· Πάντας γὰρ ὁ Θεὸς θέλει σωθῆναι καὶ εἰς ἐπίγνωσιν ἀληθείας ἐλθεῖν· διὸ καὶ οὐρανοὺς ἔκλινε καὶ κατῆλθε καὶ ἐκάλεσεν ἁμαρτωλοὺς εἰς μετάνοιαν καὶ οὐ θελήσει θέλει τὸν θάνατον τοῦ ἁμαρτωλοῦ, ὡς τὸ ἐπιστρέψαι καὶ ζῆν αὐτόν. Καὶ χαίρει ὁ ποιμὴν ὁ καλὸς ἐν τῇ εὑρέσει τοῦ ἀπολλυμένου προβάτου· καὶ τὰς φίλας αὐτοῦ δυνάμεις χαίρειν προτρέπεται, ὁπηνίκα τὴν κεχωσμένην εὕροι δραχμὴν ἐκ τῶν παθῶν ἀνανήψασαν· καὶ γίνεται χαρὰ ἐν τῷ οὐρανῷ ἐπὶ ἑνὶ ἁμαρτωλῷ μετανοοῦντι· καὶ γάννυται ὁ πατὴρ τοῦ ἀσώτου ἐπιστραφέντος καὶ φαιδρῶς ἑορτάζων προσφωνεῖ τῷ δικαίῳ· Οὗτος ὁ υἱός μου νεκρὸς ἦν καὶ ἀνέζησεν, ἀπολωλὼς ἦν καὶ εὑρέθη.","Stefanis 1996","130","130","265","119","4496bbe204d27dca42e4a527c33e63a81b73f29193d8948426264f84fd8e35e0","","False","False"
"266","Η΄","§29","Εἰς τὰς σεπτὰς καὶ αὖθις θείας ἐντολάς καὶ εἰς τὴν δευτέραν παρουσίαν","Πηλίκας οὖν ἔχοντες μαρτυρίας μηδεὶς ἀπογνώσῃ· μόνον σπευσάτω ποιῆσαι καρπὸν ἕκαστος ἄξιον τῆς μετανοίας καὶ οὐ μόνον ἐκφύγῃ ἀπίστοις συγκολασθῆναι καὶ ἁμαρτωλοῖς, ἀλλὰ καὶ σὺν ἁγίοις γένηται ὁ κλῆρος αὐτοῦ χάριτι Θεοῦ. Αὕτη γὰρ καὶ μόνη μετὰ Θεὸν ἐλπὶς σωτηρίας, δι᾿ ἧς ἐσώθη λῃστὴς καὶ ἄσωτος καὶ τελώνης καὶ πόρνη καὶ Νινευῗται καὶ Μανασσῆς ἐκεῖνος ὁ δεινὸς τῇ κακίᾳ.","Stefanis 1996","130","130","266","59","6ac1eb9184f9fcefaf094c68fd9a305b744d38ffcb6d0e01f052e4d9cfb6c6a2","","False","False"
"267","Η΄","§30","Εἰς τὰς σεπτὰς καὶ αὖθις θείας ἐντολάς καὶ εἰς τὴν δευτέραν παρουσίαν","Ναί, φησίν, οὕτως ἔχειν πιστεύομεν, ἀλλὰ πειρᾷ ἡμᾶς ὁ λογισμός, ὅτι οὐ μὴ ἀπολέσῃ χριστιανὸν ὁ Θεός, οὐδ᾿ οὐ μὴ συνεκπέμψῃ κολασθῆναι πιστὸν σὺν ἀπίστοις. Τάχα κόπους ὀνησιφόρους προσάγεις ἡμῖν προσποιούμενος ἄγνοιαν καὶ ἐν αὐτοῖς τοῖς προδήλοις. Ὁ Θεὸς γάρ τινα οὐκ ἀπόλλει· θάνατον, φησίν, ὁ Θεὸς οὐκ ἐποίησεν οὐδὲ τέρπεται ἐπ᾿ ἀπωλείᾳ ἀνθρώπου, ἀπόλλυσι δὲ πάντως ἡ ἁμαρτία καὶ ὁ διάβολος· ὁ δὲ Θεὸς οὐ χρείαν ἔχει, φησίν, ἁμαρτωλοῦ ἀνδρός, δηλαδὴ τοῦ μὴ ἐλθόντος εἰς μετάνοιαν ὅλως. Ὅσους γὰρ πειρᾷ ὁ λογισμός, καθὼς εἴρηκας ἀνωτέρω, σῴζεσθαι διὰ πίστεως καὶ μόνης ἐν ἔργοις αἰσχροῖς, οὐ σὺν ἀπίστοις ἁπλῶς ἀλλὰ τῷ διαβόλῳ καὶ τοῖς ἀγγέλοις αὐτοῦ συνεκπέμπειν εἰς πῦρ τὸ αἰώνιον ὁ κριτὴς ἀπεφήνατο· Πορεύεσθε, φησίν, ἀπ᾿ ἐμοῦ οἱ κατηραμένοι εἰς τὸ πῦρ τὸ αἰώνιον τὸ ἡτοιμασμένον τῷ διαβόλῳ καὶ τοῖς ἀγγέλοις αὐτοῦ.","Stefanis 1996","130","131","267","132","748dec64e9693f1fde94b231329122b04ec683499436c0e811f3563f7b46b544","","False","False"
"268","Η΄","§31","Εἰς τὰς σεπτὰς καὶ αὖθις θείας ἐντολάς καὶ εἰς τὴν δευτέραν παρουσίαν","Τί σοι δοκεῖ; πρὸς πιστοὺς ἢ πρὸς ἀπίστους ἡ σφοδρὰ αὕτη ἐξεφωνήθη ἀπειλή; ἐμοὶ γὰρ δοκεῖ πρὸς πιστούς, ὅτι δὲ πρὸς πιστούς, ἄκουε καὶ τὰ ἐγκλήματα· Ἐπείνασα, φησί, καὶ οὐκ ἐδώκατέ μοι φαγεῖν· ἐδίψησα, καὶ οὐκ ἐποτίσατέ με· ξένος ἤμην, καὶ οὐ συνηγάγετέ με· γυμνός, καὶ οὐ περιεβάλετέ με· ἀσθενὴς καὶ ἐν φυλακῇ, καὶ οὐκ ἐπεσκέψασθέ με. Ἆρα οὖν ζητεῖ ὁ Χριστὸς ἐξ ἀπίστου τινὸς βρῶμα ἢ πόμα ἢ ἔνδυμα ἤ τι ἄλλο τῶν ἀναγκαίων; ἄπαγε· πῶς γὰρ καὶ ἀπαιτήσει ἐλεημοσύνην τοὺς βλασφημοῦντας αὐτόν;","Stefanis 1996","131","131","268","84","78a153f9874be6f365ccb7ee259da935e3861d16711fc9f37754662f3933b0f3","","False","False"
"269","Η΄","§32","Εἰς τὰς σεπτὰς καὶ αὖθις θείας ἐντολάς καὶ εἰς τὴν δευτέραν παρουσίαν","Ἐὰν δὲ καὶ μυρίας ἐργάσωνται ἐλεημοσύνας, οὐ μὴ θεάσωνται οὐρανῶν βασιλείαν. Ἐὰν μή τις, φησί, γεννηθῇ δι᾿ ὕδατος καὶ πνεύματος, οὐ μὴ ἴδῃ τὴν βασιλείαν τῶν οὐρανῶν. Ὅρα λοιπὸν ὅτι πρὸς πιστοὺς ἀνελεήμονας εἴρηται τό· Πορεύεσθε ἀπ᾿ ἐμοῦ οἱ κατηραμένοι εἰς τὸ πῦρ τὸ αἰώνιον τὸ ἡτοιμασμένον τῷ διαβόλῳ καὶ τοῖς ἀγγέλοις αὐτοῦ· εἰκὸς γὰρ τοῖς ἀνελεήμοσι καὶ ἄλλας ἔχειν πράξεις αἰσχράς.","Stefanis 1996","131","131","269","62","41775546528582b7ebd7adf6591e462e8376dbda3dfddc5cec895b0041137d5d","","False","False"
"270","Η΄","§33","Εἰς τὰς σεπτὰς καὶ αὖθις θείας ἐντολάς καὶ εἰς τὴν δευτέραν παρουσίαν","Ἔχει γὰρ πάντως ὁ ἀνελεήμων καὶ πᾶσαν ἀπήνειαν καὶ ὀρέγεται ἀπλήστως τῶν ἀλλοτρίων πραγμάτων· καὶ γὰρ ἁρπάζει καὶ πλεονεκτεῖ καὶ θλίβει τὸν πένητα, ἵνα πληρώσῃ τάχα τὸ Σολομώντειον ῥῆμα τὸ φάσκον ὅτι· Ὁ θλίβων πένητα παροξύνει τὸν ποιήσαντα αὐτόν, ὁ δὲ ἐλεῶν πτωχὸν δανείζει Θεῷ. Καί· Ἡ βουλή μου ἀρεσάτω σοι, βασιλεῦ, εἶπε τῷ Ναβουχοδονόσορι ὁ θεῖος ἐκεῖνος Δανιήλ, τὰς ἁμαρτίας σου ἐν ἐλεημοσύναις λύτρωσαι καὶ τὰς ἀνομίας σου ἐν οἰκτιρμοῖς πενήτων.","Stefanis 1996","131","131","270","72","035db0c958f8f8a81314f4b733aa7bbc5b3773f024e2a8b083da69b8df1b5a27","","False","False"
"271","Η΄","§34","Εἰς τὰς σεπτὰς καὶ αὖθις θείας ἐντολάς καὶ εἰς τὴν δευτέραν παρουσίαν","Ἄρτι δὲ τἀναντία τούτων συμβαίνειν καθ᾿ ἑκάστην ὁρῶμεν, οἷον ὅτι τὰς ἀνομίας καὶ τὰς ἁμαρτίας ἡμῶν αὐξῆσαι σπουδάζομεν ἐκ τοῦ θλίβειν τοὺς πένητας. Ἐπείνασα, φησί, καὶ οὐκ ἐδώκατέ μοι φαγεῖν· ἐδίψησα, καὶ οὐκ ἐποτίσατέ με· ξένος ἤμην, καὶ οὐ συνηγάγετέ με· γυμνός, καὶ οὐ περιεβάλετέ με· ἀσθενὴς καὶ ἐν φυλακῇ, καὶ οὐκ ἐπεσκέψασθέ με, καί· Ἐφ᾿ ὅσον οὐκ ἐποιήσατε ἑνὶ τούτων τῶν ἀδελφῶν μου τῶν ἐλαχίστων, οὐδὲ ἐμοὶ ἐποιήσατε.","Stefanis 1996","131","131","271","69","1eea9cd862f8ab9319964038bbbdb0730bcfc31ca6492a3553907368e73cb169","","False","False"
"272","Η΄","§35","Εἰς τὰς σεπτὰς καὶ αὖθις θείας ἐντολάς καὶ εἰς τὴν δευτέραν παρουσίαν","Ἐὰν δὲ ἄρα εὑρεθῶσί τινες μὴ μόνον <μὴ> τρέφοντες καὶ ποτίζοντες ἀλλὰ καὶ τὸ βρῶμα διαρπάζοντες καὶ τὸ πόμα τοῦ πένητος καὶ μὴ μόνον ξένους μὴ συνεισάγοντες καὶ γυμνοὺς περιβάλλοντες ἀλλὰ καὶ τῆς αὐτῶν ἑστίας θλίβοντες ξενιτεύουσι καὶ τῶν μικρῶν ἐνδυμάτων αὐτῶν τούτους ἐκδιδύσκουσι καὶ μὴ μόνον τοὺς ἀσθενοῦντας καὶ ἐν φυλακῇ μὴ ἐπισκεπτόμενοι ἀλλὰ καὶ τοὺς ὑγιεῖς τύπτοντες ἀνηλεῶς καὶ συντρίβοντες κλινήρεις ἐργάσονται καὶ τῆς φυλακῆς ἔξω διάγοντας πρὸς αὐτὴν κατακλείσουσιν, ἆρα ἀκούσουσιν οὗτοι ἐν τῇ ἡμέρᾳ τῆς κρίσεως τό· Πορεύεσθε ἀπ᾿ ἐμοῦ οἱ κατηραμένοι εἰς τὸ πῦρ τὸ αἰώνιον τὸ ἡτοιμασμένον τῷ διαβόλῳ καὶ τοῖς ἀγγέλοις αὐτοῦ ἢ οὔ;","Stefanis 1996","131","132","272","101","c68d1c38a93931f028eaef706dd253d1f95f0c248c1390e2259c87099967e0d1","","False","False"
"273","Η΄","§36","Εἰς τὰς σεπτὰς καὶ αὖθις θείας ἐντολάς καὶ εἰς τὴν δευτέραν παρουσίαν","Ἐὰν μετανοήσωσι, φησί, οὐ μὴ τὸ φρικτὸν τοῦτο ἀκούσουσι πρόσρημα. Τοῦτο πάντως φημὶ κἀγώ, ἀλλ᾿ ἐὰν ποιήσωσι καρπὸν ἄξιον τῆς μετανοίας. Ἀλλὰ πότε ποιήσει καρπὸν μετανοίας ὁ λέγων ὅτι εἰς τήνδε τὴν δουλείαν ὠφελήθην νομίσματα τόσα καὶ λίτρας τόσας καὶ τόσας ἢ κεντηνάρια τόσα; οὐδὲ γὰρ λέγει ὅτι ἥρπασα ἢ ἐπλεονέκτησα ἢ ἐσυκοφάντησα καὶ ἤθροισα ἐμαυτῷ τόσα καὶ τόσα καὶ βλάβην ὑπέστην οὐ μικρὰν ψυχικήν, ἀλλ᾿ ὅτι ὠφελήθην τόσα καὶ τόσα. Πῶς οὖν μετανοήσει ποτὲ ὁ καλῶν ὠφέλειαν τῆς πλεονεξίας τὴν βλάβην;","Stefanis 1996","132","132","273","82","e7e49d935397fa3ebba49c8c28945d988c0a32b2b0a2836fc27ada8a9c0b4d73","","False","False"
"274","Η΄","§37","Εἰς τὰς σεπτὰς καὶ αὖθις θείας ἐντολάς καὶ εἰς τὴν δευτέραν παρουσίαν","Ἔστι δὲ τῷ πλεονέκτῃ καρπὸς ἄξιος τῆς μετανοίας οὐχ ἵνα ἐξ ὧν ἐπλεονέκτησε καὶ μόνον διανέμῃ, ἀλλ᾿ ἵνα σὺν τούτοις καὶ τὰ ἡμίση τῶν αὐτοῦ ὑπαρχόντων διανέμῃ τοῖς πένησι. Ἰδού, φησὶν ὁ Ζακχαῖος, τὰ ἡμίση τῶν ὑπαρχόντων μοι, Κύριε, δίδωμι τοῖς πτωχοῖς καί, εἴ τινός τι ἐσυκοφάντησα, ἀποδίδωμι τετραπλοῦν. Ἔδειξεν ὄντως καρπὸν ἄξιον τῆς μετανοίας. Καὶ εἶπεν ὁ Κύριος ὅτι· Σήμερον σωτηρία τῷ οἴκῳ τούτῳ ἐγένετο.","Stefanis 1996","132","132","274","66","4ce29af24380c73c98d6106620847bfe70cb656af094ae33328182d6c0ceb4fd","","False","False"
"275","Η΄","§38","Εἰς τὰς σεπτὰς καὶ αὖθις θείας ἐντολάς καὶ εἰς τὴν δευτέραν παρουσίαν","Τίνας δὲ ἄρα καὶ ἐσυκοφάντησεν ὁ Ζακχαῖος εἰς τὸ αὐτοῦ τελώνιον, ἤτοι ἐργαστήριον, καθεζόμενος καὶ πλὴν τοῦ ὠνεῖσθαι καὶ ἐξωνεῖσθαι μηδὲν ἀσχολούμενος; δῆλον ὅτι, ἐὰν παρετρυτάνισέ τινι ἢ παρεπίπρασεν ἢ παρωνήσατο, τοῦτο συκοφαντίαν εἰκότως ἐκάλεσεν· ἐκεῖνος γὰρ τὴν αὐτοῦ πραγματείαν συκοφαντίαν ἐκάλεσεν, ἡμεῖς δὲ τὰς πλεονεξίας καὶ ἁρπαγὰς καὶ ὄντως συκοφαντίας καλοῦμεν ὠφέλειαν, ἵν᾿, ὥσπερ ἐκεῖ εἶπε· Σωτηρία τῷ οἴκῳ τούτῳ ἐγένετο, εἴπῃ τοὐναντίον ἐνταῦθα, ὃ καὶ σιωπητέον.","Stefanis 1996","132","132","275","68","f96aff24f602cd40f1ac4bebca268bdc019f97235a4ac5ff05691c87805f39f5","","False","False"
"276","Η΄","§39","Εἰς τὰς σεπτὰς καὶ αὖθις θείας ἐντολάς καὶ εἰς τὴν δευτέραν παρουσίαν","Ἔδει δὲ ἡμᾶς προειπεῖν περὶ τῶν <ἐκ> δεξιῶν τοῦ Σωτῆρος σταθησομένων προβάτων καὶ αὖθις τῶν ἐξ εὐωνύμων· ἐπεὶ δὲ ἄνωθεν ὡς ἐκ δύο προσώπων διαλεγόμενος ὁ λόγος πρὸς τὰ ἐρίφια πρῶτον κατέδραμε, δέον λοιπὸν εἰπεῖν καθ᾿ εἱρμὸν τὰ φρικτὰ καὶ σωτήρια τοῦ κριτοῦ καὶ Δεσπότου ἡμῶν καὶ Θεοῦ Ἰησοῦ Χριστοῦ ἀληθῆ ἀποφθέγματα.","Stefanis 1996","132","132","276","52","5f32c26d40e182ece7041f07095dfccc5840d8fed41b38b0d6059883eea202e7","","False","False"
"277","Η΄","§40","Εἰς τὰς σεπτὰς καὶ αὖθις θείας ἐντολάς καὶ εἰς τὴν δευτέραν παρουσίαν","Ὅταν ἔλθῃ, φησίν, ὁ υἱὸς τοῦ ἀνθρώπου ἐν τῇ δόξῃ αὐτοῦ, καὶ πάντες οἱ ἅγιοι ἄγγελοι μετ᾿ αὐτοῦ. Ἐπεὶ γὰρ ἐν τῇ πρώτῃ αὐτοῦ παρουσίᾳ οὐκ ἦλθεν ἐν τῇ δόξῃ αὐτοῦ, ἀλλ᾿ ὡς εἷς τῶν πενήτων μὴ ἔχων ποῦ τὴν κεφαλὴν κλῖναι, καὶ ἐτέχθη ἐν σπηλαίῳ καὶ τέκτονος υἱὸς ἐλογίσθη, καὶ ἀδελφοὶ καὶ ἀδελφαὶ αὐτοῦ ἐλογίσθησαν οἱ γόνοι τοῦ τέκτονος, μαθητὰς δὲ δώδεκα καὶ αὐτοὺς ἐξ ἀγροίκων καὶ ἁλιέων ἐκλεξάμενος πεποίηκεν αὐτοῦ ὀπαδούς, καὶ οὐκ ἦλθεν ἵνα κρίνῃ τότε τὸν κόσμον, ἀλλ᾿ ἵνα καλέσῃ ἁμαρτωλοὺς εἰς μετάνοιαν καὶ σώσῃ τὸν κόσμον, καὶ ἦλθεν εἰς τὰ ἴδια ἐν σχήματι εὐτελείας, καὶ οἱ ἴδιοι αὐτὸν οὐ παρέλαβον καὶ τὴν πολλὴν αὐτοῦ ἀγνοήσαντες συγκατάβασιν καὶ τὸ ἄμετρον ἔλεος ψιλὸν ἄνθρωπον τοῦτον ἐνόμισαν, καὶ οὐ μόνον ψιλὸν ἀλλὰ καὶ πλάνον καὶ ἀπατεῶνα καὶ παραβάτην τοῦ νόμου καὶ μετὰ ἀνόμων λῃστῶν δικάσαντες τοῦτον θανάτῳ ἀσχήμονι κατεδίκασαν. Ἀλλ᾿ ὅταν ἔλθῃ ἐν τῇ δόξῃ αὐτοῦ ὁ υἱὸς τοῦ ἀνθρώπου, τίς ὑπομενεῖ ἡμέραν εἰσόδου αὐτοῦ, κατὰ τὸν ἅγιον Μαλαχίαν;","Stefanis 1996","132","132","277","161","cced08a7a84a0da2b8d4cd76d3f7fa121ff6a2a58d28f09dde7ea8789fd6ba70","","False","False"
"278","Η΄","§41","Εἰς τὰς σεπτὰς καὶ αὖθις θείας ἐντολάς καὶ εἰς τὴν δευτέραν παρουσίαν","Πολλαχῶς δὲ υἱὸν ἀνθρώπου ὁ Δεσπότης ἑαυτὸν ὀνομάζει· Ὄψονται, φησί, τὸν υἱὸν τοῦ ἀνθρώπου μετὰ δυνάμεως καὶ δόξης πολλῆς, καί· Ἀπ᾿ ἄρτι ὄψεσθε τὸν υἱὸν τοῦ ἀνθρώπου ἐκ δεξιῶν τῆς δυνάμεως καὶ ἐρχόμενον ἐπὶ τῶν νεφελῶν τοῦ οὐρανοῦ, καί· Ἀπ᾿ ἄρτι ὄψεσθε τὸν οὐρανὸν ἀνεῳγότα καὶ τοὺς ἀγγέλους τοῦ Θεοῦ ἀναβαίνοντας καὶ καταβαίνοντας ἐπὶ τὸν υἱὸν τοῦ ἀνθρώπου. Ἐξουσίαν δὲ ἔχει καὶ κρίσιν ποιεῖν· ὅτι δὲ υἱὸς ἀνθρώπου ἐστί, μὴ θαυμάζετε τοῦτο.","Stefanis 1996","133","133","278","72","6d4248188951163845dbed653eb63f19f2ba53bd8af842f3b07c8c67cd95d2ee","","False","False"
"279","Η΄","§42","Εἰς τὰς σεπτὰς καὶ αὖθις θείας ἐντολάς καὶ εἰς τὴν δευτέραν παρουσίαν","Καὶ ἁπλῶς μυριάκις εὕροι αὐτόν τις υἱὸν ἀνθρώπου ἑαυτὸν ὀνομάζοντα, καὶ ἄξιον ἡγοῦμαι ζητῆσαι ποίου ἀνθρώπου ἐστὶν υἱὸς καὶ συχνάκις αὐτοῦ μνημονεύει. Οὐδὲ γὰρ τὸν Πατέρα καὶ Θεὸν ἄνθρωπον λέγει, ἄπαγε· Θεὸν γὰρ καὶ Κύριον καὶ παντοκράτορα καὶ παντεπόπτην καὶ ἄλλα τινὰ ἀξιοθαύμαστα ὀνόματα κεκτῆσθαι τὸν Θεὸν ἀκηκόαμεν, ἄνθρωπον δὲ οὐδαμοῦ. Ἀλλ᾿ οὐδὲ πάλιν τὸν δίκαιον καὶ μνήστορα Ἰωσὴφ ἄνθρωπον λέγει καὶ υἱὸν αὐτοῦ ἑαυτὸν ὀνομάζει, καθότι οὐδ᾿ αὐτοῦ ἐστιν υἱός.","Stefanis 1996","133","133","279","71","1c570e151f008539c8d8d40c45305e4b86d3184c8e5fac32cb2cdc02630a4d1d","","False","False"
"280","Η΄","§43","Εἰς τὰς σεπτὰς καὶ αὖθις θείας ἐντολάς καὶ εἰς τὴν δευτέραν παρουσίαν","Οὗτος δὲ ὁ ἄνθρωπος ἡ θεόνυμφος, οἶμαι, καὶ θεοτίμητος καὶ θεοχώρητος καὶ πανακήρατος καὶ θεοπρόκριτος πέφυκε Δέσποινα· οὐδὲ γὰρ γέγονε πλὴν αὐτῆς ἄνθρωπος ἄλλος ἀπὸ κτίσεως κόσμου οὐδ᾿ οὐ μὴ γένηται· ἄνθρωπος ὄντως αὐτή, δι᾿ ἧς καὶ τῶν ἀνθρώπων ἀνεκλήθη τὸ γένος, δι᾿ ἧς ἐλυτρώθη τῆς φθορᾶς τὸ ἀνθρώπειον, δι᾿ ἧς ἔζησε νεκρωθεὶς ὁ ἄνθρωπος καὶ ἐθεώθη τῶν βροτῶν ἡ οὐσία καὶ ὁ θάνατος τέθνηκε, δι᾿ ἧς ἡ ἀφθαρσία καρποφορεῖ καὶ ἡ φθορὰ ἐξηφάνισται. Ταύτης υἱὸς γεγονὼς πατρικῇ εὐδοκίᾳ καὶ συνεργίᾳ Πνεύματος ἁγίου ὁ τοῦ Θεοῦ Λόγος καὶ Υἱὸς θαμὰ υἱὸν ἀνθρώπου ἑαυτὸν ὀνομάζει.","Stefanis 1996","133","133","280","94","da3a14814ce36c8d9ff8677f30861418cbf5a11135fdc46474eb18380b6e6fba","","False","False"
"281","Η΄","§44","Εἰς τὰς σεπτὰς καὶ αὖθις θείας ἐντολάς καὶ εἰς τὴν δευτέραν παρουσίαν","Ναί, φησί, καὶ ἔδει λοιπὸν μὴ λέγειν υἱὸν τοῦ ἀνθρώπου ἀλλ᾿ υἱὸν τῆς παρθένου. Ἐὰν γὰρ ἔλεγεν υἱὸν τῆς παρθένου, εἶχον ἂν λέγειν Ἰουδαῖοι πάλιν ὅτι· Δαιμόνιον ἔχει. Τίς γὰρ οἶδέ ποτε υἱὸν λέγοντα μητέρα ἔχειν παρθένον; οὐδὲ γὰρ ἐφάνη παρθένος πώποτε τέξασα υἱόν, οὐδὲ πάλιν ἐφάνη μετὰ τόκον νεᾶνις παρθένος. Ὅτε γὰρ ἤκουον αὐτοῦ λαλοῦντος· Πρὸ τοῦ Ἀβραὰμ ἐγώ εἰμι, ἐβάστασαν λίθους, ἵνα τοῦτον λιθάσωσι· δαιμόνιον ἔχει, φησί, καὶ μαίνεται· τί αὐτοῦ ἀκούετε; Ἐὰν δὲ καὶ παρθένου υἱὸν εἶπεν ἑαυτὸν ἔμπροσθεν τούτων, τί οὐκ ἂν ἐπεχείρησαν οἱ σκληροτράχηλοι καὶ ἀπερίτμητοι; Φειδόμενος οὖν τῆς αὐτῶν κακονοίας ἄνω καὶ κάτω υἱὸν ἀνθρώπου ἑαυτὸν ὀνομάζει, ἵνα πιστωθῇ τοῖς μετέπειτα ὅτι ἀληθῶς ἐσαρκώθη καὶ τοῖς ἀνθρώποις ὡς υἱὸς ἀνθρώπου συνανεστράφη.","Stefanis 1996","133","133","281","117","bfe07fd4caefaf4dd9cb7e50e5c4e90dc1f050899746742e5bd3c9ef5079cffe","","False","False"
"282","Η΄","§45","Εἰς τὰς σεπτὰς καὶ αὖθις θείας ἐντολάς καὶ εἰς τὴν δευτέραν παρουσίαν","Ὅταν δὲ ἔλθῃ ἐν τῇ δόξῃ αὐτοῦ καὶ πάντες οἱ ἅγιοι ἄγγελοι μετ᾿ αὐτοῦ καὶ κενωθῇ ὁ οὐρανὸς τῶν χιλίων χιλιάδων καὶ μυρίων μυριάδων ἀγγελικῶν στρατευμάτων, προπορευόμενοι ὡς δορυφόροι τοῦ βασιλέως τῆς δόξης καὶ συνεπόμενοι καὶ ἀκολουθοῦντες καὶ σαλπίζοντες καὶ νεκροὺς ἐξυπνίζοντες, καὶ ἐκ τῶν τεσσάρων ἀνέμων ἀπ᾿ ἄκρων οὐρανῶν ἕως ἄκρων τῆς γῆς τούτους ἀθροίζοντες, καὶ τὸ σημεῖον τοῦ υἱοῦ τοῦ ἀνθρώπου ἄνω ἐν τῷ οὐρανῷ ἀναφανεῖ προδηλῶν τοῦ βασιλέως τὴν ἔλευσιν, καὶ ὁ ἥλιος καὶ ἡ σελήνη ἅμα τοῖς ἄστρασι καὶ πάντα τὰ στοιχεῖα σχολάσουσι καὶ τὸ σκότος ἀπελαθῇ καὶ ὀφθήσεται ἀνέσπερον φῶς καὶ γενήσεται καινὸς οὐρανὸς καὶ καινὴ γῆ, τότε καθίσει ἐπὶ θρόνου δόξης αὐτοῦ.","Stefanis 1996","133","134","282","108","17491f950c8519b4e905a59ccd2b4987d432c146a4e207cc55945bdf078a309f","","False","False"
"283","Η΄","§46","Εἰς τὰς σεπτὰς καὶ αὖθις θείας ἐντολάς καὶ εἰς τὴν δευτέραν παρουσίαν","Καθίσει γὰρ τότε οὐ τοπικῶς καὶ ἐν ἐκείνῳ τῷ τόπῳ μόνῳ φαινόμενος, ἀλλ᾿ ὥσπερ ἡ ἀστραπὴ ἐξέρχεται ἀπὸ ἀνατολῶν καὶ φαίνεται ἕως δυσμῶν, οὕτως ἔσται, φησί, καὶ ἡ παρουσία τοῦ υἱοῦ τοῦ ἀνθρώπου· τὸ τάχος γὰρ τῆς ἀστραπῆς καὶ ἡ λαμπρότης καὶ τὸ ταύτης ἀδιάλαθον εἰς πάντα τῆς γῆς τὰ πληρώματα φαίνεται, πρὸς ἣν καὶ ἡ δευτέρα Χριστοῦ παρουσία παρείκασται· καὶ ὅπου δ᾿ ἂν εἴη τὸ πτῶμα, ἡ θεία σὰρξ αὐτοῦ, ἐκεῖ συναχθήσονται οἱ ἀετοί, τῶν ἀγγέλων τὰ τάγματα.","Stefanis 1996","134","134","283","79","c940f3318c06ce304eeb6c4cbae7c2ae4633e9b40e5eeb15f0a4adf115896e7c","","False","False"
"284","Η΄","§47","Εἰς τὰς σεπτὰς καὶ αὖθις θείας ἐντολάς καὶ εἰς τὴν δευτέραν παρουσίαν","Καὶ καθίσει ἐπὶ θρόνου δόξης αὐτοῦ ὡς περίβλεπτος καὶ πολύφωτος ἥλιος καταυγάζων τὰ πέρατα. Καὶ συναχθήσονται ἔμπροσθεν αὐτοῦ πάντα τὰ ἔθνη, ἀπό τε τοῦ πρωτοπλάστου Ἀδὰμ μέχρι τῶν τελευταίων, καὶ δίκην ῥοιᾶς μεστῆς ὁ κόσμος ἅπας μεστὸς ὀφθήσεται ἀνθρώπων. Τότε τὰ ζιζάνια χωρίσει τοῦ σίτου πρὸς καῦσιν, τότε τὴν ἁπλωθεῖσαν σαγήνην πρὸς τοῦ βίου τὴν θάλασσαν εἰς τὸν αὐτοῦ αἰγιαλὸν ἀναγάγῃ καὶ τοὺς χρηστοὺς ἐμψύχους ἰχθύας εἰς ἀγγεῖα συλλέξει τῆς αὐτοῦ βασιλείας, τοὺς δὲ σαπροὺς ἔξω βάλῃ δικαίως, τότε τοῦ νυμφῶνος πρὸς πῦρ τοὺς μὴ ἔχοντας ἔνδυμα γάμου ἐκβάλῃ, τότε τὸν πλούσιον ἄσπλαγχνον λαὸν εἰς πῦρ ἀποπέμψει, τότε τῶν μυρίων ταλάντων τὴν ὀφειλὴν ἀπαιτήσει τὸν ἄσπονδον, τότε ἀκούσουσιν οἱ φθονεροὶ τό· Ἆρον τὸ σὸν καὶ ὕπαγε, τότε τὰς μωρὰς παρθένους ψυχὰς ὡς μὴ ἐχούσας ἐλεημοσύνης καρπὸν ὁ νυμφίος ἀρνήσεται, τότε ἀποστραφήσονται οἱ ἁμαρτωλοὶ εἰς τὸν ᾅδην, ὅθεν καὶ ἀνήχθησαν, τότε ὡς ὑπεύθυνος πρὸς κόλασιν ἄγεται ὁ κρύψας τὸ τάλαντον αὐτοῦ χάρισμα, τότε πολλοὶ τῶν λεγόντων· Κύριε Κύριε ἀκούσωσιν· Οὐκ οἶδα ὑμᾶς, ἀποχωρήσατε ἀπ᾿ ἐμοῦ οἱ ἐργάται τῆς ἀνομίας· τότε γοῦν καὶ αἱ δυνάμεις τῶν οὐρανῶν σαλευθήσονται, δηλαδὴ φοβηθήσονται, καὶ σαλευθήσονται κατιοῦσαι μετὰ φόβου καὶ τρόμου σὺν τῷ κριτῇ καὶ Θεῷ κρίνοντι τὴν γῆν.","Stefanis 1996","134","134","284","193","0dd1da341d4a6cc0df4c995f7d8d90ac1013fb5a03be389e737a1be70178a810","","False","False"
"285","Η΄","§48","Εἰς τὰς σεπτὰς καὶ αὖθις θείας ἐντολάς καὶ εἰς τὴν δευτέραν παρουσίαν","Καὶ τίς ἄρα οὐ σαλευθήσεται καὶ τρομάξει τότε καὶ φρίξει λοιπόν; ὡς παγὶς γάρ, φησίν, ἐπελεύσεται ἐπὶ πάντας τοὺς καθημένους ἐπὶ πρόσωπον πάσης τῆς γῆς· καθάπερ γὰρ τὸ νεμόμενον κτῆνος ἐξαίφνης θηρᾶται παγίσι τοῦ θηρευτοῦ, οὕτω, φησί, καί· Ἡ ἡμέρα ἐκείνη ὡς παγὶς ἐπελεύσεται, καί, ὥσπερ ἡ ἀστραπή, ἐξάπινα φαίνεται, καὶ οὐδεὶς γινώσκει τὴν ἡμέραν οὐδὲ τὴν ὥραν τῆς αὐτοῦ παρουσίας, οὐδὲ οἱ ἄγγελοι αὐτοῦ, εἰμὴ μόνος αὐτός.","Stefanis 1996","134","134","285","68","ed39c6a4b475cf5f3cec5732e49ec6779853eb2f417f7a8c0f0b9f23e2085309","","False","False"
"286","Η΄","§49","Εἰς τὰς σεπτὰς καὶ αὖθις θείας ἐντολάς καὶ εἰς τὴν δευτέραν παρουσίαν","Καὶ ὥσπερ οἱ πρὸ τοῦ Νῶε διῆγον ἐν ἀνέσει, ἄχρι ἧς ἡμέρας εἰσῆλθε Νῶε εἰς τὴν κιβωτόν, καὶ οὐκ ἔγνωσαν, ἕως ἦλθεν ὁ κατακλυσμὸς καὶ ἦρεν ἅπαντας, οὕτως ἔσται καὶ ἡ παρουσία τοῦ υἱοῦ τοῦ ἀνθρώπου, καὶ [ὡς] διὰ Μαλαχίου τοῦ προφήτου λέγει ὁ Θεός, ὅτι· Ἰδοὺ ἐγὼ [ἐξα]ποστελῶ ὑμῖν Ἠλίαν τὸν Θεσβίτην, πρὶν ἢ ἐλθεῖν τὴν ἡμέραν Κυρίου τὴν μεγάλην καὶ ἐπιφανῆ, ὃς ἀποκαταστήσει καρδίαν πατρὸς πρὸς υἱὸν καὶ καρδίαν ἀνθρώπου πρὸς τὸν πλησίον αὐτοῦ, μὴ ἐλθὼν πατάξω τὴν γῆν ἄρδην. Εἰκὸς γὰρ καὶ τὸν Ἠλίαν ἐλθεῖν καὶ κηρύττειν, καὶ τὴν ἡμέραν ἀγνοεῖν τῆς Χριστοῦ παρουσίας οὐχ ἁπλῶς τοὺς ἀκούοντας ἀλλὰ καὶ αὐτὸν τὸν κηρύττοντα.","Stefanis 1996","134","134","286","106","73a686230fb8d7f1a6eaf773e508d8811f0d1bad05aaef9d7d3387a5d124f685","","False","False"
"287","Η΄","§50","Εἰς τὰς σεπτὰς καὶ αὖθις θείας ἐντολάς καὶ εἰς τὴν δευτέραν παρουσίαν","Εὐθέως δὲ μετὰ τὴν θλῖψιν τῶν ἡμερῶν ἐκείνων ὁ ἥλιος σκοτισθήσεται, καὶ ἡ σελήνη οὐ δώσει τὸ φέγγος αὐτῆς, καὶ οἱ ἀστέρες πεσοῦνται ἀπὸ τοῦ οὐρανοῦ. Καθάπερ γὰρ ἡμέρας παμφώτου καὶ σταθηρᾶς μεσημβρίας, ὁπηνίκα πλουσίας ὁ ἥλιος ἐκχέει μαρμαρυγάς, οὐκ ἔστι χρεία φωτὸς λυχνικοῦ ἢ λαμπάδος τινός, οὕτως οὐδὲ τότε χρεία ἡλίου καὶ σελήνης καὶ ἄστρων· ἐγένοντο γὰρ ταῦτα εἰς σημεῖα καὶ εἰς καιροὺς καὶ εἰς ἡμέρας καὶ εἰς ἐνιαυτούς.","Stefanis 1996","135","135","287","70","6502c3d4ac16f0d9e24018963334407ff24a3cb10526d0c81b2708f23b77421d","","False","False"
"288","Η΄","§51","Εἰς τὰς σεπτὰς καὶ αὖθις θείας ἐντολάς καὶ εἰς τὴν δευτέραν παρουσίαν","Περαιωθέντων δὲ τῶν χρόνων καὶ ἡμερῶν καὶ νυκτὸς μὴ παρούσης καὶ σημείων χρείας οὐκ οὔσης ἀλλ᾿ ὀφθέντος τοῦ ἡλίου τῆς δικαιοσύνης καὶ τῶν αὐτοῦ φωτεινῶν καὶ ἀστραπηφόρων ἀγγέλων καὶ τῶν δικαίων λαμψάντων ὑπὲρ τὸν ἥλιον, τίς χρεία τότε φωτὸς ἡλιακοῦ καὶ φαύσεως σελήνης ἢ ἑτέρου τινός;","Stefanis 1996","135","135","288","46","206b18660205cee39fcd32e01de4a021d14a29cb6b46d706d82a17a2ab5abd6e","","False","False"
"289","Η΄","§52","Εἰς τὰς σεπτὰς καὶ αὖθις θείας ἐντολάς καὶ εἰς τὴν δευτέραν παρουσίαν","Τότε κόψονται πᾶσαι αἱ φυλαὶ τῆς γῆς, δηλαδὴ τῶν φερόντων ἁμαρτημάτων φορτία τοῖς τραχήλοις αὐτῶν· κόψονται, ὅτι ὁ καιρὸς τῆς αὐτῶν μετανοίας ἐκλείσθη λοιπόν· κόψονται γὰρ διὰ τὸ ζητεῖν καὶ μὴ εὑρίσκειν ὃν καιρὸν κακῶς ἐδαπάνησαν· ὕπνωσαν γὰρ ὕπνον αὐτῶν τὸν θάνατον καὶ ἀναστάντες οὐχ εὗρον οὐδὲν πάντες οἱ ἄνδρες τοῦ πλούτου ταῖς χερσὶν αὐτῶν· κόψονται, ὅτι ἐθησαύριζον καὶ οὐκ ἐγίνωσκον τίνι συνάγουσι· κόψεται ὁ πλούσιος ὁ φάσκων λαός· Καθελῶ μου τὰς ἀποθήκας· εὐφόρησε γάρ μου ἡ χώρα· καὶ μείζονας οἰκοδομήσω καὶ συνάξω ἐκεῖ τὰ γενήματά μου καὶ τὰ ἀγαθά μου καὶ τρυφήσω εἰς ἔτη πολλά· κόψονται, ὅτι ἡ κάμηλος εὐκοπώτερον διέρχεται ῥαφίδος τρυμαλιὰν ἢ πλούσιος εἰς οὐρανῶν βασιλείαν.","Stefanis 1996","135","135","289","109","6a3addfe3eb9e54bbb9eee4c45044d1fa77b4e1648818f2186fcb2d04a3cd59a","","False","False"
"290","Η΄","§53","Εἰς τὰς σεπτὰς καὶ αὖθις θείας ἐντολάς καὶ εἰς τὴν δευτέραν παρουσίαν","Ἐπεὶ δὲ εἰργάσατο σωτηρίαν ἐν μέσῳ τῆς γῆς, τὸν σταυρὸν δηλαδὴ καὶ τὸν θάνατον καὶ τὴν ταφὴν καὶ τὴν ἔγερσιν καὶ τὴν ἁγίαν ἀνάληψιν, ἐκεῖ πάλιν ἐλεύσεται περιέχων τὰ σύμπαντα. Ἄνδρες, φησί, Γαλιλαῖοι, τί ἑστήκατε βλέποντες εἰς τὸν οὐρανόν; οὗτος ὁ Ἰησοῦς ὁ ἀναληφθεὶς ἀφ᾿ ὑμῶν εἰς τὸν οὐρανόν, οὕτως ἐλεύσεται πάλιν ὃν τρόπον ἐθεάσασθε αὐτὸν πορευόμενον εἰς τὸν οὐρανόν. Τρόπῳ μὲν τοιούτῳ, διὰ νεφέλης καὶ δορυφόρων ἀγγέλων, ἐλεύσεται πάλιν, δόξῃ δὲ ἀφράστῳ καὶ ἀνεκλαλήτῳ, μετὰ δυνάμεως καὶ αἴγλης ὅ τι πολλῆς, κάτεισιν ἐκεῖ ὅθεν καὶ ἀνελήφθη καὶ ὡς ἥλιος πολύφωτος καταλάμψει τὴν ὑφήλιον ἅπασαν.","Stefanis 1996","135","135","290","95","953eda0450c7b0f86d7747bb40c1c9b2eaf97f829d705dd2b5b8fd5e075f8167","","False","False"
"291","Η΄","§54","Εἰς τὰς σεπτὰς καὶ αὖθις θείας ἐντολάς καὶ εἰς τὴν δευτέραν παρουσίαν","Ἐκεῖ τὸν ἄρρητον θρόνον τῆς δόξης αὐτοῦ ἑτοιμάσουσιν ἄγγελοι, ἐκεῖ μᾶλλον τεθήσονται θρόνοι, καὶ ἀνοιγήσονται βίβλοι, ὡς εἶδε καὶ εἶπε Δανιήλ, ἐκεῖ χερουβὶμ καὶ σεραφὶμ καὶ κυριότητες ἅμα δυνάμεων καὶ ἐξουσιῶν, ἐκεῖ ἀρχῶν καὶ ἀρχαγγέλων καὶ ἀγγέλων πληθύς, ἐκεῖ χίλιαι χιλιάδες καὶ μύριαι μυριάδες τῶν εἰρημένων δυνάμεων αὐτῷ λειτουργήσουσιν, ἐκεῖ ὀφθήσεται φλὸξ πυρὸς ὁ θρόνος αὐτοῦ καὶ οἱ τροχοὶ αὐτοῦ πῦρ φλέγον (ἐπεὶ γὰρ καὶ ὁ Θεὸς ἡμῶν λέγεται πῦρ καταναλίσκον), καὶ ποταμὸς πυρὸς ἕρψει ἔμπροσθεν αὐτοῦ.","Stefanis 1996","135","135","291","77","6571b9d616ff384eb7a1290002d978d1ddb66701ddd742760858582002922eee","","False","False"
"292","Η΄","§55","Εἰς τὰς σεπτὰς καὶ αὖθις θείας ἐντολάς καὶ εἰς τὴν δευτέραν παρουσίαν","Πῶς δὲ καὶ γένηται καινὸς <ὁ> οὐρανὸς καὶ ἡ γῆ καινὴ λέγειν οὐ δύναμαι· καὶ γὰρ λέγει ὅτι· Ὁ οὐρανὸς καὶ ἡ γῆ παρελεύσονται, οἱ δὲ λόγοι μου οὐ μὴ παρέλθωσιν. Ὁ δὲ προφήτης λέγει Δαυΐδ· Ἐξαποστελεῖς τὸ πνεῦμά σου, καὶ κτισθήσονται, καὶ ἀνακαινιεῖς τὸ πρόσωπον τῆς γῆς. Ἐὰν γὰρ παρελεύσεται ὁ οὐρανὸς καὶ ἡ ῥυπωθεῖσα γῆ ἐξ ἀνθρωπίνων κακῶν καὶ ἄνωθεν ἄλλον καινὸν οὐρανὸν εὐδοκήσει ποιῆσαι καὶ ἄλλην καινὴν γῆν, μᾶλλον δὲ ἐὰν μυρίους εὐδοκήσει ποιῆσαι οὐρανοὺς καὶ γαίας τοσαύτας, τὸ κωλῦον οὐδέν. Ἐὰν δὲ πάλιν τόνδε τὸν οὐρανὸν καὶ τὴν γῆν θελήσει ἀνακαινίσαι, ἑτοιμοτάτη τοῦ θέλειν ἡ δύναμις ἕψεται· πάντα γὰρ ὅσα θέλει πάντως καὶ δύναται ῥᾳδίως ἐπιτελεῖν, ἀλλ᾿ οὐ πάντα ὅσα δύναται θέλει ἐπιτελεῖν, ἵνα μὴ πρὸ καιροῦ πατάξῃ τὴν γῆν, δηλαδὴ τοὺς κακῶς ἐν αὐτῇ ἐνοικοῦντας καὶ τὸν ἀντάρτην σατὰν καὶ τὴν αὐτοῦ συμμορίαν.","Stefanis 1996","135","136","292","138","f1ef9536dc819c01c4a44dfc542ffcac8d2cb950448badbf63beb59245452a97","","False","False"
"293","Η΄","§56","Εἰς τὰς σεπτὰς καὶ αὖθις θείας ἐντολάς καὶ εἰς τὴν δευτέραν παρουσίαν","Θελήσει δὲ τότε καινὸν οὐρανὸν καὶ καινὴν γῆν ἀπαρτίσαι, ὡς οἶδεν αὐτός. Κατ᾿ ἀρχὰς σύ, Κύριε, φησί, τὴν γῆν ἐθεμελίωσας, καὶ ἔργα τῶν χειρῶν σού εἰσιν οἱ οὐρανοί· αὐτοὶ ἀπολοῦνται, σὺ δὲ διαμένεις, καὶ πάντες ὡς ἱμάτιον παλαιωθήσονται, καὶ ὡσεὶ περιβόλαιον ἑλίξεις αὐτούς, καὶ ἀλλαγήσονται. Ὥσπερ γὰρ διώροφον σαθρωθεῖσαν οἰκίαν καὶ ῥυπωθεῖσαν ἐκδημοῦντος τοῦ οἰκοδεσπότου ἐν τῇ αὐτοῦ ἐνδημίᾳ κελεύσει τὴν οἰκίαν καθαρθῆναι καὶ λαμπρυνθῆναι εἰς αὐτοῦ κατοικίαν καὶ τῶν αὐτοῦ θεραπόντων, οὕτω καὶ ὁ Χριστὸς ἐν τῇ ἐνδημίᾳ τῆς δευτέρας αὐτοῦ παρουσίας πρὸς τὴν μέσην ὀροφὴν τῆς σαθρωθείσης καὶ ῥυπωθείσης ταύτης οἰκίας κελεύσει ἀνανεωθῆναι καὶ λαμπρυνθῆναι εἰς ἐπίβασιν τούτου καὶ τῶν αὐτοῦ θεραπόντων.","Stefanis 1996","136","136","293","104","8f68173fbfd5a8fa1135d334abb9c17d90824aa43d804182f91a0bb583897b74","","False","False"
"294","Η΄","§57","Εἰς τὰς σεπτὰς καὶ αὖθις θείας ἐντολάς καὶ εἰς τὴν δευτέραν παρουσίαν","Ἔστι δὲ ἡ γαῖα τῶν ὑποκάτω αὐτῆς ὀροφὴ μία, τῶν δὲ ἐπάνω αὐτῆς ἔδαφος, καὶ ἔστιν ὁ οὐρανὸς τῆς γῆς ὄροφος, τῶν δὲ ἐπάνω αὐτοῦ ἔδαφος· καὶ ἔστιν ἀεὶ ἐκεῖ φῶς ἀνέσπερον καὶ μία ἡμέρα διόλου, ὡς πάσης κακίας ὁ χῶρος ἐκεῖνος ἀνεπίδεκτος πέλων καὶ ὡς τοῦ φωτὸς τοῦ ἀληθινοῦ ἐκεῖ κατοικοῦντος καὶ τῶν θείων στρατευμάτων αὐτοῦ. Ὑποκάτω δὲ τοῦ φαινομένου τοῦδε ὀρόφου χωρίον ἁμαρτωλῶν καὶ δικαίων, τὰ δὲ κάτωθεν τῆς ὀροφῆς ταύτης, ἤγουν τῆς γῆς, σκότος ἀφώτιστον καὶ μία νύκτα τὸ πᾶν, ὡς διαβόλου καὶ δαιμόνων καὶ ἁμαρτωλῶν ὑπάρχον καταδίκη, καὶ δικαιοσύνης πάσης τὸ χωρίον ἀπρόσιτον.","Stefanis 1996","136","136","294","97","09f3c8efd0d911d3fe1ebb9514e8820b63f2984ba8833647af3f949ad5cad5d0","","False","False"
"295","Η΄","§58","Εἰς τὰς σεπτὰς καὶ αὖθις θείας ἐντολάς καὶ εἰς τὴν δευτέραν παρουσίαν","Ὁπηνίκα δὲ πρὸς τὴν αὐτοῦ ἐνδημήσει ὁ Δεσπότης ῥυπωθεῖσαν οἰκίαν, τό τε αἶσχος αὐτῆς καὶ τὸν ῥύπον καὶ τὰ σαθρότατα σκεύη ἐξ αὐτῆς ἀπελάσειε, καὶ ἀρθήσεται τῇ κελεύσει αὐτοῦ ὁ ταύτης ἄνωθεν ὄροφος, καὶ ἑνωθήσεται τῷ ἀνωτάτῳ τὸ μεσαίτατον οἴκημα, καὶ φῶς αὐτὸ καταλάμψει ἀνέσπερον. Καθαρὸς γὰρ ὢν καὶ ἀκήρατος ἐν τῇ ἐλεύσει αὐτοῦ καθαρίσει πάντως καὶ φωτίσει τὰ σύμπαντα. Τὸ δὲ τῶν Ἐλαιῶν Ὄρος ἅγιον σὺν τῇ θείᾳ Ἰερουσαλὴμ ὑπὲρ πᾶσαν τὴν γῆν δοξασθήσεται καὶ λαμπρυνθήσεται ὡς δεξαμένῃ καὶ δευτέραν Χριστοῦ παρουσίαν προσκυνητὴν καὶ σωτήριον.","Stefanis 1996","136","136","295","86","aad3d5b14d05002f13c45b137f74dab7a639aa71e0d7aa6426a15a3bab5030f1","","False","False"
"296","Η΄","§59","Εἰς τὰς σεπτὰς καὶ αὖθις θείας ἐντολάς καὶ εἰς τὴν δευτέραν παρουσίαν","Ἐπεὶ δὲ τὸ Ὄρος τῶν Ἐλαιῶν τὸν τῆς δόξης αὐτοῦ δέξεται ἄρρητον θρόνον, ποῖος ἆρα τὸν σεβάσμιον καὶ τίμιον καὶ ζωοποιὸν αὐτοῦ σταυρὸν ὑποδέξεται τόπος; Οἶμαι ὅτι εἰς τὸν τοῦ Κρανίου ἁγιώτατον Τόπον καὶ αὖθις ἀνεκφράστως παγήσεται ἡλιακὰς ἐκπέμπων ἀκτῖνας καὶ ὑπ᾿ ἀγγέλων ἁγίων κυκλούμενος, φέρων ἐν ἑαυτῷ καὶ τοὺς ἥλους καὶ τὴν λόγχην καὶ τὸν ἀκάνθινον στέφανον, καὶ ὁ Δεσπότης Χριστὸς τῶν ἀχράντων καὶ παναγίων αὐτοῦ χειρῶν καὶ ποδῶν τῶν ἥλων ἀκαταλύτως τὰ σήμανδρα, ἵνα μὴ δόξῃ δυναστείᾳ ἀλλὰ δικαιοκρισίᾳ μᾶλλον τὴν κρίσιν ἐπάγειν.","Stefanis 1996","136","137","296","85","d4e5d1a30759085a088c74e98c79cca5f3b3ac1dca58582d1fc5bc959d4b9d2a","","False","False"
"297","Η΄","§60","Εἰς τὰς σεπτὰς καὶ αὖθις θείας ἐντολάς καὶ εἰς τὴν δευτέραν παρουσίαν","Κοινῆς γὰρ ἀναστάσεως τότε γενομένης ἀναστήσεται πάντως Ἄννας καὶ Καϊάφας ἅμα Πιλάτῳ καὶ Ἡρώδῃ καὶ Ἰούδᾳ τῷ προδότῃ γραμματεῖς τε καὶ Φαρισαῖοι καὶ οἱ πρεσβύτεροι τοῦ λαοῦ καὶ τὸ συνέδριον ἅπαν τῶν Ἰουδαίων ἐκ τῶν τοῦ ᾅδου πανεσπέρων ταμείων· ἐκεῖσε γὰρ τὰς ἐκείνων ψυχὰς δεσμίους μέχρι τέλους κατέχεσθαι πείθομαι· τότε δὲ ἀναστᾶσαι νεύσει Θεοῦ καὶ τὰ ἴδια ληψόμεναι σώματα ἀποστραφήσονται καὶ αὖθις, ὡς ἔφη Δαυΐδ, ἁμαρτωλοὶ εἰς τὸν ᾅδην.","Stefanis 1996","137","137","297","69","f25fc5a7cd7f2ae84c80eefccc8a48be44d1e35231b6ab792e8bf5cde3524368","","False","False"
"298","Η΄","§61","Εἰς τὰς σεπτὰς καὶ αὖθις θείας ἐντολάς καὶ εἰς τὴν δευτέραν παρουσίαν","Ἵνα μὴ οὖν τὴν ἄρρητον δόξαν τῆς Χριστοῦ παρουσίας θεασάμενοι διανοεῖσθαι τολμήσωσιν ὅτι ἄλλος ἐστὶν ἐκεῖνος ὃν ἡμεῖς ἐσταυρώσαμεν, ἄλλος δὲ ὁ ἐλθὼν ἄρτι φοβερὸς βασιλεὺς κρίνων τὴν γῆν, τηρήσει ὁ Δεσπότης, ὡς ἔφημεν, σῶα τὰ τῶν ἥλων τυλώματα, δι᾿ ὧν καὶ τῷ ἀπιστοῦντι Θωμᾷ τὴν ἀνάστασιν ἐβεβαίωσε, τοὺς δὲ ἥλους καὶ τὴν λόγχην καὶ τὸν πανάγιον ἐκεῖνον ἀκάνθινον στέφανον σὺν τῷ θείῳ καὶ πανσέπτῳ σταυρῷ εἰς τὸν ἅγιον Γολγοθᾶ κελεύσει παγῆναι εἰς ἀναμφίλεκτον πίστωσιν ὅτι οὐκ ἄλλος ἀλλ᾿ ἐκεῖνος ὁ σταυρωθεὶς οὗτός ἐστιν ὁ ἀρτίως ἐλθὼν θεάνθρωπος βασιλεὺς κρίνων τὴν γῆν.","Stefanis 1996","137","137","298","92","def86d2f2063374afcdbc47a85f12cfd5ec02cd42b13427fb63415bde7d66897","","False","False"
"299","Η΄","§62","Εἰς τὰς σεπτὰς καὶ αὖθις θείας ἐντολάς καὶ εἰς τὴν δευτέραν παρουσίαν","Τότε οὖν οἱ Ἰουδαῖοι γνωρίσαντες τὸν σταυρὸν καὶ τὸν τόπον καὶ τὰ σύμβολα τῆς σταυρώσεως καὶ τοῦ σταυρωθέντος τὰ τραύματα ἄρξονται λέγειν· Οὗτος ἦν, ὃν ἔσχομέν ποτε εἰς γέλωτα καὶ εἰς παραβολὴν ὀνειδισμοῦ οἱ ἄφρονες· τὸν βίον αὐτοῦ ἐλογισάμεθα μανίαν καὶ τὴν τελευτὴν αὐτοῦ ἄτιμον· … βαρὺς γὰρ ἦν ἡμῖν καὶ βλεπόμενος, διότι ἀνόμοιος τοῖς ἄλλοις ὑπῆρχεν ὁ βίος αὐτοῦ, καὶ ἐξηλλαγμέναι αἱ τρίβοι αὐτοῦ· ἀπεῖχε γὰρ τῶν ἀκαθαρσιῶν ἡμῶν καὶ ἐμακάριζεν ἔσχατα δικαίων· διὸ καὶ θανάτῳ ἀσχήμονι κατεδικάσαμεν αὐτόν· ἀπετύφλωσε γὰρ ἡμᾶς ἡ κακία ἡμῶν, καὶ οὐκ ἔγνωμεν μυστήρια Θεοῦ οὐδὲ ἐκρίναμεν ὅτι οὗτός ἐστιν ὁ ζωῆς ἔχων καὶ θανάτου τὴν ἐξουσίαν· καὶ ἰδοὺ ἔγνωμεν ἄρτι ὅτι δυνατωτέρα πάντως ἐστὶν εὐσέβεια καὶ οὐ μὴ κατισχύσει κακία σοφίας, … οὐδ᾿ οὐ μὴ παρελεύσεται πονηροὺς ἐλέγχουσα ἡ δίκη.","Stefanis 1996","137","137","299","127","6a2f39e585ccd392fb719f0a4fb944081949bcc49a4a7570ef868f520c1b68a7","","False","False"
"300","Η΄","§63","Εἰς τὰς σεπτὰς καὶ αὖθις θείας ἐντολάς καὶ εἰς τὴν δευτέραν παρουσίαν","Ταῦτα γὰρ καὶ τὰ αὐτῶν παραπλήσια ἐροῦσιν οἱ χριστοκτόνοι ἀποδυρόμενοι τότε τὴν αὐτῶν ἀνομίαν, ἀνύσουσι δὲ οὐδέν· κλεισθήσεται γὰρ τότε τῆς μετανοίας ὁ χρόνος, ἀνύουσα μηδέν· εἰ γὰρ ἦν μετάνοια τότε, πάντως καὶ τὰ μὴ εἰδότα τὸν Θεὸν μιαρώτατα ἔθνη ἐσώθησαν ἄν. Ποῖον γὰρ ἔθνος, ποῖος δὲ ἁμαρτωλὸς καὶ κακοῦργος καὶ πλεονέκτης καὶ παραβάτης οὐ μετανοήσει τότε καὶ θρηνήσει πικρῶς βλέπων τὴν φαιδρὰν ἐκείνην τῶν δικαίων λαμπρότηταν ἁμιλληθεῖσαν ἀγγέλοις καὶ Χριστῷ βασιλεῖ καὶ οὐρανῶν βασιλείαν καὶ διάδημα κάλλους καὶ μετουσίαν φωτὸς ἀνεσπέρου καὶ ἀθανάτου ζωῆς, ἁμαρτωλῶν δὲ κατήφειαν καὶ δικαιοτάτου κριτοῦ δικαίαν ἀποστροφὴν καὶ χωρισμὸν θλιβερὸν καὶ στάσεως εὐωνύμου καὶ δεινῆς ἀποφάσεως;","Stefanis 1996","137","137","300","102","134d5f2d52c508b349b14c74c3b1d64ade9f71832950646dd92f7773b5079e55","","False","False"
"301","Η΄","§64","Εἰς τὰς σεπτὰς καὶ αὖθις θείας ἐντολάς καὶ εἰς τὴν δευτέραν παρουσίαν","Τότε καθίσει ἐπὶ θρόνου δόξης αὐτοῦ· καὶ συναχθήσονται ἔμπροσθεν αὐτοῦ πάντα τὰ ἔθνη, καὶ ἀφοριεῖ αὐτοὺς ἀπ᾿ ἀλλήλων, ὥσπερ ὁ ποιμὴν ἀφορίζει τὰ πρόβατα ἀπὸ τῶν ἐρίφων, καὶ στήσει τὰ μὲν πρόβατα ἐκ δεξιῶν αὐτοῦ, τὰ δὲ ἐρίφια ἐξ εὐωνύμων. Ὅρα λοιπὸν οἰκειοτάτου ὑποδείγματος σαφέστατον γνώρισμα· εἰσὶ γὰρ ποθεινὰ τῷ ποιμένι τὰ πρόβατα ὡς κεκυφότα καὶ ἥμερα πρόσοδον φέροντα διά τε ἐρίου καὶ γάλακτος, καὶ μάλα εἰκότως ὁ ποιμὴν ὁ καλὸς παρεικάζει τοὺς δικαίους εἰς πρόβατα· ἐρίφων δὲ τὸ σκιρτᾶν καὶ τὸ παίζειν καὶ μὴ ἔχειν τι ἀγαθόν, καὶ δικαίως ὁ ποιμὴν ὁ καλὸς ἁμαρτωλοὺς εἰς ἐρίφους παρείκασε.","Stefanis 1996","137","138","301","98","340f2486264710a89d7537a4eb502fd32ceaa38b7d7d7d7f744f18b482fe4cfc","","False","False"
"302","Η΄","§65","Εἰς τὰς σεπτὰς καὶ αὖθις θείας ἐντολάς καὶ εἰς τὴν δευτέραν παρουσίαν","Τότε ἐρεῖ ὁ βασιλεὺς τοῖς ἐκ δεξιῶν αὐτοῦ (ἅτε δὴ καρπὸν φέροντα δικαιοσύνης)· Δεῦτε οἱ εὐλογημένοι τοῦ πατρός μου, κληρονομήσατε τὴν ἡτοιμασμένην ὑμῖν βασιλείαν ἀπὸ καταβολῆς κόσμου. Καὶ τί ἄν εἰσιν ἄρα τὰ αὐτῶν κατορθώματα, ὅτι καὶ εὐλογημένοι τοῦ Πατρὸς ἀκοῦσαι ἠξιώθησαν καὶ ἡ τῶν οὐρανῶν βασιλεία δι᾿ αὐτοὺς ἡτοιμάσθη, ὡς λέλεκται; Ἐπείνασα, φησί, καὶ ἐδώκατέ μοι φαγεῖν· ἐδίψησα, καὶ ἐποτίσατέ με· ξένος ἤμην, καὶ συνηγάγετέ με· γυμνός, καὶ περιεβάλετέ με· ἠσθένησα, καὶ ἐπεσκέψασθέ με· ἐν φυλακῇ ἤμην, καὶ ἤλθετε πρός με. Οὐκοῦν καὶ τί τὸ κωλῦσον εὐλογημένους πάντας τοῦ Πατρὸς γενέσθαι τε καὶ ἀκοῦσαι δι᾿ ἐλεημοσύνης τῆς κατὰ δύναμιν; τὸ κωλῦον οὐδὲν πλὴν τῆς ψυχρᾶς προαιρέσεως καὶ γνώμης ἀπλήστου καὶ ἀφοβίας Θεοῦ.","Stefanis 1996","138","138","302","113","22574bfe62e0fcaac17fdde74c2ab52c5434f43908ee8f7c505c2adc8d39ce1f","","False","False"
"303","Η΄","§66","Εἰς τὰς σεπτὰς καὶ αὖθις θείας ἐντολάς καὶ εἰς τὴν δευτέραν παρουσίαν","Τότε ἀποκριθήσονται αὐτῷ οἱ δίκαιοι λέγοντες· Κύριε, πότε σε εἴδομεν πεινῶντα καὶ ἐθρέψαμεν ἢ διψῶντα καὶ ἐποτίσαμεν; πότε δέ σε εἴδομεν ξένον καὶ συνηγάγομεν ἢ γυμνὸν καὶ περιεβάλομεν; πότε σε εἴδομεν ἀσθενῆ ἢ ἐν φυλακῇ καὶ ἤλθομεν πρός σε; Ἐν ποίῳ καιρῷ καὶ τόπῳ καὶ τρόπῳ καὶ πότε παρ᾿ ἡμῶν διηκονήθης τῶν εὐτελῶν ὁ τοσοῦτος καὶ τηλικοῦτος καὶ τοσούτων μυριάδων βασιλεύων ἀγγέλων καὶ ὑμνούμενος ὑπ᾿ αὐτῶν καὶ ἀξιοχρέως ὑπὸ πάσης προσκυνούμενος κτίσεως ὡς αὐτουργὸς αὐτῆς ἅμα καὶ βασιλεύς;","Stefanis 1996","138","138","303","78","ed7ca5d442f2e774554b1ab28a2d9b764c3962b7f446c4a342b841a6f1a6a6d4","","False","False"
"304","Η΄","§67","Εἰς τὰς σεπτὰς καὶ αὖθις θείας ἐντολάς καὶ εἰς τὴν δευτέραν παρουσίαν","Καὶ ἀποκριθεὶς ὁ βασιλεὺς ἐρεῖ αὐτοῖς· Ἀμὴν λέγω ὑμῖν (ἐγὼ γάρ εἰμι ἡ ἀλήθεια καὶ ἡ ζωή)· Ἐφ᾿ ὅσον ἐποιήσατε ἑνὶ τούτων τῶν ἀδελφῶν μου τῶν ἐλαχίστων, ἐμοὶ ἐποιήσατε. Ἐμὲ γὰρ αὐτὸν σὺν τῇ προσούσῃ μοι ἐξουσίᾳ καὶ περιφανείᾳ ξεναγήσαντες, οὐ τοσοῦτον ἦν θαυμαστόν· αἰδούμενοι γάρ μου τὴν ἐξουσίαν ἢ δεδοικότες ἢ καὶ ποθοῦντες ἐδεξιώσασθε ἄν με, καὶ οὐκ ἂν ἦν τὸ πᾶν τῆς ὑμῶν προαιρέσεως, ἐκείνους δὲ τοὺς ἀδελφούς μου τοὺς ἐλαχίστους δεξιωσάμενοι, τῆς ὑμῶν προαιρέσεως τὸ πᾶν ὑπογράφεται, καί, ἐφ᾿ ὅσον ἐποιήσατε ἑνὶ τούτων τῶν ἐλαχίστων, ἐμοὶ ἐποιήσατε.","Stefanis 1996","138","138","304","90","29d3bfc5d6b1a0871dd57a893179bdebf536cfe465f3aa6e4254baf943a007c0","","False","False"
"305","Η΄","§68","Εἰς τὰς σεπτὰς καὶ αὖθις θείας ἐντολάς καὶ εἰς τὴν δευτέραν παρουσίαν","Τότε ἐρεῖ καὶ τοῖς ἐξ εὐωνύμων· Πορεύεσθε ἀπ᾿ ἐμοῦ οἱ κατηραμένοι εἰς τὸ πῦρ τὸ αἰώνιον τὸ ἡτοιμασμένον τῷ διαβόλῳ καὶ τοῖς ἀγγέλοις αὐτοῦ. Τίνα δὲ ἄρα καὶ τούτων τὰ ἐγκλήματα καὶ τίς ἡ αἰτία δι᾿ ἧν κατηραμένοι λεχθήσονται καὶ πρὸς τὸ πῦρ ἐκπεμφθήσονται τὸ ἡτοιμασμένον τῷ διαβόλῳ καὶ τοῖς ἀγγέλοις αὐτοῦ; Ἐπείνασα γάρ, φησί, καὶ οὐκ ἐδώκατέ μοι φαγεῖν· ἐδίψησα, καὶ οὐκ ἐποτίσατέ με· ξένος ἤμην, καὶ οὐ συνηγάγετέ με· γυμνός, καὶ οὐ περιεβάλετέ με· ἀσθενὴς καὶ ἐν φυλακῇ, καὶ οὐκ ἐπεσκέψασθέ με. Ὅρα ὅτι πρὸς πιστοὺς ἀνελεήμονας ἡ σφοδρὰ ταύτη ἀπειλὴ ἐκπεφώνηται· οὔτε γὰρ ζητεῖ ἐκ μιαρῶν καὶ ἀπίστων ἐλεημοσύνην Χριστός· ἀρκεῖ γὰρ εἰς ἀπώλειαν ἐκείνους ἡ ἀπιστία καὶ μόνη. (Ὅμως, ἐπεὶ πολλὰ περὶ ταύτης τῆς ἀποφάσεως προλαβὼν ὁ λόγος σὺν Θεῷ διελέχθη, οὐ βουλόμεθα καὶ ἄλλα προσθεῖναι καὶ μηκῦναι τὸν λόγον.)","Stefanis 1996","138","139","305","134","526fefeda2c5fef4a2ecf7058af0ec005cd94ef7dfaa453250256121904df26a","","False","False"
"306","Η΄","§69","Εἰς τὰς σεπτὰς καὶ αὖθις θείας ἐντολάς καὶ εἰς τὴν δευτέραν παρουσίαν","Τότε ἀποκριθήσονται καὶ αὐτοὶ λέγοντες· Κύριε, πότε σε εἴδομεν πεινῶντα ἢ διψῶντα ἢ ξένον ἢ γυμνὸν ἢ ἀσθενῆ ἢ ἐν φυλακῇ καὶ οὐ διηκονήσαμέν σοι; Σὺ ὁ τοσοῦτος καὶ τηλικοῦτος, φησίν, ὁ τρέφων καὶ ποτίζων πᾶσαν πνοὴν καὶ ἀναβαλλόμενος φῶς ὡς ἱμάτιον καὶ ἐξάγων πεπεδημένους ἐκ φυλακῆς κατωτάτου καὶ τοὺς νεκροὺς ἀναστήσας ῥᾳδίως ἐφάνης πρὸς ἡμᾶς ποτε πεινῶν καὶ διψῶν ἢ γυμνητεύων καὶ κακοχούμενος, καὶ οὐ διηκονήσαμέν σοι;","Stefanis 1996","139","139","306","68","398c4afd3ae75a7b9f9ae2173d17939f29cb29141f85a611054448c5a67c88ac","","False","False"
"307","Η΄","§70","Εἰς τὰς σεπτὰς καὶ αὖθις θείας ἐντολάς καὶ εἰς τὴν δευτέραν παρουσίαν","Τότε ἀποκριθήσεται καὶ αὐτοῖς λέγων· Ἀμὴν λέγω ὑμῖν· Ἐφ᾿ ὅσον οὐκ ἐποιήσατε ἑνὶ τούτων τῶν ἐλαχίστων, οὐδὲ ἐμοὶ ἐποιήσατε. Ἐὰν γὰρ ἐν τῇ δόξῃ μου ταύτῃ πρὸς ὑμᾶς ὁ ἀνενδεὴς ἐπεδήμησα καὶ διηκονήσατέ μοι, οὐδεμία χάρις ὑμῖν· τίς γὰρ ἂν καὶ χάριν ὁμολογήσειε τῷ δεξαμένῳ καὶ ὑποδεξαμένῳ ἐξουσίαν ὑπερέχουσα; πάντως οὐδείς, ὅτι οὐκ ἐκ προαιρέσεως ἀλλ᾿ ὡς χρεωστικῶς ἐδέξατο καὶ ὑπεδέξατο· οἱ δὲ πτωχοὺς ἐλεοῦντες καὶ ἀναπαύοντες ἀξιέπαινοι πάντως διὰ τὸ αὐθαίρετον.","Stefanis 1996","139","139","307","72","5546ecf9d84fac6913a61db9a8ab3ce04dc8686f7db656683ae2bc1e48bddc77","","False","False"
"308","Η΄","§71","Εἰς τὰς σεπτὰς καὶ αὖθις θείας ἐντολάς καὶ εἰς τὴν δευτέραν παρουσίαν","Διὸ καὶ ἐνετειλάμην ποτὲ πρὸς ὑμᾶς ὅτι· Ὅταν ποιήσῃς δεῖπνον ἢ ἄριστον, μὴ κάλει τοὺς φίλους σου μηδὲ τοὺς συγγενεῖς σου μηδὲ γείτονας πλουσίους, μήποτε καὶ αὐτοί σε ἀντικαλέσωσι, καὶ γένηταί σοι ἀνταπόδομα· ἀλλὰ κάλει κυλλούς, χωλούς, τυφλούς, ἀναπήρους καὶ ἀδυνάτους, καὶ μακάριος ἔσει ὡς μὴ ἐχόντων ἀνταποδοῦναί σοι, καὶ ἀνταποδοθήσεταί σοι ἐν τῇ ἀναστάσει τῶν δικαίων. Ἐπεὶ οὖν οὐκ ἐποιήσατε ἑνὶ τούτων τῶν ἐλαχίστων, τάχα, κἂν σὺν αὐτοῖς καὶ τὸ αὐτῶν σχῆμα φορῶν πρὸς ὑμᾶς καὶ αὐτὸς ἐπεδήμησα, οὐδὲ ἐμοὶ ἐποιήσατε ἄν. Καὶ ἀπελεύσονται οὗτοι εἰς κόλασιν αἰώνιον, οἱ δὲ δίκαιοι εἰς ζωὴν αἰώνιον.","Stefanis 1996","139","139","308","95","a2433570342cc89d84da995b8a3b18683be7ddcc06608db7778c5b0a20b95b05","","False","False"
"309","Η΄","§72","Εἰς τὰς σεπτὰς καὶ αὖθις θείας ἐντολάς καὶ εἰς τὴν δευτέραν παρουσίαν","Λοιπὸν οὐδὲ τούτων ἡ ζωὴ οὐδὲ ἐκείνων ἡ κόλασις δώσει πέρας ποτέ· τοῦτο γὰρ δηλῶσαι θελήσας ᾐνίξατο ζωὴν αἰώνιον καὶ κόλασιν αἰώνιον· εἰ γὰρ εἶχον τέλος ἑκάτεραι, οὐκ ἂν ἐλέγοντο αἰώνιαι· πᾶν γὰρ τὸ πέρας δεχόμενον οὐκ ἔστιν αἰώνιον, οὐδὲ λέγεται, καθάπερ καὶ ὁ βίος ὁ παρὼν ἑπτὰ κεκτημένος αἰῶνας λέγεται πρόσκαιρος, αἰώνιος δὲ οὐ λέγεται. Καὶ ἡ τῆς γῆς βασιλεία δόξαν μὲν ἔχει καὶ πλοῦτον καὶ πολλὴν εὐπραγίαν, αἰώνιος δὲ πάντως οὐκ ἔστιν οὔτε ὀνομάζεται, καὶ εἴτε δοξάσει τινὰς εἴτε κολάσει, ἑκάτερα πρόσκαιρα, καθὼς καὶ ὁ θεῖος καὶ μακάριος λέγει ἀπόστολος, ὅτι πάντα τὰ βλεπόμενα πρόσκαιρα, τὰ δὲ μὴ βλεπόμενα αἰώνια.","Stefanis 1996","139","139","309","102","ca915e89b4e70afc3cd665648307c63d9f1a59985ee434cff8f414d838b6c6ad","","False","False"
"310","Η΄","§73","Εἰς τὰς σεπτὰς καὶ αὖθις θείας ἐντολάς καὶ εἰς τὴν δευτέραν παρουσίαν","Αἰώνιος δὲ ὁ Θεὸς καὶ ἔστι καὶ λέγεται, καὶ ζωὴ αἰώνιος καὶ κόλασις αἰώνιος τὸν παρόντα βίον διαδέξεται. Καὶ ἀπελεύσονται, φησίν, οὗτοι εἰς κόλασιν αἰώνιον, οἱ δὲ δίκαιοι εἰς ζωὴν αἰώνιον. Οὐδέν, φησί, κατακαύσει καὶ μειώσει τοὺς καιομένους τὸ πῦρ καὶ ἀφανίσει τελείως καὶ ἀπαλλάξει τοῦ ζῆν, καθάπερ ἡ πρόσκαιρος καῦσις καὶ κόλασις, ἀλλ᾿, ὥσπερ ἐκεῖνο λέγεται ἄσβεστον καὶ κόλασις ἀτελεύτητος, οὕτω καὶ οὗτοι σῳζόμενοι διὰ πυρὸς ἀθάνατα διακαίονται· καὶ ὥσπερ ζωὴ λέγεται ἀθάνατος, ἤγουν ἀδιάβατος, <οὕτω καὶ κόλασις ἀθάνατος>.","Stefanis 1996","139","139","310","80","49ace983c87b4a387998d591ddec2624ccfd1333ed730e815ade4c3b3aade496","","False","False"
"311","Η΄","§74","Εἰς τὰς σεπτὰς καὶ αὖθις θείας ἐντολάς καὶ εἰς τὴν δευτέραν παρουσίαν","Καὶ τοῦτο βεβαιώσω ἀναμφιλέκτως ἐκ τοῦ θείου Παύλου σαφέστατα· Εἴ τινος τὸ ἔργον, φησί, κατακαήσεται, ζημιωθήσεται, αὐτὸς δὲ σωθήσεται, καὶ οὗτος δὲ ὡς διὰ πυρός· τὸ μὲν ἔργον αὐτοῦ ὡς αἰσχρόν, φησί, κατακαήσεται ὡς ξύλον καὶ χόρτον καὶ καλάμη καὶ ἀφανισθήσεται, καὶ ζημιωθήσεται ὡς ἐργάτης ἀδόκιμος κακῶς ἐργασάμενος, αὐτὸς δὲ σωθήσεται, τουτέστιν οὐ κατακαήσεται κατὰ τὸ ἔργον αὐτοῦ τὸ μειωθὲν καὶ τελείως ἀφανισθέν, ἀλλὰ σωθήσεται καὶ διαμείνῃ πληρέστατος διὰ πυρὸς αἰωνίως βασανιζόμενος. Καὶ τοῦτό ἐστι τό· Ἀπελεύσονται οὗτοι εἰς κόλασιν αἰώνιον, οἱ δὲ δίκαιοι εἰς ζωὴν αἰώνιον.","Stefanis 1996","139","140","311","87","4ccf9f3352eb63f38070690751990e7db3145d944f1b2f59629f75f6a7e0940c","","False","False"
"312","Η΄","§75","Εἰς τὰς σεπτὰς καὶ αὖθις θείας ἐντολάς καὶ εἰς τὴν δευτέραν παρουσίαν","Τίς σοφὸς καὶ φυλάξει ταῦτα, τίς συνετὸς καὶ συνήσει ὡς ἔχει τῶν πραγμάτων ἡ φύσις τίνες τέ ἐσμεν καὶ πόθεν καὶ ποῦ κατηνέχθημεν καὶ ποῦ προσκαλούμεθα οἱ αἰχμάλωτοι καὶ γυμνοὶ καὶ ξένοι καὶ παρεπίδημοι καὶ ὁδῖται καὶ μητατάριοι καὶ πλευστικοὶ καὶ εἴτι τούτων εὐδιαβατώτερον πέφυκε;","Stefanis 1996","140","140","312","45","478ca714845ed3f7037aac46052d355b90a84313a69c8be92631e53c0e14b3c9","","False","False"
"313","Η΄","§76","Εἰς τὰς σεπτὰς καὶ αὖθις θείας ἐντολάς καὶ εἰς τὴν δευτέραν παρουσίαν","Ἡμεῖς δὲ καθάπερ δεσπόται τοῦ τῇδε βίου καὶ κληρονόμοι ἀδιάδοχοι διάγομεν ὡς ἀθάνατοι τοῦ τε πλούτου καὶ τῆς πατρίδος ἡμῶν ἐπιλαθόμενοι τῶν ἀλλοτρίων σπουδαίως ἐπιμελούμεθα, δέον μᾶλλον ἡμᾶς διαγωνίζεσθαι καὶ σπουδάζειν ὥστε δι᾿ ἐλεημοσύνης καὶ ἀγάπης καὶ ἁγνείας καὶ σωφροσύνης καὶ λογισμῶν καθαρότητος καὶ τῶν λοιπῶν ἐντολῶν φυλακῆς εὑρεθῆναι ἀξίους τῆς Χριστοῦ ἐν νεφέλαις ποθεινῆς ἀπαντήσεως καὶ συνελθεῖν τῷ νυμφίῳ τῷ κάλλει ὡραίῳ σὺν ταῖς φρονίμοις παρθένοις πρὸς ἁγίους θαλάμους.","Stefanis 1996","140","140","313","70","191ea3c23a993c8d9957c72988747ccdc734330e7b19eef7a2fecb996057b834","","False","False"
"314","Η΄","§77","Εἰς τὰς σεπτὰς καὶ αὖθις θείας ἐντολάς καὶ εἰς τὴν δευτέραν παρουσίαν","Ὅτι αὐτὸς ὁ Κύριος, φησὶν ὁ θεῖος ἀπόστολος, ἐν κελεύσματι, ἐν φωνῇ ἀρχαγγέλου καὶ ἐν σάλπιγγι Θεοῦ, ἤγουν φωνήσει δυνάμει θεϊκῇ, ὥστε οὐ μόνον περιηχῆσαι πανταχοῦ τῆς γῆς τὰ πληρώματα, ἀλλὰ καὶ τοῦ ᾅδου πάντως τὰ δεσμωτήρια καὶ τῆς ἀβύσσου τὰ καταχθόνια κροτήσει καὶ διαδονήσει ἡ σαλπηρὰ ἐκείνη φωνή, ἵνα καὶ τὰς ἐκεῖ κατεχομένας ἀπίστους ψυχὰς ἢ καὶ πιστὰς διὰ φόρτον ἁμαρτημάτων καὶ κακίας ὑπερβολὴν ἀναστήσῃ πρὸς κρίσιν· καὶ αὖθις ἀποστραφήσονται, κατὰ τὸν θεῖον Δαυΐδ, οἱ ἁμαρτωλοὶ εἰς τὸν ᾅδην.","Stefanis 1996","140","140","314","80","e6fbcf0a66b1163076239ca48cf4e2793046ba1858c50f94a3ea1f8d210b3b48","","False","False"
"315","Η΄","§78","Εἰς τὰς σεπτὰς καὶ αὖθις θείας ἐντολάς καὶ εἰς τὴν δευτέραν παρουσίαν","Καὶ διατί, φησίν, οὐκ ἠνέχθη καὶ πρότερον ἡ τοιαύτη φωνὴ καὶ ἔλυσε τὸν Ἀδὰμ καὶ ὅσους κατεῖχε δικαίους ἐν τῷ ᾅδῃ δεσμίους ὁ ἀποστάτης ἐκεῖνος, ἀλλ᾿ ἦλθεν ὁ Κύριος ἐν τῇ γῇ καὶ ἀπὸ τῆς γῆς πρὸς τὸν ᾅδην διὰ σταυροῦ καὶ θανάτου καὶ ἀπέλυσε τούτους; ἡ φωνὴ γὰρ ἡ ἐσχάτη ἡ μέλλουσα τοὺς νεκροὺς ἀνιστᾶν καὶ λύειν τοὺς ἐν τῷ ᾅδῃ ἠδύνατο πάντως καὶ πρότερον λῦσαι τοὺς δεδεμένους.","Stefanis 1996","140","140","315","69","90ae82aaca95e4e57db419281ff0cd7282c957ec8a677c56f9e23257770d61be","","False","False"
"316","Η΄","§79","Εἰς τὰς σεπτὰς καὶ αὖθις θείας ἐντολάς καὶ εἰς τὴν δευτέραν παρουσίαν","Ναί, οὕτως ἔχει· ῥᾴδιον γὰρ ἦν αὐτῷ διὰ τοῦ θελῆσαι καὶ μόνον τῆς τυραννούσης χειρὸς ἐξαρπάσαι τὸ πλάσμα τὸ αὐτοῦ, ἀλλ᾿ εἶχε πάλιν ὁ τύραννος λέγειν ὅτι· Οὐδὲν θαυμαστόν· ἄνθρωπον γὰρ ἔγωγε νικήσας ὑπὸ Θεοῦ ἐνικήθην· παντοδύναμος γὰρ ὢν δύναται ὅσα καὶ βούλεται. Νικηθεὶς δὲ ὑπὸ νέου Ἀδὰμ ὁ νικήσας τὸν πάλαι τί λέγειν οὐκ ἔχει. Ἄλλωστε δὲ πῶς ἂν καὶ τὸ τῆς Τριάδος μυστήριον εἴχομεν διδαχθῆναι; πόθεν δὲ τὰ μυστήρια τῆς μετανοίας παραδείγματα ἐδιδάχθημεν ἄν, ἢ παρὰ τίνος εἴχομεν γνῶναι τὴν δι᾿ ὕδατος καὶ πνεύματος ἀναγέννησιν θείαν καὶ παράδοσιν μυστηρίων φρικτῶν καὶ δήλωσιν οὐρανῶν βασιλείας διά τε μακροθυμίας καὶ ὑπομονῆς καὶ καθαρότητος βίου; μᾶλλον δὲ τίς ἂν ἐπίστευσεν εἰς αὐτόν, εἰ οὐκ ἦλθε πρὸς ἡμᾶς σαρκοφόρος δι᾿ ἄφατον ἔλεος;","Stefanis 1996","140","140","316","120","e7e67afcd8e8c30c205e62b610988de78f2e42a2870b9a4b412cb24755e7b4b4","","False","False"
"317","Η΄","§80","Εἰς τὰς σεπτὰς καὶ αὖθις θείας ἐντολάς καὶ εἰς τὴν δευτέραν παρουσίαν","Ὁρᾷς ὅτι καὶ ἦλθε καὶ μυρίων θαυμάτων καὶ θεοσημιῶν ἔπλησε τὴν Ἰουδαία καὶ θάνατον διὰ τὸ γένος ἡμῶν ἐπονείδιστον κατεδέξατο καὶ κήρυκας διὰ πάσης τῆς οἰκουμένης ἐξέπεμψεν, οὓς καὶ ἐθανάτωσαν τοῦτον κηρύττοντας, καὶ μόλις ὀλίγοι πρὸς τοῦτον ἐπίστευσαν, καθὼς καὶ ἡ γραφὴ μαρτυρεῖ· Κύριε, φησί, τίς ἐπίστευσε τῇ ἀκοῇ ἡμῶν; καὶ ὁ βραχίων Κυρίου τίνι ἀπεκαλύφθη; καὶ ὅτι· Μὴ φοβοῦ, τὸ μικρὸν ποίμνιον, ὅτι εὐδόκησεν ὁ πατὴρ δοῦναι ὑμῖν τὴν βασιλείαν αὐτοῦ.","Stefanis 1996","140","141","317","72","b73e0e38d16078a9f9e64cdd9015793953489ee0438435b7d4a4c1da5ed5fba7","","False","False"
"318","Η΄","§81","Εἰς τὰς σεπτὰς καὶ αὖθις θείας ἐντολάς καὶ εἰς τὴν δευτέραν παρουσίαν","Εἰ οὖν ἐκεῖνος ἐλθὼν καὶ τοσαῦτα ἐργασάμενος ἀγαθά, μικρὰ ἡ ποίμνη (τὸ πιστὸν πρὸς τὸ ἄπιστον συγκρινόμενον) φαίνεται, εἰ οὐκ ἦλθεν ἐπὶ τῆς γῆς ἄνθρωπος γεγονώς, ἀλλὰ μόνῃ τῇ θεϊκῇ δυναστείᾳ κατέλυσεν ἀοράτως τοῦ ἀποστάτου τὴν δυναστείαν, ὡς προέφησας, τίς ἄρα λοιπὸν πρὸς τὸν Υἱὸν καὶ τὸ Πνεῦμα εἶχε πιστεῦσαί ποτε; οὕτω γὰρ ἤρεσε τῷ Σωτῆρι Θεῷ καὶ Κυρίῳ ἡμῶν, ἐν τῇ πρώτῃ αὐτοῦ παρουσίᾳ μέχρι τῶν τοῦ ᾅδου φοιτῆσαι ταμείων, ἐν δὲ τῇ δευτέρᾳ διὰ κελεύσματος σάλπιγγος, ἤτοι φωνῆς ἀρχαγγέλου, ἀναστῆσαι πᾶσαν ἔμψυχον φύσιν.","Stefanis 1996","141","141","318","85","33cf0a6ce410816aeb1b297faa35aada2acb9a9ba027286e77fda1c91a3f4c38","","False","False"
"319","Η΄","§82","Εἰς τὰς σεπτὰς καὶ αὖθις θείας ἐντολάς καὶ εἰς τὴν δευτέραν παρουσίαν","Τί δὲ ἄρα ἡ βροντῶσα ἐκείνη καὶ μεγίστη κραυγάσει φωνή; Ἰδού, φησίν, ὁ νυμφίος ἔρχεται, ἐξέρχεσθε εἰς ἀπάντησιν αὐτοῦ. Ταύτην σαλπίσει τὴν φωνὴν ὁ ἀρχάγγελος, οἶμαι, καὶ τότε ἀναστήσονται οἱ νεκροί, καὶ ἐγερθήσονται οἱ ἐν τοῖς μνημείοις, καὶ εὐφρανθήσονται οἱ ἐν τῇ γῇ.","Stefanis 1996","141","141","319","43","9707f7e0ec3e2c2af08aed1a7114aa0b7890d0dad17c4380974b3e93ef50e7a2","","False","False"
"320","Η΄","§83","Εἰς τὰς σεπτὰς καὶ αὖθις θείας ἐντολάς καὶ εἰς τὴν δευτέραν παρουσίαν","Ἀναστήσονται, φησίν, ὡς ἐν ῥιπῇ ὀφθαλμοῦ, ὥστε οἱ ζῶντες οἱ περιλειπόμενοι οὐ μὴ φθάνουσι τοὺς κοιμηθέντας· εἰκὸς γὰρ πολλοὺς τότε εὑρεθῆναι καὶ ζῶντας, οὓς δεῖ ἐκ φθορᾶς ἀλλαγῆναι πρὸς ἀφθαρσίαν· δεῖ γάρ, φησί, τὸ φθαρτὸν τοῦτο ἐνδύσασθαι <ἀφθαρσίαν καὶ τὸ θνητὸν τοῦτο ἐνδύσασθαι> ἀθανασίαν· εὐκοπώτερον γὰρ τῆς τούτων ἐναλλαγῆς ἀναστήσονται οἱ νεκροί, κἂν ὑπὸ μυρίων ἐβρώθησαν ἑρπετῶν καὶ θηρίων, κἂν εἰς χοῦν διελύθησαν τὰ ὀστᾶ τελείως ἀφανισθέντα. Τοῦτο γὰρ ὑμῖν λέγομεν, φησίν, ἐν λόγῳ Κυρίου, ὅτι ἡμεῖς οἱ ζῶντες οἱ περιλειπόμενοι εἰς τὴν παρουσίαν τοῦ Κυρίου οὐ μὴ φθάσωμεν τοὺς κοιμηθέντας· ἐκείνων, φησίν, ὧν καὶ τὰ ὀστᾶ γέγονε χοῦς, καὶ ἀπιστοῦσί τινες τὴν ἐκείνων ἀνάστασιν, ἐκεῖνοι μᾶλλον ἀναστήσονται πρῶτον δυνάμει Θεοῦ καὶ ἁρπαγήσονται εἰς ἀπάντησιν τοῦ Κυρίου, ὡς μηδὲ φθάνεσθαι ὑπὸ τῶν τότε ζώντων εὑρισκομένων. Ἔπειτα δὲ καὶ ἡμεῖς οἱ ζῶντες οἱ περιλειπόμενοι ἅμα σὺν αὐτοῖς ἁρπαγησόμεθα ἐν νεφέλαις εἰς ἀπάντησιν τοῦ Κυρίου εἰς ἀέρα· καὶ οὕτως πάντοτε σὺν Κυρίῳ ἐσόμεθα. Δηλονότι οὐ πάντες εἰς ἀπάντησιν τοῦ Κυρίου ἁπλῶς ἁρπαγήσονται ἀλλ᾿ ὅσοι ἄξιοι διαπαντὸς μετ᾿ ἐκείνου ἔσεσθαι καὶ συνευφραίνεσθαι.","Stefanis 1996","141","141","320","169","cc8467b2bec213b6d60faa8553635d4a5e8afbef62a9c842b95e14e41f50276e","","False","False"
"321","Η΄","§84","Εἰς τὰς σεπτὰς καὶ αὖθις θείας ἐντολάς καὶ εἰς τὴν δευτέραν παρουσίαν","Ταῦτα χάριτι καὶ συνεργίᾳ τοῦ Κυρίου καὶ Θεοῦ ἡμῶν Ἰησοῦ Χριστοῦ περὶ τῆς δευτέρας αὐτοῦ ἐλεύσεως διαλαβόντες, ἐβουλόμεθα πάλιν ἀνθυποστρέφειν εἰς τὸ προκείμενον, ὥστε εἰπεῖν τὰ ἐπίλοιπα τοῦ μὴ κρίνετε, καὶ οὐ μὴ κριθῆτε. Ἀλλ᾿ ἵνα μὴ εἰς ἄκαιρον μῆκος ὁ λόγος χωρήσῃ, δίκαιον ᾠήθημεν αὐτὸν καταπαῦσαι· ἐκεῖνα δὲ εἰς τὸν ἔννατον λόγον, ὡς ἡ θεία χάρις προτείνει, ταμιευσόμεθα, ἐπεὶ ὥσπερ διὰ χρυσέας ῥύμης ὁ λόγος ἐβάδισε μὴ παυσάμενος, ἕως ἂν τὴν χρυσόπολιν ἔφθασε, ἢ μᾶλλον τὴν σῳζόπολιν τῆς Χριστοῦ παρουσίας, εἰπεῖν οἰκειότερον, καὶ τὰ ἐν αὐτῇ καθορᾶν ὡς φιλοθεάμων ἐφιέμενος οὐκ ἠθέλησεν ὑποστρέψαι ἢ ἀτενίσαι δεξιὰ ἢ ἀριστερά, ἀλλ᾿ ἐκείνην μόνην τὴν χρυσόπολιν καὶ σῳζόπολιν βλέπειν καὶ ψηλαφᾶν ᾑρετίσατο.","Stefanis 1996","141","142","321","110","4fbc09be36edcdb5ad4dccb83ecef00593326e4364ae1764c16390a82ef48cef","","False","False"
"322","Η΄","§85","Εἰς τὰς σεπτὰς καὶ αὖθις θείας ἐντολάς καὶ εἰς τὴν δευτέραν παρουσίαν","Ἡ δὲ χρυσέα ῥύμη, δι᾿ ἧς ἐβάδισεν, αὕτη ἐστίν, ἐν τῷ ἑβδόμῳ αἰῶνι περὶ τοῦ ὀγδόου ὡς ἐκείνου συνώνυμος λέγειν ὑπέσχετο καὶ τί ἐστι τό· Μὴ κρίνετε, καὶ οὐ μὴ κριθῆτε καὶ τὸ διατί ἐν τῷδε τῷ βίῳ οὐ πάντας κρίνει καὶ ἀποδίδωσιν ὁ Θεός· εἶτα παραδείγματα βασιλέως μεγάλου δύο ἔχοντος υἱούς, πρεσβύτην κ[αὶ νέον], εἶτα πάλιν ἀναμφίλ[εκτοι γρ]αφικαὶ μαρτυρίαι καὶ ποίου ἀνθρώπου υἱὸς λέγεται ὁ Χριστός.","Stefanis 1996","142","142","322","67","9de3498ecefce252c339571774effba062ad5d5289208e30dbe973e136683edf","","False","False"
"323","Η΄","§86","Εἰς τὰς σεπτὰς καὶ αὖθις θείας ἐντολάς καὶ εἰς τὴν δευτέραν παρουσίαν","Καὶ ἐντεῦθεν εἰσῆλθεν εἰς τὴν πάντιμον ἐκείνην τῆς δευτέρας τοῦ Χριστοῦ παρουσίας χρυσόπολιν· εἶτα τὴν δεξιὰν στάσιν καὶ τὴν ἀριστερὰν τῶν <τε> ἐρίφων ἐκ τῶν προβάτων ἐξεῖπον διαιρισμὸν καὶ περὶ γῆς καινῆς καὶ οὐρανοῦ καινοῦ καὶ παράδειγμα οἰκίας δεσποτικῆς καὶ ποῦ τότε πρὸς ἔλεγχον τῶν Ἰουδαίων παγήσεται ὁ σταυρὸς καὶ οἵας <οἱ> ἐκ δεξιῶν ἀξιωθήσονται δόξης, οἱ δὲ εὐώνυμοι καταδίκης, καὶ δι᾿ ἣν αἰτίαν σαρκὶ πρὸς ἡμᾶς ὁ Χριστὸς ἐπεδήμησε καὶ πῶς οἱ νεκροὶ κατὰ τὸν θεῖον ἀπόστολον ἀναστήσονται τάχιστα, τί δὲ καὶ ἡ ἐσχάτη λαλήσει σάλπιγξ, ὅτι οὐ φωνὴ ἁπλῶς ἄσημος ἡ τοὺς ἀπ᾿ αἰῶνος καθεύδοντας ῥᾴδιον ἀφυπνίζουσα ἀλλὰ καὶ λίαν σηματικὴ οὑτωσὶ λέγουσα· Ἰδοὺ ὁ νυμφίος ἔρχεται.","Stefanis 1996","142","142","323","109","7ad3b3e17f337dd79dc1e1dca573ea171292be08eb7e5f1285776b33ad2d3d64","","False","False"
"324","Η΄","§87","Εἰς τὰς σεπτὰς καὶ αὖθις θείας ἐντολάς καὶ εἰς τὴν δευτέραν παρουσίαν","Καὶ τοῦτο οὐκ ἐμὸς στοχασμός, ἀλλ᾿ ὁ Σωτὴρ ἐν τῇ παρθένων παραβολῇ ἀπεκάλυψε· Μέσον δέ, φησί, τῆς νυκτὸς κραυγὴ γέγονε (τὸ δὲ μέσον τῆς νυκτὸς τῆς αὐτοῦ παρουσίας σημαίνει τὸ ἄδηλον)· Ἰδοὺ ὁ νυμφίος ἔρχεται, ἐξέρχεσθε εἰς ἀπάντησιν αὐτοῦ. Τότε ἐγερθήσονται πᾶσαι αἱ παρθένοι ἐκεῖναι, δηλονότι αἱ φρόνιμοι καὶ αἱ μωραί, ἤγουν πρόσωπα δύο, ἁμαρτωλῶν καὶ δικαίων, ὡς ἐν ῥιπῇ ὀφθαλμοῦ.","Stefanis 1996","142","142","324","61","a57a198915fceda0dda766be239e9cc8da908e59e86714b35e380f746db5beac","","False","False"
"325","Η΄","§88","Εἰς τὰς σεπτὰς καὶ αὖθις θείας ἐντολάς καὶ εἰς τὴν δευτέραν παρουσίαν","Γένοιτο δὲ πάντας ἡμᾶς μετὰ πολλῆς θυμηδίας ἐνωτισθῆναι τὴν τοιαύτην φωνὴν καὶ ἀναστῆναι καὶ ἁρπαγῆναι εἰς ἀπάντησιν τοῦ νυμφίου καὶ τῆς τούτου τυχεῖν δεξιᾶς παραστάσεως καὶ τῆς εὐλογημένης αὐτοῦ ἀκοῦσαι φωνῆς καλούσης εἰς βασιλείαν χάριτι καὶ φιλανθρωπίᾳ τῆς αὐτοῦ πρὸς ἡμᾶς πολλῆς ἀγαθότητος, ᾗ πρέπει πᾶσα δόξα, τιμὴ καὶ προσκύνησις ἅμα τῷ αὐτοῦ συναϊδίῳ Πατρὶ καὶ τῷ Πνεύματι νῦν καὶ ἀεὶ καὶ εἰς τοὺς αἰῶνας τῶν αἰώνων· ἀμήν.","Stefanis 1996","142","142","325","68","18ed9f27191590ba04bc951057081f5b416e7084a1512c1805f02d17239f05fc","","False","False"
"326","Θ΄","§1","Εἰς τὰ ἐπίλοιπα τοῦ Μὴ κρίνετε καὶ εἰς τὰς λοιπὰς θείας ἐντολάς","Θεοῦ τοῦ ἀγαθοῦ καὶ ὑπεραγάθου καὶ παναγάθου συνεργίᾳ καὶ χάριτι τοῦ ὀγδόου αἰῶνος περατωθεὶς ὁ ἰσοστοίχιος λόγος, ἄρχεται λοιπὸν ὁ τῆς ἐννάτης τῶν οὐρανίων ταγμάτων ἰσάριθμος· ὧν τῆς ἐλλάμψεως καὶ διαυγείας καὶ τρανῆς διοράσεως εἴη κἀμοὶ πρὸς θεωρίαν τῶν σωστικῶν ἐντολῶν τοῦ Σωτῆρος ἡμῶν Θεοῦ τὰ μεμυκότα ὄμματα τῆς διανοίας καταυγασθῆναι τρανῶς· καί, ὡς ὁ προλαβὼν λόγος τὴν τοῦ Κυρίου ἡμῶν Ἰησοῦ Χριστοῦ δευτέραν ἱστόρησε παρουσίαν, ὡς ἡ τοῦ Πνεύματος τοῦ ἁγίου ἔδωκε χάρις, οὕτω καὶ οὗτος τὰ ἐπίλοιπα τῶν λεγουσῶν ἐντολῶν· Μὴ κρίνετε, καὶ οὐ μὴ κριθῆτε· ἐν ᾧ γὰρ κρίματι κρίνετε, κριθήσεσθε· καὶ ἐν ᾧ μέτρῳ μετρεῖτε, μετρηθήσεται ὑμῖν. Αὗται γὰρ ἐν ἐκείνῳ ἑρμηνευθεῖσαι τῷ λόγῳ πλουσίως, οὐ χρείαν ἔχομεν καὶ ἄλλα περὶ τούτων προσθεῖναι, ἀλλὰ τῶν ἑξῆς ἅψασθαι καὶ τῷ λόγῳ ἐξυφᾶναι ὡς χάριτος θείας ἱστόν.","Stefanis 1996","143","143","326","129","f3d7d621effaf8c8abb628755aa5868cad392cbcd6808672bebac59128852e74","","False","False"
"327","Θ΄","§2","Εἰς τὰ ἐπίλοιπα τοῦ Μὴ κρίνετε καὶ εἰς τὰς λοιπὰς θείας ἐντολάς","Ἔχει δὲ οὕτω· Τί δὲ βλέπεις τὸ κάρφος τὸ ἐν τῷ ὀφθαλμῷ τοῦ ἀδελφοῦ σου, τὴν δὲ ἐν τῷ σῷ ὀφθαλμῷ δοκὸν οὐ κατανοεῖς; ἢ πῶς ἐρεῖς τῷ ἀδελφῷ σου· Ἄφες ἐκβάλω τὸ κάρφος ἐκ τοῦ ὀφθαλμοῦ σου, καὶ ἰδοὺ ἡ δοκὸς ἐν τῷ ὀφθαλμῷ σου; ὑποκριτά, ἔκβαλε πρῶτον τὴν δοκὸν ἐκ τοῦ ὀφθαλμοῦ σου, καὶ τότε διαβλέψεις ἐκβαλεῖν τὸ κάρφος ἐκ τοῦ ὀφθαλμοῦ τοῦ ἀδελφοῦ σου.","Stefanis 1996","143","143","327","67","86bc718499e18b9abafd0e1349ce08138698b83a06e2c8a508f548b0096aa1c6","","False","False"
"328","Θ΄","§3","Εἰς τὰ ἐπίλοιπα τοῦ Μὴ κρίνετε καὶ εἰς τὰς λοιπὰς θείας ἐντολάς","Εἰπὼν γάρ· Μὴ κρίνετε, καὶ οὐ μὴ κριθῆτε, ἤτοι μὴ κολάσητε, καὶ οὐ μὴ κολασθῆτε, καὶ ὅτι ᾧ κρίματι κρίνετε καὶ μέτρῳ μετρήσητε, τὸ αὐτὸ πείσεσθε καὶ ὑμεῖς, διελέγχων αὐτοὺς καὶ διεντρέπων φησί· Τί δὲ βλέπεις τὸ κάρφος τὸ ἐν τῷ ὀφθαλμῷ τοῦ ἀδελφοῦ σου, τὴν δὲ ἐν τῷ σῷ ὀφθαλμῷ δοκὸν οὐ κατανοεῖς; Σύ, φησίν, ὁ τοῦ λαοῦ ἀρχηγὸς καὶ ἐπὶ θρόνου καθήμενος καὶ κρίνων τοὺς ἀρχομένους καὶ κατακρίνων ἐν ὑψηλῇ τῇ ὀφρύϊ καὶ ὑποκρινόμενος ὑπερέχειν ἐκείνων ψυχῇ τε καὶ σώματι, ὅρα μὴ τοσαύτη ἐστὶν ἡ ἐκείνων καὶ τῶν σῶν ἁμαρτιῶν διαφορά, ὅσον διαφέρει τοῦ δοκοῦ τὸ σμικρότατον καὶ λεπτότατον κάρφος.","Stefanis 1996","143","143","328","102","c539e69871ba92d0228316e6fd5cbfa504e24d5a021fb73801d6d59f7881d495","","False","False"
"329","Θ΄","§4","Εἰς τὰ ἐπίλοιπα τοῦ Μὴ κρίνετε καὶ εἰς τὰς λοιπὰς θείας ἐντολάς","Καὶ σὺ μὲν προκάθησαι ὡς ἀνεύθυνος δῆθεν ὁ μυρίων γέμων κακῶν καὶ ὡς ὑπευθύνους ἀνηλεῶς κρίνεις τοὺς ἀρχομένους· καὶ οὐδέν σου κωλύω τὴν ἐξουσίαν, οὐδέν σε τῆς προεδρίας διϊστῶ, ἀλλὰ τοῦτο διακελεύομαί σοι τὴν σὴν σωτηρίαν πραγματευόμενος· Ἔκβαλε πρῶτον τὴν δοκὸν ἁμαρτίαν ἐκ τοῦ ὀφθαλμοῦ τῆς ψυχῆς σου, καὶ τότε διαβλέψεις ἐκβαλεῖν τὸ κάρφος, ἤγουν καὶ αὐτῶν τῶν λεπτοτέρων σφαλμάτων τὴν νόσον, <ἐκ> τοῦ ὀφθαλμοῦ τοῦ ἀδελφοῦ σου ἀρχομένου λαοῦ (καὶ γὰρ ἀδελφὸς αὐτοῦ εἶ, κἂν ὑπερέχεις αὐτοῦ καὶ προκάθησαι), καὶ μή σε πεισάτω μέγα φρονεῖν τῆς προεδρίας ἡ δόξα, διότι πᾶσα δόξα ἀνθρώπου ὡς ἄνθος χόρτου καὶ ὅτι πολλοὶ ἐν τῇ ἡμέρᾳ τῆς κρίσεως ἔχουσι φανῆναι ἐκ πρώτων ἔσχατοι· καὶ δεῖ σε μᾶλλον διὰ τὸν σὸν ὑπὸ σοῦ ἀρχόμενον λαὸν ὡς λόγον ἀποδώσων φοβεῖσθαι καὶ τρέμειν, κἂν ἀρχιερεὺς κἂν βασιλεὺς κἂν ἡγεμὼν κἂν ἕτερός τις εἴης ἄρχων λαοῦ.","Stefanis 1996","143","144","329","139","305fe4fb9af340c45328f3d929e81961a60993b628406534824d80d555380cc6","","False","False"
"330","Θ΄","§5","Εἰς τὰ ἐπίλοιπα τοῦ Μὴ κρίνετε καὶ εἰς τὰς λοιπὰς θείας ἐντολάς","Καὶ γάρ, εἰ θρεμμάτων ποιμὴν ἢ βοῶν βουκόλος λόγον τῷ δεσπότῃ αὐτοῦ δίδωσιν ὑπὲρ τῶν αὐτοῦ θρεμμάτων καί, εἰ ἐπαινεῖται ὡς δοῦλος πιστὸς καὶ ἐγκωμιάζεται ἢ κατακρίνεται ὡς κλέπτης καὶ δολερὸς καὶ ἀπόβλητος γίνεται (καίπερ οὐκ ἔκαμεν, οὐκ ἐπτώχευσεν, οὐκ ἠτιμάσθη, οὐ τὸ αἷμα τὸ ἴδιον ἐξέχεεν ὑπὲρ τῆς ἀλόγου αὐτοῦ ποίμνης ὁ δεσπότης ἐκεῖνος, ἀλλ᾿ ὅμως ἀναμφίλεκτον τοῖς ποιμέσιν αὐτοῦ ποιεῖται τὴν εἴσπραξιν), πῶς οὐκ ἂν ἀπαιτήσω κἀγώ, φησὶν ὁ Χριστός, τῶν λογικῶν μου προβάτων τοὺς ἀδοκίμους ποιμένας καὶ τοὺς κακῶς ἄρξαντας ἢ βασιλεύσαντας; ἐβασίλευσαν γὰρ καὶ οὐ δι᾿ ἐμοῦ, ἦρξαν καὶ οὐκ ἐγνώρισάν μοι, καθὼς καὶ προεῖπον διὰ τοῦ Ὠσηέ.","Stefanis 1996","144","144","330","102","8fb0fca79e79b3596bca945e8942eaa6fdea9c258c118e6fd5f3a2a20e2597d4","","False","False"
"331","Θ΄","§6","Εἰς τὰ ἐπίλοιπα τοῦ Μὴ κρίνετε καὶ εἰς τὰς λοιπὰς θείας ἐντολάς","Οὐδὲ γὰρ βασιλεὺς δυσσεβὴς λογίζεται βασιλεὺς ἀλλὰ τύραννος, οὐδ᾿ ἀρχιερεὺς κακονοίᾳ καὶ ἀνοίᾳ κεκρατημένος ἐστὶν ἀρχιερεὺς ἀλλὰ ψευδώνυμος, οὐ παρὰ Θεοῦ ἀλλ᾿ ἐξ ἀνθρώπων κληθείς, ὡς Ἀνανίας καὶ Σημέας ἐν Ἰερουσαλὴμ καὶ Σεδεκίας καὶ Ἀχέας οἱ ἐν Βαβυλῶνι ψευδοπροφῆται.","Stefanis 1996","144","144","331","39","854ef6747ec2430b8d25462ef1d3a2ee0b8483e9fe9b924f0f8cc45576c66a03","","False","False"
"332","Θ΄","§7","Εἰς τὰ ἐπίλοιπα τοῦ Μὴ κρίνετε καὶ εἰς τὰς λοιπὰς θείας ἐντολάς","Καί· Ἰδοὺ ἐγὼ ἐπὶ τοὺς ποιμένας καὶ ἀπαιτήσω τὰ πρόβατά μου ἐκ τῆς χειρὸς αὐτῶν. Μὴ γὰρ διὰ τοῦτο ἄρχοντες γεγόνασι καὶ ἀρχόμενοι, ἵνα οἱ μὲν ἐλαύνουσιν, οἱ δὲ ὡς πρόβατα ὑπὸ λύκων ἐλαύνονται, καὶ ὡς ἄνεμοι θαλάττια κύματα ὧδε κἀκεῖσε τοὺς ἀρχομένους περιάγειν καὶ τὰ τούτων διαρπάζειν ὑπάρχοντα, ὡς μήποτε ἀκούσαντες δικαίου τινός, ὅτι· Γυμνὸς ἐξῆλθον αὐτὸς ἐκ κοιλίας μητρός μου εἰς τόνδε τὸν βίον καὶ πάλιν ἐντεῦθεν πρὸς τὰ ἐκεῖθεν δικαιωτήρια γυμνὸς ἀπελεύσομαι; Ἔκβαλε οὖν τὴν δοκὸν πλεονεξίαν ἐκ τοῦ ὀφθαλμοῦ σου καὶ τῶν λοιπῶν κακῶν τὸν ἐσμὸν καί· Ἄνοιγε σὸν στόμα λόγῳ Θεοῦ καὶ κρῖνε πάντα ὑγιῶς· ἄνοιγε σὸν στόμα καὶ κρῖνε δικαίως, καὶ τότε διαβλέψεις ἐκβαλεῖν τὸ κάρφος ἐκ τοῦ ὀφθαλμοῦ τοῦ ἀδελφοῦ σου. Ταῦτα ὁ Δεσπότης πρὸς ἡμᾶς διακελεύεται, καί· Ὁ ἔχων ὦτα ἀκούειν ἀκουέτω.","Stefanis 1996","144","144","332","130","2d219e2e062066b41991e4c020c994a44588bac6a799f303d5999d4a07025d16","","False","False"
"333","Θ΄","§8","Εἰς τὰ ἐπίλοιπα τοῦ Μὴ κρίνετε καὶ εἰς τὰς λοιπὰς θείας ἐντολάς","Καὶ ταῦτα ἡμεῖς διαλαβόντες οὐκ ἀντιλέγομεν τοῖς πανοσίοις πατράσιν ἡμῶν λεγόντων ὅτι τὸ κρίνειν καὶ κατακρίνειν τοῦτό ἐστι, τὸ ἐξετάζειν τὰ ἀλλότρια πταίσματα καὶ τῶν ἰδίων ἀμνημονεῖν, ἀλλὰ καὶ μάλα συνευδοκοῦμεν αὐτοῖς καὶ συνᾴδομεν, ὅτι· Ἐν χειρὶ γλώσσης ζωὴ καὶ θάνατος, καί· «Κρεῖσσον ἀπὸ κρημνοῦ πεσεῖν ἢ ἀπὸ γλώσσης», διότι ὁ μὲν σωματικῶς, ὁ δὲ ψυχικῶς πέφυκε θνῄσκειν. Καὶ ὁ Δαυΐδ· Ἁμαρτία, φησί, στόματος αὐτῶν λόγος χειλέων αὐτῶν, καί· Ἐξηρεύνησαν ἀνομίαν, ἐξέλιπον ἐξερευνῶντες ἐξερευνήσεις· καὶ [γὰρ] «ὁ βαρύνων τὸ ἑαυτοῦ φορτίον αὐτὸς καὶ βαστάσει αὐτό», κατὰ τὸν μέγα καὶ θεῖον Βασίλειον.","Stefanis 1996","144","144","333","91","a9d9eb149ea671b1a3812358957b101e3a1d01fe23a1af47db09db83dd6b409c","","False","False"
"334","Θ΄","§9","Εἰς τὰ ἐπίλοιπα τοῦ Μὴ κρίνετε καὶ εἰς τὰς λοιπὰς θείας ἐντολάς","Τί οὖν, φησίν, οὐ χρὴ λέγειν τι ὅλως τῷ ἁμαρτάνοντι; Οὐχ ἁπλῶς χρὴ λέγειν καὶ μόνον, ἀλλὰ καὶ μετὰ πολλῆς τῆς σπουδῆς χρὴ λέγειν. Ἐλεγμῷ, φησίν, ἐλέγξεις τὸν πλησίον σου καὶ οὐ λήψῃ δι᾿ αὐτὸν ἁμαρτίαν, καί· Ἔλεγξον, φησί, ἐπιτίμησον, παρακάλεσον· ἄλλο γὰρ τὸ ἐλέγχειν καὶ ἐπιτιμᾶν καὶ παιδεύειν σκοπῷ διορθώσεως ἀδελφοῦ καὶ ἄλλο τὸ κρίνειν καὶ κατακρίνειν καὶ μέμφεσθαι· καλὸν γὰρ τὸ προσέχειν ἑαυτὸν ἕκαστος ἡμῶν καὶ τὴν γλῶσσαν τηρεῖν, καλὸν δὲ καὶ πάνυ καλόν, ὅση δύναμις, μεριμνᾶν καὶ ἀδελφοῦ σωτηρίαν ψυχῆς, ὑπὲρ ἧς μεριμνῶν καὶ ὁ τῶν ὅλων Δεσπότης ὑπέμεινε θάνατον.","Stefanis 1996","144","145","334","93","5e2e8f87a40efed70180f26e8438b93003de55500f6dcf26d3b29a6cc35d2a4a","","False","False"
"335","Θ΄","§10","Εἰς τὰ ἐπίλοιπα τοῦ Μὴ κρίνετε καὶ εἰς τὰς λοιπὰς θείας ἐντολάς","Ἐὰν γὰρ σιωπήσωσι πάντες διὰ τὸ δῆθεν μὴ κατακρίνειν καὶ σχῶσιν ἄδειαν οἱ ἐρασταὶ τῶν παθῶν καὶ μετὰ ἀδείας ἁπάσης τὰ ἑαυτοῦ ἕκαστος ἐκπληροῖ καταθύμια, τότε μᾶλλον αὐτοὺς κατακρίνομεν, ὅτι κολάσεως καὶ κρίσεως αἰωνίου ἔργα βλέποντες αὐτοὺς διαπράττοντας χεῖρα βοηθείας αὐτοῖς οὐκ ἐκτείναμεν.","Stefanis 1996","145","145","335","43","31aff27c48fe18e4720712709ef22a83e5759a944e3b245b657d3f42b459990d","","False","False"
"336","Θ΄","§11","Εἰς τὰ ἐπίλοιπα τοῦ Μὴ κρίνετε καὶ εἰς τὰς λοιπὰς θείας ἐντολάς","Ἔδει λοιπὸν μηδὲ θείους γενέσθαι κανόνας, ἀπό τε ἀποστόλων ἁγίων καὶ μακαρίων πατέρων, κολάζειν καὶ ἐπιτιμᾶν τοὺς δρῶντας κακά, μηδὲ τὸν θεῖον Χρυσόστομον τοὺς ἓξ Ἀσιανοὺς ἐπισκόπους ἀποχειροτονεῖν καὶ ἐξεώζειν δικαίως τοῦ θείου θυσιαστηρίου διὰ τὸ μόνον δοῦναι χρήματα τῷ Ἀντωνίνῳ καὶ ἐπισκόπους γενέσθαι. Τὸ γάρ· Μὴ κρίνετε, καὶ οὐ μὴ κριθῆτε καθάπτεται μὲν ὁλικῶς πάντων ἡμῶν, καθάπτεται δὲ πλέον τοπάρχοις καὶ ἡγεμόσι λαοῦ, οἵτινες δικαίως καὶ ἀδίκως θαμὰ προσοργίζονται καὶ τῇ ἀρχικῇ ἐξουσίᾳ γαυρούμενοι οὐ κολάζουσι μόνον, ἀλλὰ καὶ μέχρι θανάτου πολλάκις τοὺς ὑπηκόους κατακρίνουσι.","Stefanis 1996","145","145","336","86","b8e8c49a271c6c5572b8a814cf28e6de0a40c820ab79e6be6b978180b47245ad","","False","False"
"337","Θ΄","§12","Εἰς τὰ ἐπίλοιπα τοῦ Μὴ κρίνετε καὶ εἰς τὰς λοιπὰς θείας ἐντολάς","Καὶ τοῦτο ἐκ νομικῆς παραδόσεως κατέχοντες οἱ Ἰουδαῖοι προσήφεραν τῷ Δεσπότῃ Χριστῷ μοιχευθεῖσαν γυναῖκα καὶ προτρέψαι τὸν ἀγαθὸν οἱ πονηροὶ ἐξαιτοῦντο λιθάσαι τὴν μοιχευθεῖσαν, ὡς ἐκ νόμου Μωσέως τοῦτο παρειληφότες· κρίσιν δὲ δικαίαν τοῦ εὐσπλάγχνου πρὸς αὐτοὺς ἐπειπόντος ὑπεχώρησαν ἅπαντες· Ὁ ἀναμάρτητος, φησίν, ὑμῶν πρῶτος βαλέτω λίθον ἐπ᾿ αὐτήν· ἐκείνων δὲ πάντων διασκεδασθέντων διὰ τὸ μὴ εἶναί τινα ἐξ αὐτῶν ἀναμάρτητον, φησὶν ὁ Σωτήρ· Ποῦ εἰσι, γύναι, οἱ κατήγοροί σου; οὐδείς σε κατέκρινε;, τῆς δέ· Οὐχί, Κύριε φησάσης ἀντέφησεν ὁ Σωτήρ· Οὐδὲ ἐγώ σε κατακρίνω.","Stefanis 1996","145","145","337","85","1d909bc0a3d770afad80fe60c721d8aac8861d4dfdc485f9f742c9759f03e7b2","","False","False"
"338","Θ΄","§13","Εἰς τὰ ἐπίλοιπα τοῦ Μὴ κρίνετε καὶ εἰς τὰς λοιπὰς θείας ἐντολάς","Μὴ οὖν κρίνετε, καὶ οὐ μὴ κριθῆτε· ἐν ᾧ γὰρ κρίματι κρίνετε, κριθήσεσθε· καὶ ἐν ᾧ μέτρῳ μετρεῖτε, μετρηθήσεται ὑμῖν. Τί δὲ βλέπεις τὸ κάρφος τὸ ἐν τῷ ὀφθαλμῷ τοῦ ἀδελφοῦ σου, τὴν δὲ ἐν τῷ σῷ ὀφθαλμῷ δοκὸν οὐ κατανοεῖς; ἢ πῶς ἐρεῖς τῷ ἀδελφῷ σου· Ἄφες ἐκβάλω τὸ κάρφος ἐκ τοῦ ὀφθαλμοῦ σου, καὶ ἰδοὺ ἡ δοκὸς ἐν τῷ ὀφθαλμῷ σου; ὑποκριτά, ἔκβαλε πρῶτον τὴν δοκὸν ἐκ τοῦ ὀφθαλμοῦ σου, καὶ τότε διαβλέψεις ἐκβαλεῖν τὸ κάρφος ἐκ τοῦ ὀφθαλμοῦ τοῦ ἀδελφοῦ σου. Ὅση γὰρ τοῦ μολίβδου καὶ τοῦ σιδήρου, τοῦ χαλκοῦ καὶ τοῦ ὀστράκου, τοῦ σίτου καὶ τοῦ ἀχύρου, τοῦ δοκοῦ καὶ τοῦ κάρφους ἐστὶ βάρους διαφορά, τοσαῦτον καὶ ἁμαρτίας βάρος διαφέρει ἁμαρτίας· διὸ καί φησιν· Ἔκβαλε τὴν δοκὸν ἐκ τοῦ ὀφθαλμοῦ σου καὶ τὰ ἑξῆς.","Stefanis 1996","145","145","338","128","8e41d07615aa0fe0ee26a8c1c5cdedbe2bc82b7ce2022bf3fea1065e2707b80b","","False","False"
"339","Θ΄","§14","Εἰς τὰ ἐπίλοιπα τοῦ Μὴ κρίνετε καὶ εἰς τὰς λοιπὰς θείας ἐντολάς","Εἰ δέ τις φαίη πυθόμενος τὸ πρὸς Ῥωμαίους τοῦ μακαρίου Παύλου ῥητὸν ἐκεῖνο τὸ φάσκον ὅτι· Ὁ ἐσθίων τὸν μὴ ἐσθίοντα μὴ ἐξουθενείτω καὶ ὁ μὴ ἐσθίων τὸν ἐσθίοντα μὴ κρινέτω, φαμὲν πρὸς αὐτὸν ὅτι τοὺς νηστεύοντας οἱ μὴ νηστεύοντες καὶ πάλιν τοὺς μὴ νηστεύοντας οἱ νηστεύοντες οὐ μέχρι λόγου ψιλοῦ κατέκρινον καὶ ἐξουθένουν οἱ τῶν Ῥωμαίων προύχοντες, ἀλλὰ καὶ ἐξουθένουν τοὺς τοιούτους καὶ κατέκρινον μέχρι καὶ θλίψεως δεινῆς τε καὶ βαρείας ὡς παράνομόν τι ποιοῦντας νηστεύοντας ἢ καταλύοντας.","Stefanis 1996","145","146","339","79","e87aba870786acffb3a226351184d83da24bfa081da718a332e0033eb4376fa5","","False","False"
"340","Θ΄","§15","Εἰς τὰ ἐπίλοιπα τοῦ Μὴ κρίνετε καὶ εἰς τὰς λοιπὰς θείας ἐντολάς","Νηστείαν δὲ οὐ τοιαύτην λέγει νηστείαν οἵαν καὶ τὴν ἡμετέραν· οὐδὲ γὰρ εἶχον τοιαύτην ἐκεῖνοι τότε νηστείαν· εἶχον δὲ πρὸ τοῦ πιστεῦσαι παρατηρήσεις βρωμάτων τινῶν (καθάπερ γοῦν οἱ Ἑβραῖοι καὶ οἱ Τοῦρκοι τὸ χοίρεον καὶ οἱ Ἀρμενίοι τὸν λαγωὸν καὶ τὸν πάγουρον), πιστευσάντων δὲ τῶν Ῥωμαίων τινὲς ἐξ αὐτῶν βρωμάτων εἶχον παρατηρήσεις καὶ ὡς μὴ ἐσθίοντες πάντα ἐξουθενοῦντο ἅμα καὶ κατεκρίνοντο ὑπ᾿ ἐκείνων τῶν ἐσθιόντων ἀδιαφόρως τοῖς πᾶσι, καὶ οἱ νηστεύοντες πάλιν ἐξουθενοῦσαν τοὺς μὴ νηστεύοντας, καὶ σχίσμα ἦν ἐν αὐτοῖς. Τοῦτο οὖν μαθὼν ὁ θεῖος ὑποφήτης πρὸς τοὺς τελείους τῇ πίστει ἔγραψεν οὕτω· Τὸν ἀσθενοῦντα τῇ πίστει προσλαμβάνεσθε· … ὃς μὲν πιστεύει φαγεῖν πάντα, ἤγουν καὶ χοίρεον καὶ εἴτι ἄλλο παρατηρεῖται, ὁ δὲ ἀσθενῶν, δηλαδὴ πρὸς τὴν πίστιν, λάχανα ἐσθίει, ὡσανεὶ κατὰ τὴν λαχανώδη πίστιν αὐτοῦ καὶ ἀσθενῆ λάχανα ἐσθίει, ὡς οἱ ἀσθενοῦντες τῷ σώματι. Ὁ ἐσθίων τὸν μὴ ἐσθίοντα μὴ ἐξουθενείτω, ἤγουν μὴ ἐνσκωπτέτω καὶ θλιβέτω καὶ βαρυνέτω, καὶ ὁ μὴ ἐσθίων τὸν ἐσθίοντα μὴ κρινέτω, ἤτοι μὴ κολαζέσθω, ὥστε παρὰ προαίρεσιν πείθειν αὐτὸν πιστεύειν καὶ βρωμάτων μετέχειν ὧν οὐ μετέχει· αὐθαιρέτους γὰρ τούτους καλοῦμεν πρὸς βασιλείαν, οὐ δυναστείᾳ καθέλκομεν, καθάπερ οἱ τύραννοι· διὸ καί φημι· Μὴ κρίνετε τὸν {μὴ} ἐσθίοντα· ὁ Θεὸς γὰρ αὐτὸν προσελάβετο, δηλονότι καὶ δύναται τὴν μικρὰν πίστιν αὐτοῦ τρανῶσαι καὶ αὐξῆσαι. Σὺ δὲ τίς εἶ ὁ κρίνων ἀλλότριον οἰκέτην; τῷ ἰδίῳ κυρίῳ στήκει ἢ πίπτει· <σταθήσεται δέ>· δυνατὸς γάρ ἐστιν ὁ Θεὸς στῆσαι αὐτόν. Ἐπεὶ οὖν δυνατὸς ὁ Θεὸς στῆσαι αὐτόν, ὡς βούλεται καὶ ὅτε βούλεται, σὺ τί κρίνεις καθέλκων καὶ βιάζων ὃν οὐ δύνασαι στῆσαι; Καὶ οὕτω μὲν περὶ τοῦ· Μὴ κρίνετε, καὶ οὐ μὴ κριθῆτε.","Stefanis 1996","146","146","340","264","5acedd5b14e3440fe94ac43b56633bd6335d4cd93168b4cd62cc84a232c4aef7","","False","False"
"341","Θ΄","§16","Εἰς τὰ ἐπίλοιπα τοῦ Μὴ κρίνετε καὶ εἰς τὰς λοιπὰς θείας ἐντολάς","Μεταβῶμεν δὲ τῷ λόγῳ καὶ εἰς τὰς ἑξῆς θείας ἐντολάς· Μὴ δῶτε, φησί, τὰ ἅγια τοῖς κυσί, μηδὲ βάλητε τοὺς μαργαρίτας ὑμῶν ἔμπροσθεν τῶν χοίρων, μήποτε καταπατήσωσιν αὐτοὺς ἐν τοῖς ποσὶν αὐτῶν καὶ στραφέντες ῥήξωσιν ὑμᾶς. Ἰδού, εἶπεν ἅγια καὶ κύνας καὶ μαργαρίτας καὶ χοίρους, ὥστε μήτε ἅγια κυσὶ διδόναι μήτε μαργαρίτας τοῖς χοίροις. Καὶ ἅγια μὲν τὸ πανάγιον αὐτοῦ λέγει σῶμα καὶ τὸ τίμιον αὐτοῦ καὶ ὑπερτίμιον αἷμα, κύνας δὲ τοὺς ἀπίστους. Τὸν ἄρτον, φησί, τῆς εὐχαριστίας ὃν μέλλετε κλᾶν καὶ τὸ ποτήριον ὃ μέλλετε εὐλογεῖν, ὡς τοῦ ἐμοῦ σώματος καὶ αἵματος σύμβολα, μὴ δῶτε τὰ τοιαῦτα ἅγια τοῖς ἀπίστοις κυσίν, ἕως οὗ πιστεύσαντες εἰς ἐμὲ βαπτισθῶσι καὶ καθαρθῶσι δι᾿ ἐμοῦ καὶ ἁγιασθῶσι, καὶ εἶθ᾿ οὕτως δώσητε τὰ ἅγια τοῖς ἁγίοις.","Stefanis 1996","146","146","341","122","ea5a8cbbcd3d085bb1f2e0feaf2c632da8e788a6db5ab2f0f0f14b6ccc5485b2","","False","False"
"342","Θ΄","§17","Εἰς τὰ ἐπίλοιπα τοῦ Μὴ κρίνετε καὶ εἰς τὰς λοιπὰς θείας ἐντολάς","Μηδὲ βάλητε τοὺς μαργαρίτας ὑμῶν ἔμπροσθεν τῶν χοίρων· καθάπερ γὰρ αἰσθητοὺς μαργαρίτας ἐπίπροσθεν χοίρων αἰσθητῶν τις διαρρίπτων οὐ τρώγουσι τούτους, ἀλλὰ μᾶλλον καταπατοῦσιν αὐτοὺς ἐν τοῖς ποσὶν αὐτῶν, ὀρέγονται δὲ ξυλοκερατίων καὶ βαλάνων δρυῶν καὶ πιτύρων ἀλεύρου καὶ ἰλύος βορβόρου, οὕτω καὶ ἀνθρώπων οἱ χοιρωδέστεροι νοητοὺς μαργαρίτας οὐ προσίενται, τοὺς λόγους δηλονότι τοῦ Πνεύματος καὶ τὴν τῶν θείων μυστηρίων μετάληψιν, τὴν δὲ χοιρώδη τροφὴν ἁμαρτίαν προκρίνουσι, καταπατοῦσι δὲ αὐτοὺς ἐν τοῖς ποσὶ τῆς αὐτῶν συνειδήσεως καὶ στρεφόμενοι ῥήσσουσι τοῖς χορηγοῦσιν αὐτοῖς, ὡς ὁ Ἰούδας τῷ Σωτῆρι ἐποίησε καὶ ἀποστό[***","Stefanis 1996","146","147","342","89","884252c67e21f2d2db8c849f47edbe3da38e843bd6e723f9b6905fc46dbea06b","","False","False"
"343","Θ΄","§18","Εἰς τὰ ἐπίλοιπα τοῦ Μὴ κρίνετε καὶ εἰς τὰς λοιπὰς θείας ἐντολάς","μαργα]ρίτας τιμίους ἔμπροσθεν τούτοις.","Stefanis 1996","147","147","343","4","32d18d1af0aadcd1ce2e93e987c3c0bd1efce16be93d8a22088a43b8014c555f","","False","False"
"344","Θ΄","§19","Εἰς τὰ ἐπίλοιπα τοῦ Μὴ κρίνετε καὶ εἰς τὰς λοιπὰς θείας ἐντολάς","Ὁμοία, φησίν, ἐστὶν ἡ βασιλεία τῶν οὐρανῶν ἀνθρώπῳ ἐμπόρῳ ζητοῦντι καλοὺς μαργαρίτας, <ὃς εὑρὼν ἕνα πολύτιμον μαργαρίτην> ἀπελθὼν πέπρακε πάντα ὅσα εἶχε καὶ ἠγόρασεν αὐτόν. Ὄντως μακάριος καὶ τρισμακάριος ὁ οὕτως ἐμπορευσάμενος, ὃς καὶ πωλήσει πάντα ὅσα ἔχει πράγματα καὶ θελήματα καὶ τὸν τίμιον ἐκεῖνον καὶ πολύτιμον μαργαρίτην ὠνήσηται· ὅλος γὰρ οὐκ ἔστι ψυχῆς μιᾶς ὁ κόσμος ἀντάξιος. Καὶ τί ξένον, ἐάν τις τὰ ὑπάρχοντα αὐτοῦ πωλήσας σκορπίσειε καὶ ἄσυλον θησαυρὸν καὶ πλοῦτον ἀκένωτον εὕροι τὸν μαργαρίτην ἐκεῖνον; πολλοὺς γὰρ ὑλικοὺς μαργαρίτας καὶ λίθους τιμίους ἐν τῷδε τῷ βίῳ πολλοὶ τῶν πλουσίων ἐκτήσαντο, ἀλλ᾿ οὐδὲν ἐκ τούτων ὠφέλειάν τινα ψυχῆς ἐκαρπώσαντο. Καὶ τί λέγω μερικοὺς λίθους καὶ μαργαρίτας; ἐπεὶ τὰ πάντα ἐγένοντο ἐκ τοῦ χοὸς καὶ τὰ πάντα εἰς τὸν χοῦν ἐπιστρέφουσι, κἂν καὶ τοὺς δώδεκά τις προσκτήσεται λίθους, οὐδὲν ὠφελεῖται.","Stefanis 1996","147","147","344","131","a2f782a25591dda15b69f825942041b6a8b7dde141f009f76e9b3a79073c6b37","","False","False"
"345","Θ΄","§20","Εἰς τὰ ἐπίλοιπα τοῦ Μὴ κρίνετε καὶ εἰς τὰς λοιπὰς θείας ἐντολάς","Ποίους δὴ δώδεκα λέγω; Σάρδιον τὸν Βαβυλώνιον, πάζιον τὸν Ἰνδικόν, σμαράγδιον τὸν [καὶ αὐτ]ὸν Ἰνδικόν, ἄνθρακα τὸν Χαλκηδόνιον Λιβύης, ἤτοι Ἀφρικῆς, σάμφειρον τὸν ἐκ τῆς Αἰθιοπίας, ἰάσπιν τὸν ἐκ τοῦ Θερμώδοντος ποταμοῦ, ὑάκινθον τὸν ἐκ φάραγγος τῆς Μεγάλης Σκυθίας, ἀχάτην τὸν ἀπὸ Σκυθίας καὶ οὗτον, ἀμέθυσον τὸν ἐν θαλαττίαις ὄχθαις Λιβύης, χρυσόλιθον τὸν ἐκ φρεάτιδος πέτρας τῆς Ἀχαιμενίδος, βηρύλλιον τὸν ἐκ πελμάτων ὀρέων τοῦ καλουμένου Ταύρου, ὀνύχιον τὸν ἐκ τοῦ ὄρους καὶ οὗτον τοῦ δηλωθέντος Ταύρου. Εἰ οὖν σάρδιος, πάζιος, σμαράγδιος, ἄνθραξ, σάμφειρος, ἰάσπις, ὑάκινθος, ἀχάτης, ἀμέθυσος, χρυσόλιθος, βηρύλλιος καὶ ὀνύχιος ὤνησαν οὐδὲν τοὺς αὐτοὺς κτησαμένους, τί λοιπὸν ἄλλο τῶν ὑλικῶν [καὶ] προσκαίρων τινὶ τῶν ἀνθρώπω[ν ὀνή]σειεν ἄν;","Stefanis 1996","147","147","345","108","9fc80f61457b39225bf7c4273f7c89fe82ac741be03ec867a6355869360672dd","","False","False"
"346","Θ΄","§21","Εἰς τὰ ἐπίλοιπα τοῦ Μὴ κρίνετε καὶ εἰς τὰς λοιπὰς θείας ἐντολάς","Καίπερ φασὶ τοὺ[ς εἰρη]μένους λίθους διαφόρους κε[κτῆσ]θαι τὰς ἐνεργείας· καὶ σαρδίου [μὲν] ἐνέργεια πρὸς οἰδήματα καὶ πληγὰς ἀπὸ σιδήρου γινομένας ἰατρῶν παῖδες διαχρίοντες θεραπεύουσι· παζίου δὲ τὸ τρίβεσθαι ἐν ἀκόνῃ καὶ χυμὸν γαλακτώδη ἐκφυεῖν κρατῆράς τε ἐμπιπλᾶν ὅσας καὶ ὁ ἐπιτρίβων βούλεται, καὶ οὔτε μειοῦται πρὸς τὸ ἔλαττον οὔτε μὴν τῷ σταθμῷ ἀπολίποιτο, χρησιμεύει δὲ τὸ ἐξ αὐτοῦ ἀφέμενον πρὸς πάθη ὀφθαλμῶν, πρὸς ὑδρομανίας πινόμενον καὶ τοῖς ἀπὸ σταφυλῆς θαλασσίας μαινομένοις (μέθην οἶμαι λέγειν ἐκ πλησμονῆς οἴνου, διὸ καὶ θαλασσίαν ἀπὸ σταφυλῆς ταύτην ἐκάλεσε· τάχα οἰνοδαίμοναν ἔδει τοῦτον καλέσαι σαφέστερον).","Stefanis 1996","147","147","346","90","f6223c435ba17183b6892d4dafaef0c92c211027d25bdd2a69c81fc6b26852e3","","False","False"
"347","Θ΄","§22","Εἰς τὰ ἐπίλοιπα τοῦ Μὴ κρίνετε καὶ εἰς τὰς λοιπὰς θείας ἐντολάς","Τού[του] τοῦ λίθου τὸ ἐξαίρετον καὶ τοῦ [χρυσί]ου ὁ Δαυῒδ μνημονεύσας καὶ [ὁμοιώσ]ας αὐτοὺς πρὸς λίθους πνευματικούς, ἤτοι ἐντολὰς Θεοῦ σωτηρίους, οὐδὲν ἐκεῖνοι πρὸς τούτους αὐτῷ κατεφάνησαν· καὶ ἔλεγεν οὕτω· Διὰ τοῦτο ἠγάπησα τὰς ἐντολάς σου ὑπὲρ χρυσίον καὶ τοπάζιον· διὰ τοῦτο πρὸς πάσας τὰς ἐντολάς σου κατωρθούμην, πᾶσαν ὁδὸν ἄδικον ἐμίσησα.","Stefanis 1996","147","147","347","52","2d72c559d687b2bbc5d35fc5b6bd1f6c1f6dca004a7f338c6fab0f5fb9728bec","","False","False"
"348","Θ΄","§23","Εἰς τὰ ἐπίλοιπα τοῦ Μὴ κρίνετε καὶ εἰς τὰς λοιπὰς θείας ἐντολάς","Ἐνέργεια δὲ σμαράγδου εἰς τὸ ἐσοπτρίζειν τὰ πρόσωπα· ὁ ἄνθραξ σπινθηρακίζει δίκην λαμπάδος, φασί· σάμφειρος δὲ τριβόμενος καὶ μιγνύμενος γάλακτι ἰᾶται χριόμενος ἡλκωμέναις πληγαῖς καὶ διαφόροις νοσήμασι· ἰάσπις δὲ εἰς ἐπιλήψεις χρησιμεύει καὶ μόνον· ὑακίνθου δὲ πῦρ, φασίν, οὐ καθάπτεται, ἀλλὰ κἂν σὺν ἄνθραξιν ἁπτομένοις συνειλήσειεν αὐτόν τις ἐν ὀθόνῃ, καὶ αὐτὴ ἀκατάφλεκτος μένει καὶ ἀβλαβής, ἔχει δὲ καὶ εὐτοκίας ἐνέργειαν ἐπὶ στειρευουσῶν γυναικῶν· ἀχάτης δὲ ἐπὶ μετώπου τ[ριβό]μενος ἐχιδνῶν καὶ σκορπίων ἀποτρέπει τὰ δήγματα· ἀμεθύσου δὲ τὴν ἐνέργειαν παρεσιώπησεν· οἶμαι γὰρ ὅτι κατὰ τὸ αὐτοῦ ὄνομα ἔχει καὶ τὴν ἐνέργειαν, εἰς οἶνον ἤτοι βαλλόμενος καὶ πινόμενος τὴν μέθη ἂν ἔχοι ἐκτρέπειν· χρυσόλιθος δὲ τριβόμενος στομαχικοῖς, κωλικοῖς καὶ κοιλιακοῖς ἐστιν ἰατρικός· βηρύλλιος δὲ †γλυκάζον† ἐστίν· ὀνυχίου δὲ ἐνέργειαν οὐκ ἐδήλωσεν.","Stefanis 1996","147","148","348","120","caa240654752a5f9dddffc5c08c4d02e421f59d19edc7e04ec0f1f94658be661","","False","False"
"349","Θ΄","§24","Εἰς τὰ ἐπίλοιπα τοῦ Μὴ κρίνετε καὶ εἰς τὰς λοιπὰς θείας ἐντολάς","Ἐκ τούτων οὖν τῶν λίθων καὶ ὁ μέγας Μωσῆς τριῶν ἐμνημόνευσε, χρυσίου, φημί, ἄνθρακος καὶ πρασίνου· Ἐκεῖ, φησίν, ἔστι τὸ χρυσίον, ἐκεῖ, δηλαδὴ εἰς Ἰνδίαν καὶ Αἰθιοπίαν, ἣν καὶ γῆν Εὐϊλάτων ἐκάλεσεν, ἔνθα ὁ Φισὼν ποταμός, ὁ καὶ Γάγγης καλούμενος, ἐκ τοῦ θείου παραδείσου κατέρχεται. Τὸ δὲ χρυσίον, φησί, τῆς γῆς ἐκείνης καλόν· ἐκεῖ ἐστιν ὁ ἄνθραξ καὶ ὁ λίθος ὁ πράσινος· πράσινον δὲ τὸν ἀχάτην λίθον ὁ μέγας Μωσῆς ἐπωνόμασε.","Stefanis 1996","148","148","349","71","259f4604a75f7520ffc5e6604cca63830ed9a9059afe892cfb9933f2823f2488","","False","False"
"350","Θ΄","§25","Εἰς τὰ ἐπίλοιπα τοῦ Μὴ κρίνετε καὶ εἰς τὰς λοιπὰς θείας ἐντολάς","Καλῶς γὰρ εἶπεν ὁ εἰπὼν ὅτι· Ἐκ μεγέθους καὶ καλλονῆς κτισμάτων ἀναλόγως ὁ γενεσιουργὸς θεωρεῖται. Τίς γὰρ νουνεχῶς βλέπων ταῦτα καὶ ἀκούων οὐ δοξάζει τὸν κτίστην, ὅτι διὰ καλλονῆς καὶ μεγέθους τῶν ἑαυτοῦ κτισμάτων πρὸς θεογνωσίαν ἰδίαν πᾶσαν τὴν φύσιν ἡμῶν συνεκάλεσε; Καὶ τίς ἂν ἐκ τῶνδε τῶν λίθων οὐ μνείαν ποιήσεται τοῦ λίθου ἐκείνου ὃν ἀπεδοκίμασαν οἱ οἰκοδομοῦντες, ὃς καὶ ἐγένετο εἰς κεφαλὴν γωνίας …, καὶ ἔστιν θαυμαστὴ ἐν ὀφθαλμοῖς ἡμῶν καὶ μείζω τῶν εἰρημένων δώδεκα λίθων φανεὶς ἐνεργέστερος μαλακίαν πᾶσαν καὶ νόσον ψυχῶν καὶ σωμάτων ἀπήλασε;","Stefanis 1996","148","148","350","88","bdcc21e9ae5465b6899790d4506b6faf5c67a3ad3488756383e9e408c5247eff","","False","False"
"351","Θ΄","§26","Εἰς τὰ ἐπίλοιπα τοῦ Μὴ κρίνετε καὶ εἰς τὰς λοιπὰς θείας ἐντολάς","Καὶ αὖθις λίθου θεωρητικῶς μνησθήσεται νοῦς ἐκείνου τοῦ ἄνευ χειρὸς ἐξ ὄρους τμηθέντος παρθενικοῦ καὶ τὴν εἰκόνα τῆς πλάνης συντρίψαντος καὶ εἰς ὄρος μέγα γενόμενος πᾶσαν τὴν οἰκουμένην θεογνωσίας ἐκπληρώσαντος. Ὁ αὐτὸς καὶ μέγας λέγεται λίθος καὶ ἄνθραξ καὶ σάμφειρος καὶ ἴασπις· Ἰδοὺ ἐγώ, λέγει Κύριος τῇ πόλει τῇ ἁγίᾳ, ἑτοιμάζω σοι ἄνθρακα τὸν λίθον σου καὶ τὰ θεμέλιά σου σάμφειρον καὶ θήσω τὰς ἐπάλξεις σου ἴασπιν. Οὗτος καὶ πέτρα σκανδάλου καὶ πέτρα ζωῆς ὑδάτων ἐστίν· Ἔπινον γάρ, φησίν, ἐκ πνευματικῆς ἀκολουθούσης πέτρας, ἡ δὲ πέτρα ἦν ὁ Χριστός. Καὶ πάλιν· Ὁ πεσών, φησὶν ὁ Κύριος, ἐπὶ τὸν λίθον τοῦτον συνθλασθήσεται· ἐφ᾿ ὃν δὲ πέσει ὁ λίθος, ἤγουν οἰκήσει, λικμήσει αὐτόν. Ὅρα, ὁ προσκόψας καὶ πεσὼν τῇ ἀπιστίᾳ συνθλασθήσεται, ἐφ᾿ ὃν δὲ πέσει ὁ λίθος, ἤγουν οἰκήσει, λικμήσει αὐτόν, δηλαδὴ καθαρίσει αὐτόν.","Stefanis 1996","148","148","351","132","9d040380b939def47979934e1d71ee38e0c71bc922ecd55d04835e30b627d1df","","False","False"
"352","Θ΄","§27","Εἰς τὰ ἐπίλοιπα τοῦ Μὴ κρίνετε καὶ εἰς τὰς λοιπὰς θείας ἐντολάς","Οἴδατε, ἀδελφοί μου φιλήκοοι καὶ φιλόστοργοι, πῶς ἡμῖν οὐ γέγονε πάρεργος ἡ τῶν δώδεκα λίθων ἀναφορά; οἴδατε λίθων καὶ λίθου διαφορὰν πάνυ ἀσύγκριτον καὶ πᾶσαν ἔννοιαν ὑπερβαίνουσαν; οἱ μὲν γὰρ διάφοροι καὶ θάτερος θατέρου διαφέρει καταπολὺν καὶ ἐν διαφόροις τόποις καὶ χώραις σπανίως εὑρίσκονται καί, εἴ τις ἑνὶ τούτων θελήσειεν ὀνήσασθαι, χρημάτων ὁλκὴν τῷ πεπρακότι κατέβαλε καὶ τῷ λοιπῷ πλούτῳ αὐτοῦ καταμίξας αὐτὸν οὐδεμίαν ἐκ τούτου ψυχῆς ὠφέλειαν ἐκαρπώσατο.","Stefanis 1996","148","149","352","69","98e1000f6b85c9995866eae3c9ab787d7c00df3dfb74f1641e163b336373b4ba","","False","False"
"353","Θ΄","§28","Εἰς τὰ ἐπίλοιπα τοῦ Μὴ κρίνετε καὶ εἰς τὰς λοιπὰς θείας ἐντολάς","Καὶ ὁ μὲν τῶν λίθων ἐκείνων ἰᾶται τόδε τὸ πάθος, ὡς εἴρηται, ὁ δὲ τόδε καὶ ἄλλος ἄλλο καὶ ἕτερος πάλιν ἕτερον, μέχρι τῶν δώδεκα, καὶ ταῦτα σωματικά, οὗτος δὲ ὁ λίθος ὁ ἀκρογωνιαῖος οὐ σπανίως κατὰ τὴν δεῖνα καὶ δεῖνα χώραν εὑρίσκεται, ἀλλ᾿ Ἐγένετο, φησίν, ὁ τὴν εἰκόνα πατάξας λίθος εἰς ὄρος μέγα καὶ ἐπλήρωσε πᾶσαν τὴν γῆν, καὶ οὐκ ἔστι λοιπὸν τὸν θέλοντα κτήσασθαι τοῦτον εἰς Ἰνδίαν ἀπελθεῖν καὶ Αἰθιοπίαν, ἵνα τοῖς Εὐϊλάτοις ὁλκὴν καταβάλῃ χρημάτων καὶ ὠνήσεται τοῦτον, ἀλλ᾿ ἔστιν ἐγγὺς ἑκάστου ἡμῶν (ἐν αὐτῷ γὰρ ζῶμεν καὶ κινούμεθα καί ἐσμεν), καὶ οὐ χρείαν ἔχουσιν οἱ τοῦτον θέλοντες κτήσασθαι πλήθους χρημάτων καταβολῆς, χρῄζουσι δὲ πρὸς τὸ κτήσασθαι αὐτὸν καθαρότητα βίου καὶ τῶν αὐτοῦ ἐντολῶν φυλακῆς.","Stefanis 1996","149","149","353","118","2bc3f835ed1830daf71a6e8e21fecb9e5bb97fea43f21dc58e581ba8d7e5ac74","","False","False"
"354","Θ΄","§29","Εἰς τὰ ἐπίλοιπα τοῦ Μὴ κρίνετε καὶ εἰς τὰς λοιπὰς θείας ἐντολάς","Καὶ ὁ τοῦτον κτησάμενος οὐ τὰ μὲν τῶν παθῶν θεραπεύσει κατ᾿ ἐκείνους τοὺς δώδεκα, τὰ δὲ καταλείψει ἀνίατα, ἀλλὰ ψυχῶν καὶ σωμάτων ὁμοῦ θεραπεύσει τὰ τραύματα, καὶ εἰς λίθον ἐκλεκτὸν ὁ κτησάμενος αὐτὸν καὶ οὗτος μεταποιηθήσεται καὶ χρησιμεύσει τῷ περιβόλῳ τῆς πόλεως ἐκείνης ἧς τεχνίτης καὶ δημιουργὸς ὁ Θεός, ἧς καὶ τὰς πύλας λίθους κρυστάλλου θεῖναι ὁ τεχνίτης ὑπέσχετο· Ἰδοὺ ἐγὼ ἑτοιμάζω, φησί, τὸν λίθον σου ἄνθρακα καὶ τὰ θεμέλιά σου σάμφειρον καὶ θήσω τὰς ἐπάλξεις σου ἴασπιν καὶ τὰς πύλας σου λίθους κρυστάλλου καὶ τὸν περίβολόν σου λίθους ἐκλεκτοὺς καὶ πάντας τοὺς υἱούς σου διδακτοὺς Θεοῦ.","Stefanis 1996","149","149","354","97","a84b6551c27c659b9043297b95a5c9604730ef4b0497214eb080e037dbafb5e5","","False","False"
"355","Θ΄","§30","Εἰς τὰ ἐπίλοιπα τοῦ Μὴ κρίνετε καὶ εἰς τὰς λοιπὰς θείας ἐντολάς","Ἀλλὰ δεῦρο δὴ ἄρτι, ὦ λόγε, πάντως καὶ ἀκολούθει μοι, ἵνα πρὸς τὸ προκείμενον ἐπανάξω σε, καὶ τὰ ἐχόμενα τῶν κειμένων ἐκεῖ ἐνταλμάτων Χριστοῦ ὡσαύτως δὴ κατοπτεύσωμεν. Εὐπειθῶς γάρ, οἶδας, κἀγὼ παρηκολούθηκά σοι μέχρι καὶ Ἰνδίας καὶ Σκυθίας καὶ Αἰθιοπίας καὶ Βαβυλῶνος καὶ Ἀφρικῆς καὶ τοῦ Φισὼν ποταμοῦ καὶ τῆς γῆς Εὐϊλάτ, ἵνα τοὺς δώδεκα λίθους ἐκείνους εὑρόντες κατίδωμεν.","Stefanis 1996","149","149","355","59","d97dcb3c9a4ed58a80f985e6040567a1bb70c1b8640f03e476db0518388b3558","","False","False"
"356","Θ΄","§31","Εἰς τὰ ἐπίλοιπα τοῦ Μὴ κρίνετε καὶ εἰς τὰς λοιπὰς θείας ἐντολάς","Ναί, φησί, παρηκολούθησάς μοι, ἀλλ᾿ οὐκ εἶπας διὰ τὸν Φισὼν ποταμὸν καὶ τοὺς ἑταίρους αὐτοῦ τρεῖς, οἳ τοῦ θείου παραδείσου ἐξοδευόμενοι ποῦ ποτε ἂν ἄρα καὶ καταντῶσι καὶ τί γίγνονται, ἵνα κἀντεῦθε Θεὸς δοξασθῇ καὶ τοῦ μεγάλου ἐκείνου παραδείσου χωρίου ἐνοπτρισθῶμεν τὸ μέγεθος.","Stefanis 1996","149","149","356","43","f54997d7aac2ca62523495eae13daa1acbb43ab48f22b7d04fc647beb73568ff","","False","False"
"357","Θ΄","§32","Εἰς τὰ ἐπίλοιπα τοῦ Μὴ κρίνετε καὶ εἰς τὰς λοιπὰς θείας ἐντολάς","Οὐκ εἶπον, φησίν, ὅτι οὐ περὶ ποταμῶν ἢ παραδείσου ἡμῖν ὁ λόγος κεκίνητο. Ἐπεὶ δὲ εἰς δόξαν Θεοῦ καὶ τοῦτο ἡμᾶς ἀπαιτεῖς, εἴπωμεν διὰ βραχέων εἴτι καὶ παρὰ τῶν εὖ εἰδότων ἠκούσαμεν καὶ εἶθ᾿ οὕτως εἰς τὸ προκείμενον ἐπανέλθωμεν.","Stefanis 1996","149","149","357","39","f4bdefc18e69de2d6dceec64f8f9a731ee82f890c63a8d56ff48f41d8f5f57cb","","False","False"
"358","Θ΄","§33","Εἰς τὰ ἐπίλοιπα τοῦ Μὴ κρίνετε καὶ εἰς τὰς λοιπὰς θείας ἐντολάς","Οὗτος οὖν ὁ Φισὼν παρ᾿ Ἕλλησι μὲν λέγεται Ἴνδος, παρ᾿ Αἰθίοψι δὲ Γάγγης, περικυκλοῖ δὲ πᾶσαν τὴν γῆν Εὐϊλὰτ τήν τε Μικρὰν Αἰθιοπίαν καὶ τὴν Μεγάλην καὶ πίπτει πρὸς νότον καὶ δύσιν ἔσωθεν ὁρίων Γαδείρων καὶ μίγνυται ὠκεανῷ τῷ Μεγάλῳ τῷ πᾶσαν κυκλοῦντι τὴν οἰκουμένην. Γεὼν δέ, ὁ καὶ Νεῖλος καλούμενος, τὴν χώραν τῶν Αἰθιόπων διαβὰς Ἀννουβίαν τε καὶ Βλεμμύαν καὶ Ὀξυμίτιδα καὶ Θηβαΐδα, καὶ Αἰγύπτου ἐπικλύζων τὰ μέρη τῇ θαλάττῃ, εἶθ᾿ οὗτος συμμίγνυται ταύτῃ. Τρίτος δὲ ὁ καὶ Τίγρης καλούμενος πορεύεται κατέναντι Ἀσσυρίων, ὃς καὶ διατέμνων τὰ ἀνατολικά, φασί, μέρη κατέρχεται καὶ καταδύεται ὑπὸ τὴν γῆν ἀναμέσον †Δυένων† καὶ Ἀρμενίων, ἀνίσχει δὲ πάλιν καὶ ἀναπηγάζει καὶ εἰς τὴν τῶν Ἀσσυρίων γῆν καὶ αὐτὸς διέρχεσθαι λέγεται. Καὶ ὁ Ἐφράτης δὲ ὁμοίως ὑπὸ γῆν καταδύεται. Καὶ ὅση μεταξὺ τῶν εἰρημένων δύο ποταμῶν ἐναποκλείεται γῆ Μεσοποταμίαν Συρίας εἰώθασι λέγειν. Ἰδοὺ διὰ βραχέων εἰρήκαμεν ὅτι Φισὼν μὲν ὠκεανῷ παραβάλλει, Γεὼν δὲ θαλάττῃ συνάπτεται, ὁ δὲ Τίγρης καὶ Ἐφράτης ὑπὸ γῆν καταδύουσι.","Stefanis 1996","149","150","358","158","3562d1f5877a00b1c10ce3758fb98fe91068b20d8d51c24a1da93897592bf19f","","False","False"
"359","Θ΄","§34","Εἰς τὰ ἐπίλοιπα τοῦ Μὴ κρίνετε καὶ εἰς τὰς λοιπὰς θείας ἐντολάς","Ἀλλὰ δ[εῦρο] δὴ λοιπόν, ὦ φιλοκύκλευ[τε λόγε], χαίρειν εἰπὼν ἀμείβειν [τόπους] καὶ χώρας καὶ ποταμοὺς καὶ Εὐϊλαίους πρὸς τὸ προκείμενον ἐπανέλθωμεν. Ναί, φησίν, ἐπειδὴ καὶ αὐτὸς ἐγένου μοι ὀπαδὸς προθυμότατος, κἂν καὶ τὴν ἐγκλείστραν σου μὴ λιπών, ἕπομαί σοι κἀγώ, καὶ πρὸς τὸ προκείμενον ἐπανάγαγε, ὡς ἂν καὶ αὐτὸς πάλιν ἐκεῖθεν ἀκολουθῶν ἕψῃς μοι.","Stefanis 1996","150","150","359","54","cdd3f5227083dd06b1c2902d9b2f304becd839885787bcb7bac8ce11cc81006a","","False","False"
"360","Θ΄","§35","Εἰς τὰ ἐπίλοιπα τοῦ Μὴ κρίνετε καὶ εἰς τὰς λοιπὰς θείας ἐντολάς","Εἶχε δὲ τὸ προκείμενον οὕτω· Μὴ δῶτε τὰ ἅγια τοῖς κυσί (καὶ εἴπομεν ἐκεῖ πλατυτέρως τίνα μὲν ἅγια, τίνας δὲ κύνας ὁ Δεσπότης ἐκάλεσε), μηδὲ βάλητε τοὺς μαργαρίτας ὑμῶν ἔμπροσθεν τῶν χοίρων. Ἐκ τούτων τοίνυν τῶν μαργαριτῶν ὁ λόγος ἀφορμὴν εὑρηκὼς εὐλογώτατον περὶ διαφόρων ἐνύλων καὶ ἀΰλων μαργάρων καὶ λίθων ὡς ἐν ὁρμαθῷ ἡμῖν ἐξηγήσατο, οὐχ ἵνα πάντως τῶν ὑλικῶν [λίθων] ἐκείνων διαφημήσῃ τὸ [χρήσι]μον, ἀλλ᾿ ἵνα ἐκ τῶνδε τῶν λίθων τῶν ὑλικῶν πρὸς ἕτερον ἄϋλον μέγαν ἀκρογωνιαῖον λίθον μεταφέρῃ τὸ διήγημα.","Stefanis 1996","150","150","360","82","522f291cb6c1677ad301ae67d7f274d2f2baa443d61ce83a7a68db0177cc9494","","False","False"
"361","Θ΄","§36","Εἰς τὰ ἐπίλοιπα τοῦ Μὴ κρίνετε καὶ εἰς τὰς λοιπὰς θείας ἐντολάς","Πάντα γὰρ τὰ ὁρώμενα ἐν τῷδε τῷ βίῳ πρὸς τύπους πάντως καὶ εἰκονίσματα ὑψηλῶν καὶ μεγάλων ὁ Δεσπότης παρήγαγε· κἂν γὰρ βασιλέα εἴποις ἐπίγειον, κἂν πλοῦτον, κἂν πενίαν, κἂν εὐπραγίαν, κἂν δυσπραγίαν, κἂν καταδίκην, κἂν φῶς, κἂν σκότος, κἂν ὑγείαν, κἂν νόσον, κἂν καὶ εἰς αὐτά τις τὰ σμικρότατα ζῳΰφια τῆς γῆς προσεπίδῃ, εἰκόνας τινὰς καὶ τύπους τῶν μελλόντων εὑρήσειε φέρειν, καθὼς καὶ ἐν τῷ δευτέρῳ λόγῳ εἰς τὰ τῆς μετανοίας ἐπίλοιπα σαφεστέρως εἴπαμεν.","Stefanis 1996","150","150","361","74","e18fd94f82e80e7050f21d365da11eca28210342ec4d0e1c11df5440338999ac","","False","False"
"362","Θ΄","§37","Εἰς τὰ ἐπίλοιπα τοῦ Μὴ κρίνετε καὶ εἰς τὰς λοιπὰς θείας ἐντολάς","Ἐπεὶ οὖν καὶ ὁ λίθος ὁ μέγας οὗτος, ὁ πληρῶν πᾶσαν τὴν γῆν, ἐπ᾿ ἐσχάτων τῶν χρόνων πρὸς ἡμᾶς καθ᾿ ἡμᾶς ηὐδόκησε φανῆναι, ἔδει λοιπὸν καὶ λίθους ἰαματικοὺς ἰσαρίθμους τῶν αὐτοῦ ὀπαδῶν εἰς δόξαν αὐτοῦ ἔχειν τὸν κόσμον· καὶ μαργαρίτας ὁμοίως ἔδει φέρειν τὴν γῆν, ἵνα, ὅταν φανῇ πρὸς αὐτὴν ὁ ἀληθὴς μαργαρίτης καὶ μαργαριτῶν ποιητής, γνωσθῇ ἐντεῦθεν τῶν αὐτοῦ ἐντολῶν μαργαριτῶν τὸ ὑπέρτιμον καὶ σοφὸν καὶ πανάγιον. Διὸ καὶ φανεὶς ἔλεγεν οὕτω τοῖς αὐτοῦ ὀπαδοῖς· Μὴ βάλητε τοὺς μαργαρίτας ὑμῶν ἔμπροσθεν τῶν χοίρων, καί· Ὁμοία ἐστὶν ἡ βασιλεία τῶν οὐρανῶν ἀνθρώπῳ ἐμπόρῳ ζητοῦντι καλοὺς μαργαρίτας, ὃς εὑρὼν ἕνα πολύτιμον μαργαρίτην ἀπελθὼν πέπρακε πάντα ὅσα εἶχε καὶ ἠγόρασεν αὐτόν.","Stefanis 1996","150","150","362","109","edc521a0ec125ecce954f7f7d00815108eff102c1b580674dc751864f91ac4fe","","False","False"
"363","Θ΄","§38","Εἰς τὰ ἐπίλοιπα τοῦ Μὴ κρίνετε καὶ εἰς τὰς λοιπὰς θείας ἐντολάς","Τούτου τοῦ μαργαρίτου ζηλωτὴς γεγονὼς ἀποστόλων χορὸς καὶ δῆμος μαρτύρων ἱεραρχῶν τε καὶ ὁσίων καὶ πᾶς ὁ τῶν δικαίων κατάλογος ἀπελθὼν πέπρακε πάντα ὅσα εἶχε καὶ διεσκόρπισε, πράγματά τε ὁμοῦ καὶ παθήματα καὶ θελήματα, καὶ ἠγόρασεν αὐτόν. Λαβόντες γὰρ οὗτοι ὡς μαργαρίτας τιμίους τὰς Χριστοῦ ἐντολὰς οὕτως ἐφύλαξαν, καθάπερ οἱ πλούσιοι αἰσθητοὺς μαργαρίτας· ᾔσασι γὰρ ὅτι οὐδὲν τοὺς πλουσίους ἐκείνους ὀνήσειε τῶν αἰσθητῶν μαργαριτῶν ἡ πρόσκτησις, διότι δυσκόλως πλούσιοι πρὸς βασιλείαν ἀνάγονται, κἂν καὶ ἐν ἀσφαλείᾳ πολλῇ τοὺς κτησαμένους φυλάττουσι λίθους, οὐδὲν πρὸς βασιλείαν εἰσάγονται· οἱ δὲ Χριστοῦ μαργαρῖται τοὺς κτησαμένους πρὸς βασιλείαν εἰσάγουσι.","Stefanis 1996","150","151","363","94","f71e4fecac8c7e623738450817d109f070d3f0f32b82efa4780053aef0bae20e","","False","False"
"364","Θ΄","§39","Εἰς τὰ ἐπίλοιπα τοῦ Μὴ κρίνετε καὶ εἰς τὰς λοιπὰς θείας ἐντολάς","Τίς γὰρ τοιούτους πλουτῶν μαργαρίτας πτωχεύσειεν ἄν ποτε; λέγω δὴ μετάνοιαν, προσευχήν, ἀγρυπνίαν, ἐγκράτειαν, νηστείαν, ἐλεημοσύνην, ἀγάπην, καθαρότητα βίου, φρόνημα ταπεινόν, εὔχεσθαι ὑπὲρ ἐχθρῶν, μὴ ἀντιστήκειν τῷ πονηρῷ καὶ ὅσα ἁπλῶς ὡς μαργαρίτας τιμίους τῶν θείων τοῦ Χριστοῦ ἐντολῶν τὸ παρὸν βιβλίον διαλέγεται.","Stefanis 1996","151","151","364","43","c1e1f29d7d918a53a3c4d073de919c3305d8fa89bd25c9ad2f62ccc37b4342a5","","False","False"
"365","Θ΄","§40","Εἰς τὰ ἐπίλοιπα τοῦ Μὴ κρίνετε καὶ εἰς τὰς λοιπὰς θείας ἐντολάς","Καὶ οἶμαι ὅτι οὐκ ἄν τις διαμάρτοι, εἰ Μαργαρίτας τὸ παρὸν βιβλίον ἐπονομάζει, ἐπεὶ καὶ καθόλου, ὡς ἔφημεν, τῶν θείων τοῦ Χριστοῦ ἐντολῶν καὶ ζωηρῶν μαργαριτῶν ποιεῖται διήγησιν. Ὅτι δὲ καὶ βίβλος ἱερὰ τοῦ χρυσορρειθρομαργάρου ἱεροῦ Χρυσοστόμου Μαργαρῖται τὰ ἐν αὐτῇ γεγραμμένα ὀνομάζονται ξένον οὐδέν, ἐπεὶ τοῦ αὐτοῦ καὶ ἑνὸς Πνεύματος θεῖοι λόγοι κἀκεῖνα καὶ ταῦτα πεφύκασι· καὶ γὰρ καὶ πολλοὶ τῶν ἀνθρώπων συνώνυμοι πέλουσι, καὶ μαργαρῖται συνώνυμοι μάχην οὐκ ἔχουσι, καὶ βίβλοι ὁμώνυμοι θάτερος θάτερον διακρούειν οὐ βούλεται.","Stefanis 1996","151","151","365","79","7b8ebf43adfd4427fd7c274d2012d0d33f2e012ed9bf0a67f4e2fed61ff9cc50","","False","False"
"366","Θ΄","§41","Εἰς τὰ ἐπίλοιπα τοῦ Μὴ κρίνετε καὶ εἰς τὰς λοιπὰς θείας ἐντολάς","Ἀλλ᾿ ἐπὶ τὸ προκείμενον καὶ αὖθις ἰτέον, καὶ τὰς ἑξῆς ἐντολὰς ταῖς ῥηθείσαις ἐπισυνάψωμεν καὶ συνεξυφάνωμεν ὡς ἱερὸν καὶ θεῖον ἱστόν, ἐν ᾧ καὶ μαργαρῖται συχνοὶ συνυφαίνονται καὶ χιτῶνες νοητοὶ ἐξ ἄνωθεν ὑφαντῶν διαρραπτόμενοι τοῖς ἀξίοις διανέμονται, οὓς ἀμφιασάμενοι ψῦχος χειμέριον νοητὸν οὐ δεδοίκασιν, ἀλλὰ θάλπονται μᾶλλον θάλψιν ἁγίαν, θάλψιν σωτήριον, θάλψιν ἀγήρου ζωῆς.","Stefanis 1996","151","151","366","54","485f037f4c0bd25d4551d59ca83460cc0e30c540a67450e72ea64e852b4f8009","","False","False"
"367","Θ΄","§42","Εἰς τὰ ἐπίλοιπα τοῦ Μὴ κρίνετε καὶ εἰς τὰς λοιπὰς θείας ἐντολάς","Ἐκεῖνος δὲ ὁ θεῖος ἱστὸς συνυφαίνεται οὕτω· Μὴ δῶτε τὰ ἅγια τοῖς κυσὶ μηδὲ βάλητε τοὺς μαργαρίτας ὑμῶν ἔμπροσθε τῶν χοίρων, μήποτε καταπατήσωσιν αὐτοὺς ἐν τοῖς ποσὶν αὐτῶν καὶ στραφέντες ῥήξωσιν ὑμᾶς. Αἰτεῖτε, καὶ δοθήσεται ὑμῖν· ζητεῖτε καὶ εὑρήσετε· κρούετε, καὶ ἀνοιγήσεται ὑμῖν· πᾶς γὰρ ὁ αἰτῶν λαμβάνει, καὶ ὁ ζητῶν εὑρίσκει, καὶ τῷ κρούοντι ἀνοιγήσεται. Τίς δέ ἐστιν ἐξ ὑμῶν ἄνθρωπος, ὃν ἐὰν αἰτήσῃ ὁ υἱὸς αὐτοῦ ἄρτον, μὴ λίθον ἐπιδώσει αὐτῷ; καὶ ἐὰν ἰχθὺν αἰτήσῃ αὐτῷ, μὴ ὄφιν ἐπιδώσει αὐτῷ; εἰ οὖν ὑμεῖς πονηροὶ ὄντες οἴδατε δόματα ἀγαθὰ διδόναι τοῖς τέκνοις ὑμῶν, πόσῳ μᾶλλον ὁ πατὴρ ἡμῶν ὁ οὐράνιος δώσει ἀγαθὰ τοῖς αἰτοῦσιν αὐτόν.","Stefanis 1996","151","151","367","106","ab5783425af4440b232891e48c784f6c9a85d1f1a36ef98d142976ead187d203","","False","False"
"368","Θ΄","§43","Εἰς τὰ ἐπίλοιπα τοῦ Μὴ κρίνετε καὶ εἰς τὰς λοιπὰς θείας ἐντολάς","Ταῦτα τοίνυν προερμηνεύθησαν ἐν τῷ τετάρτῳ λόγῳ τῆσδε τῆς βίβλου, ἐν οἷς εἴπομεν καὶ περὶ τοῦ ἁγίου λῃστοῦ, καὶ περιττὸν ἡγοῦμαι καὶ πάλιν ἐκεῖνα λέγειν ἐνταῦθα ἢ ἀνθ᾿ ἐκείνων ἄλλα προσθεῖναι τῷ λόγῳ. Διὸ καὶ βαδιοῦμεν πρὸς ἐντολὴν ἄλλην ἁγίαν λέγουσαν οὕτω· Πάντα οὖν ὅσα ἂν θέλητε ἵνα ποιῶσιν ὑμῖν οἱ ἄνθρωποι, οὕτω καὶ ὑμεῖς ποιεῖτε αὐτοῖς· οὗτος γάρ ἐστιν ὁ νόμος καὶ οἱ προφῆται.","Stefanis 1996","151","151","368","65","7d794ba1f1069c57ebfd02e6f8967d15b39119eef743a302e19490337484d25d","","False","False"
"369","Θ΄","§44","Εἰς τὰ ἐπίλοιπα τοῦ Μὴ κρίνετε καὶ εἰς τὰς λοιπὰς θείας ἐντολάς","Ἀλλὰ καὶ ταύτην τὴν σεβάσμιον ἐντολὴν ἐν τῇ πρὸς Εὐθύμιον μοναχὸν ἐπιστολῇ φθάσαντες ἡρμηνεύσαμεν· ἀλλ᾿ οὐ κατοκνήσομεν καὶ αὖθις ταύτην ἐνταῦθα διατρανῶσαι, ἣ δὴ καὶ εἶχεν οὕτως· «Εἰ γὰρ ἐφυλάττομεν τὴν ἐντολὴν ταύτην, ἦν ἂν ὁ κόσμος ἐπίγειος οὐρανός, ἀφιλόνεικος, ἀπολέμητος, ἀστασίαστος, ἄφθονος, εἰρηνικός, ἀζήμιος καὶ ἀναμάρτητος, θεοὶ κατὰ μέθεξιν ἄνθρωποι καὶ Θεὸν ἑστῶτα μέσον αὐτοῖς ἔχοντες, κατὰ τὸν θεῖον Δαυΐδ, καὶ ὡς ἐνώπιος ἐνωπίῳ, κατὰ τὸν θεῖον Μωϋσῆν, ὡς εἴ τις φίλος φίλῳ προσλαλεῖ, τὰ παρ᾿ αὐτοῦ ἀκηκόαμεν ἄν.","Stefanis 1996","151","152","369","80","bfa30eeb8afb55cd554134f56fd14de2e74c61c49f7ceeae9fb1c6539251fc1d","","False","False"
"370","Θ΄","§45","Εἰς τὰ ἐπίλοιπα τοῦ Μὴ κρίνετε καὶ εἰς τὰς λοιπὰς θείας ἐντολάς","Ἐπεὶ δέ, οἴμοι, καὶ μετὰ πασῶν τῶν θείων ἐντολῶν καὶ ταύτης ἐπελαθόμεθα, γέγονεν ὁ κόσμος πελάγει καὶ κλύδωνι παρεοικὼς βαρυτάτῳ, χειμὼν δὲ δυσδιάβατος καὶ ζάλη μεγάλη τὸν κόσμον κατέλαβεν ἅπαντα. Καὶ ταῦτα διὰ Δαυῒδ καὶ Ἠσαΐου βεβαιοῖ Θεός· Εἰ ὁ λαός μου ἤκουσέ μου, φησί, καὶ Ἰσραὴλ ταῖς ὁδοῖς μου εἰ ἐπορεύθη, ἐν τῷ μηδενὶ ἂν τοὺς ἐχθροὺς αὐτῶν ἐταπείνωσα καὶ ἐπὶ τοὺς θλίβοντας αὐτοὺς ἐπέβαλον ἂν τὴν χεῖρά μου, καί· Εἰ θέλετε καὶ εἰσακούσετέ μου, τὰ ἀγαθὰ τῆς γῆς φάγεσθε· ἐὰν δὲ μὴ θέλετε, μηδὲ εἰσακούσετέ μου, μάχαιρα ὑμᾶς κατέδεται· καὶ ὅτι· Δώσω ὑμῖν ἄρχοντας κατὰ τὰς καρδίας ὑμῶν· καὶ ὅτι· Ἐπιστήσω νεανίσκους ἄρχοντας αὐτῶν, καὶ ἐμπαῖκται κυριεύσουσιν αὐτῶν.","Stefanis 1996","152","152","370","110","e9656b0f838a7e36de38dc86ced03cad8d2e2fef42611c98350e6e135f6ffa14","","False","False"
"371","Θ΄","§46","Εἰς τὰ ἐπίλοιπα τοῦ Μὴ κρίνετε καὶ εἰς τὰς λοιπὰς θείας ἐντολάς","Πάντα οὖν ὅσα ἂν θέλητε, φησίν, ἵνα ποιῶσιν ὑμῖν οἱ ἄνθρωποι, οὕτως καὶ ὑμεῖς ποιεῖτε αὐτοῖς. Θέλομεν ἀγαπᾶσθαι, τιμᾶσθαι, δωροφορεῖσθαι, εἰσακούεσθαι; ὀφείλομεν καὶ ἡμεῖς ταῦτα παρέχειν ἀνθρώποις. Οὐ θέλομεν ὑβρισθῆναι ἢ διαβληθῆναι ἢ μισηθῆναι ἢ διωχθῆναι ἢ ζημιωθῆναι; ὀφείλομεν μηδὲ ἡμεῖς ἄλλῳ τινὶ δρᾶσαι ταῦτα». Καὶ οὕτω μὲν εἶχεν ἐν τῇ ῥηθείσῃ ἐπιστολῇ.","Stefanis 1996","152","152","371","53","cb78fe43b644a8ae2b9541f74167a27f658416ca2fb1cbc0356f29950710ca8f","","False","False"
"372","Θ΄","§47","Εἰς τὰ ἐπίλοιπα τοῦ Μὴ κρίνετε καὶ εἰς τὰς λοιπὰς θείας ἐντολάς","Ἀλλὰ δέον ἡγοῦμαι καινοτομῆσαι μικρὸν ἐνταῦθα τῶν εἰρημένων τὴν ἔννοιαν, ἵνα πλατύτερον τῆς ἐντολῆς τὸ ἐπίτομον καὶ σαφέστερον γένηται. Τίς γὰρ θέλει παρ᾿ ἑτέρου ζημιοῦσθαι ἢ πάσχειν κακῶς; τίς δὲ οὐ θέλει παρὰ πάντων τιμᾶσθαι καὶ δεξιοῦσθαι καὶ καλῶς ἔχειν ἀεί; Ἀπιὼν γάρ τις πρόβατα κλέψαι ἢ ἕτερα πράγματα τοῦ πλησίον αὐτοῦ, ἐὰν κατὰ διάνοιαν τὴν ἐντολὴν ἔφερε ταύτην, πάντως ἂν ἐλογίσατο οὕτως, ὅτι· Καθάπερ τὰ πρόβατα καὶ τὰ πράγματά μου παρ᾿ ἑτέρου κλαπῆναι οὐ βούλομαι, μηδ᾿ αὐτὸς βουληθῶ τὰ τοῦ πλησίον συλῆσαι. Καὶ οὕτω τὸ τῆς κλεψίας πάθος ἐκώλυσεν ἄν. Ἐὰν δὲ καὶ πλεονέκτης ἔναυλον εἶχε ταύτην τὴν ἐντολήν, ῥᾳδίως ἂν καὶ οὗτος τοῦδε τοῦ πάθους ἀπήλλακτο, ὃς μὴ θέλων οὕτω <ζημιοῦσ>θαι, οὐδ᾿ οὗτος ἔδρασε τοῦτο πρὸς ἕτερον. Ὡσαύτως καὶ ὁ μοιχός, ὃς οὐ θέλει τὴν αὐτοῦ παρ᾿ ἑτέρου μοιχευθῆναι γυναῖκα, οὐδ᾿ αὐτὸς πάντως ἑτέρου ἐπεθύμησεν ἂν μοιχεῦσαι γυναῖκα.","Stefanis 1996","152","152","372","140","9071c1e6179407850b63bd39269cae2a94f7ba65517b0cf53b46e78c75ce241d","","False","False"
"373","Θ΄","§48","Εἰς τὰ ἐπίλοιπα τοῦ Μὴ κρίνετε καὶ εἰς τὰς λοιπὰς θείας ἐντολάς","Ὁμοίως καὶ ἐπὶ πᾶσαν κακίαν καὶ πάθος τοῦτο ἂν ἐτελεῖτο σὺν πολλῇ προθυμίᾳ, καί, εἰ οὕτως εἶχεν, ἦν πᾶς ὁ κόσμος λιμὴν εὔδιος καὶ παράδεισος ἄλλος. Ὥσπερ γὰρ ὅλος ὁ νόμος καὶ οἱ προφῆται, κατὰ τὸν Κυριακὸν λόγον, ἐν δυσὶν ἐντολαῖς ἀποκρέμανται, ἤγουν τῇ τοῦ Θεοῦ ἀγάπῃ καὶ τοῦ πλησίον, οὕτω καὶ ἐν ταύτῃ. Καὶ ἐκεῖ μέν· Ἀγαπήσεις, φησίν, Κύριον τὸν Θεόν σου ἐν ὅλῃ τῇ καρδίᾳ σου καὶ ἐν ὅλῃ τῇ ψυχῇ σου καὶ ἐν ὅλῃ τῇ διανοίᾳ σου· αὕτη ἐστὶ πρώτη καὶ μεγάλη ἐντολή, δευτέρα δὲ ὁμοία αὕτη· Ἀγαπήσεις τὸν πλησίον σου ὡς ἑαυτόν. Ἐν ταύταις ταῖς δυσὶν ἐντολαῖς ὅλος ὁ νόμος καὶ οἱ προφῆται κρέμανται. Ἐνταῦθα δέ· Πάντα, φησίν, ὅσα ἂν θέλητε ἵνα ποιῶσιν ὑμῖν οἱ ἄνθρωποι, οὕτω καὶ ὑμεῖς ποιεῖτε αὐτοῖς· οὗτος γάρ ἐστιν ὁ νόμος καὶ οἱ προφῆται.","Stefanis 1996","152","153","373","133","26fe3aeb53763956e1a604f0b48da4d757abd7bb4c47a74a7b459b174e3b35c7","","False","False"
"374","Θ΄","§49","Εἰς τὰ ἐπίλοιπα τοῦ Μὴ κρίνετε καὶ εἰς τὰς λοιπὰς θείας ἐντολάς","Ὥστε ἐκεῖ μὲν εἰς δύο ἐντολὰς ὅλον τὸν νόμον καὶ τοὺς προφήτας καὶ πάσας τὰς ἐντολὰς ἐξαρτῆσθαι ἀπέφηνεν, ἐνταῦθα δὲ εἰς μίαν ἀπηόρισεν ὅλα τὰ θεῖα προστάγματα. Καὶ μάλα εἰκότως· τίς γὰρ τὴν ἐντολὴν τηρῶν ταύτην οὐ πρῶτον ἠγάπησεν ἐν ὅλῃ διανοίᾳ καὶ ψυχῇ καὶ καρδίᾳ τὸν αὐτοῦ Κύριον καὶ Θεόν; Οἱ ἀγαπῶντες τὸν Κύριον, φησὶν ὁ θεῖος Δαυΐδ, μισεῖτε πονηρά.","Stefanis 1996","153","153","374","61","32cca552b4a3cb8e2c468da19df2e72f87a730ffb56650eb8e3f189244a9e95f","","False","False"
"375","Θ΄","§50","Εἰς τὰ ἐπίλοιπα τοῦ Μὴ κρίνετε καὶ εἰς τὰς λοιπὰς θείας ἐντολάς","Καὶ πῶς λοιπὸν οἱ ἀγαπῶντες πονηρὰ λέγειν τολμῶσι τὸν Κύριον ἀγαπᾶν; τίς γὰρ ἐχθρὰ βασιλέως ποιῶν καὶ συμμαχῶν πολεμίοις αὐτὸν ἀγαπᾶν λέγειν τολμᾷ; Εἰ δέ που καὶ τοῦτο ἐξ ἀνοίας λέγειν τολμήσειεν, οὐ μόνον ὁ βασιλεὺς ἀλλὰ καὶ ἐχθροὶ καὶ φίλοι καταγελάσονται καὶ εὐήθειαν ἐσχάτην ἐκείνου εἰκότως κατηγορήσωσιν, ὡς τὰ ἐχθρὰ τοῦ βασιλέως κατεργαζόμενος καθ᾿ ἑκάστην ἀγαπᾶν λέγειν αὐτὸν οὐ καταισχύνεται. Ὁ ἔχων τὰς ἐντολάς μου, φησί, καὶ τηρῶν αὐτάς, ἐκεῖνός ἐστιν ὁ ἀγαπῶν με, καί· Οἱ ἀγαπῶντες τὸν Κύριον μισεῖτε πονηρά, καί· Ἀγαπήσεις Κύριον τὸν Θεόν σου ἐν ὅλῃ τῇ καρδίᾳ σου καὶ τὸν πλησίον ὡς ἑαυτόν σου, καί· Πάντα ὅσα ἂν θέλητε ἵνα ποιῶσιν ὑμῖν οἱ ἄνθρωποι, οὕτως καὶ ὑμεῖς ποιεῖτε αὐτοῖς· οὗτος γάρ ἐστιν ὁ νόμος καὶ οἱ προφῆται.","Stefanis 1996","153","153","375","122","a7a0b598d974ee146bae229f5acc01f5631ad8527072425adf7c921451660dcc","","False","False"
"376","Θ΄","§51","Εἰς τὰ ἐπίλοιπα τοῦ Μὴ κρίνετε καὶ εἰς τὰς λοιπὰς θείας ἐντολάς","Εἶτά φησιν· Εἰσέλθετε διὰ τῆς στενῆς πύλης, ἤγουν διὰ θλίψεως καὶ ἀποθέσεως φορτικῶν βασταγμάτων καὶ σαρκικῆς θρεπτουργίας. Διὰ τοῦτο γὰρ ἐκ τῶν γνωρίμων ἡμῶν ὁ Δεσπότης ἡμῖν διαλέγεται τεθλιμμένην λέγων ὁδὸν καὶ πύλην στενήν, ἵνα ἐκ τῆς ὁδοῦ καὶ τῆς πύλης νοήσωμεν τῶν λεγομένων τὴν δύναμιν, ὅτι ὥσπερ οἱ τεθλιμμένην ὁδὸν πορευόμενοι πολλὰς ἐχούσης παγίδας καὶ λῃστὰς καὶ κρημνοὺς καὶ θηρία καὶ οὐδὲν ἄλλο περιπατοῦντες φαντάζονται (οὐ πλοῦτον, οὐ δόξαν, οὐ τρυφήν, οὐκ ἄλλο τι φιλήδονον ἢ φιλόσαρκον) εἰμὴ πῶς ἂν διαδρᾶσαι τοὺς προκειμένους κινδύνους δυνήσονται καὶ ἐν μηδενὶ ἀγρευθῶσι ταῖς διαφόροις παγίσι τῶν παρὰ τῶν ἀγρευτῶν ἐκείνων λῃστῶν καὶ ζωῆς ἐπιτεύξονται.","Stefanis 1996","153","153","376","102","e4b908c840f322eb5c3dd775c06c3a31cf213eebd4884266588633d8d6073955","","False","False"
"377","Θ΄","§52","Εἰς τὰ ἐπίλοιπα τοῦ Μὴ κρίνετε καὶ εἰς τὰς λοιπὰς θείας ἐντολάς","Ἐπεὶ οὖν καὶ ὁ παρὼν βίος εἰκάζεται ὁδῷ καὶ ἡμεῖς ὁδοιπόροις, κατάλληλον ὁ Δεσπότης ὁδὸν ἐπωνόμασε τὸν ἀνθρώπινον βίον, μᾶλλον δὲ ὁδοὺς δύο, στενὴν μὲν καὶ τεθλιμμένην τὴν μίαν, τὴν δὲ ἑτέραν εὐρύχωρον. Διὸ καὶ ἔλεγεν· Εἰσέλθετε διὰ τῆς στενῆς πύλης, ὅτι πλατεῖα ἡ πύλη, καὶ εὐρύχωρος ἡ ὁδὸς ἡ ἀπάγουσα εἰς τὴν ἀπώλειαν, καὶ πολλοί εἰσιν οἱ εἰσερχόμενοι δι᾿ αὐτῆς. Τάχα τῆς ὁδοῦ τὸ εὐρύχωρον καὶ τῆς πύλης τὸ πλάτος δελεάζει τοὺς ὁδοιπόρους τοῦ βίου πολλὰ συγκομίζειν ἁμαρτημάτων φορτία ὡς ξύλα καὶ ἄχυρα, πυρὸς ἀναλώματα, καὶ διὰ τοῦτο πολλοί εἰσιν οἱ εἰσερχόμενοι δι᾿ αὐτῆς.","Stefanis 1996","153","153","377","95","4c8317449217640dfc9eecd80a2f861634a850f76c2f25eff9081bef4ad9a198","","False","False"
"378","Θ΄","§53","Εἰς τὰ ἐπίλοιπα τοῦ Μὴ κρίνετε καὶ εἰς τὰς λοιπὰς θείας ἐντολάς","Ἀλλ᾿ ὅρα ποῦ τελευτᾷ τῆς ὁδοῦ τὸ εὐρύχωρον, ὅτι εἰς πύλην πλατεῖαν καὶ μηδὲν τῶν φερομένων φορτίων ἀποτειχίζουσαν, ἀλλ᾿ ἐν ἀδείᾳ πάσῃ τοὺς ἐρχομένους σὺν τοῖς φορτίοις αὐτῶν διαβιβάζουσαν εἰς ἀπώλειαν ἄπεισι. Τί στενὴ ἡ πύλη (πρῶτον εἶπεν· Εἰσέλθετε διὰ τῆς στενῆς πύλης καὶ εὐθὺς τὴν πλατεῖαν παραδηλώσας καὶ εὐρύχωρον, πάλιν ἐπήγαγε)· Τί στενὴ ἡ πύλη, ἤγουν λίαν στενή, πάνυ στενή, καὶ τεθλιμμένη ἡ ὁδὸς ἡ ἀπάγουσα εἰς τὴν ζωήν, καὶ ὀλίγοι εἰσὶν οἱ εὑρίσκοντες αὐτήν. Ὅρα ὅτι οὐκ εἶπεν ὅτι ὀλίγοι εἰσὶν οἱ εἰσερχόμενοι δι᾿ αὐτῆς, ἀλλ᾿ ὅτι οἱ εὑρίσκοντες αὐτήν· τοσοῦτον, φησίν, ἡ ὁδὸς τεθλιμμένη καὶ <ἡ> πύλη στενή, ὡς μόλις καὶ παρ᾿ ὀλίγων τινῶν, τῶν ζητούντων ἐμπόνως, εὑρίσκεσθαι αὐτήν.","Stefanis 1996","153","154","378","112","30c707c552329fa40f54ae176eebfa7845e7d7fc074659f67701005418e5a569","","False","False"
"379","Θ΄","§54","Εἰς τὰ ἐπίλοιπα τοῦ Μὴ κρίνετε καὶ εἰς τὰς λοιπὰς θείας ἐντολάς","Καὶ τίνος χάριν, φησί, τὴν δυσεύρετον ταύτην καὶ τεθλιμμένην ὁδὸν τῆς εὐρυχώρου προέκρινε, δέον μᾶλλον τὴν πλατεῖαν προκρῖναι εἰσέρχεσθαι εἰς τὴν ζωήν, ἐπεὶ καὶ ῥᾳδίως εὑρίσκεται καὶ πολλοὶ εἰσέρχονται δι᾿ αὐτῆς;","Stefanis 1996","154","154","379","31","9c12f10e3130085d13ea9b81760abd0ac092e2b74230480be5d497f58b44b1c6","","False","False"
"380","Θ΄","§55","Εἰς τὰ ἐπίλοιπα τοῦ Μὴ κρίνετε καὶ εἰς τὰς λοιπὰς θείας ἐντολάς","Θαυμαστόν σου, ἄνθρωπε, τὸ ἐπινόημα καὶ τὸ ἐρώτημα ξένον καὶ ἀξιοθαύμαστον. Τάχα λέγεις ὅτι βόες καὶ ἵπποι καὶ ὄνοι καὶ ἡμίονοι καὶ κύνες καὶ λύκοι καὶ χοῖροι καὶ ἑρπετὰ καὶ θηρία ἔδει εἰσέρχεσθαι εἰς τὴν ζωήν, ἤτοι πρὸς Θεόν· ζωὴ γὰρ ὁ Θεός ἐστι καὶ λέγεται (ἐγώ εἰμι, φησίν, ἡ ἀλήθεια καὶ ἡ ζωή). Ἐννόησον τίς ἐστιν ἡ εὐρύχωρος ἐκείνη ὁδὸς καὶ τίνες οἱ ὁδοιπόροι ἐκείνης πεφύκασι, καὶ εὑρήσεις ὅτι τῆς ἁμαρτίας <ἡ ὁδός, ὁδοιπόροι δὲ ἐκείνης> πλεονέκται, φιλάργυροι, μοιχοί, ἀρρενοφθόροι καὶ ζῳοφθόροι καὶ ὅσα ἑξῆς. Ὁ τῆς πλατείας ὁδοῦ διατομεὺς ἀκαθαρσίας τοῖς ὁδοιπόροις ἐδίδαξε, καὶ ὀνομάζονται ὡς κύνες καὶ ὡς λύκοι καὶ ὡς θηρία καὶ ὡς χοῖροι καὶ ἵπποι καὶ ὄνοι καὶ ἡμίονοι παρὰ τῆς θείας γραφῆς διὰ τὸ ἀπηνὲς καὶ ἀναίσχυντον καὶ δολερὸν καὶ ἁρπακτικὸν καὶ φιλήδονον. Ἐννόησον ταῦτα καὶ κρῖνε καθ᾿ ἑαυτόν σου εἰ συμβαίνει προσιέναι τῇ ζωῇ τοὺς ῥηθέντας ὁδίτας.","Stefanis 1996","154","154","380","144","56df7122449b6938fe9a56c9e6e0322a8c985b73880d782c410f1ad3ab6472a0","","False","False"
"381","Θ΄","§56","Εἰς τὰ ἐπίλοιπα τοῦ Μὴ κρίνετε καὶ εἰς τὰς λοιπὰς θείας ἐντολάς","Πῶς γὰρ ἂν καὶ συνάψῃς ἀκαθαρσίαν τοσαύτην καὶ ῥύπον πρὸς καθαρὸν καὶ ἀκήρατον; πῶς δὲ καὶ κοινωνήσει τῷ ἀπροσίτῳ φωτὶ τὸ ἀκοινώνητον σκότος τὸ μηδὲ αὐγὴν μικρὰν ἰδεῖν ὑποφέρον; ἢ πῶς τῷ ἡλίῳ προσάψεις βορβορίαν δυσώδη; εἰ οὖν ἐνδέχεται ταῦτα συνάπτεσθαι καὶ συμμίγνυσθαι, ἐνδέχεται πάντως καὶ τοὺς ῥηθέντας ὁδίτας συναυλισθῆναι τῇ ἀθανάτῳ ζωῇ. Ἀλλ᾿ οὐκ ἔστι τοῦτο, οὐκ ἔστιν· οὐδεμία γὰρ κοινωνία φωτὶ πρὸς σκότος, ἀλλὰ σκότος πρὸς σκότος καὶ φῶς ἐπὶ φῶς.","Stefanis 1996","154","154","381","73","1010b65a70969b3251ccbc9e32a6324f6c93d9530fd222e644e41e2c68bebafc","","False","False"
"382","Θ΄","§57","Εἰς τὰ ἐπίλοιπα τοῦ Μὴ κρίνετε καὶ εἰς τὰς λοιπὰς θείας ἐντολάς","Καὶ ποία, φησίν, ἐστὶν ἡ τεθλιμμένη ὁδὸς ἐκείνη, καὶ οἱ ὁδοιπόροι αὐτῆς ποταποὶ ἄρα πεφύκασι; Τεθλιμμένη ὁδὸς ἡ τῶν ἐντολῶν ἐστι φυλακή, δι᾿ ὧν περικόπτονται ὁλικῶς ἡδοναὶ σαρκικαί, καὶ προσγίνεται κόσμου φυγὴ καὶ ἄρνησις ἐπιγείων παθῶν, ὁδοιπόροι δὲ οἱ τῶν θείων ἐντολῶν ἐρασταὶ ἅμα καὶ φύλακες, οἵτινες βιάζουσιν ἑαυτοὺς μὴ μόνον ἀντὶ κακοῦ κακὸν <μὴ> ἀποδοῦναι, ἀλλὰ μᾶλλον ἀντὶ κακοῦ ἀγαθόν, καὶ ἀγαπᾶν τοὺς ἐχθροὺς καὶ εὐλογεῖν τοὺς καταρωμένους καὶ ποιεῖν καλῶς τοῖς μισοῦσι, προσεύχεσθαι δὲ ὑπὲρ τῶν διωκόντων καὶ ἐπηρεαζόντων καὶ μὴ ἀντιστήκειν τῷ πονηρῷ τῷ τε ἀγγαρεύοντι προθύμως ἀκολουθεῖν καὶ τῷ τὴν μίαν σιαγόνα ῥαπίσαντι καὶ τὴν ἄλλην παρέχειν καὶ τῷ κρίνεσθαι θέλοντι πρὸς τὸ λαβεῖν τὸν χιτῶνα καὶ τὸ ἱμάτιον παρέχειν ἐκείνῳ τῷ πλεονέκτῃ καὶ μὴ βαρύνεσθαι κραιπάλῃ καὶ μέθῃ καὶ μερίμναις βιωτικαῖς καὶ μὴ ἁμαρτάνειν καὶ γίνεσθαι δοῦλοι τῆς ἁμαρτίας καὶ μὴ σπεύδειν πλουτεῖν, ὅτι δυσκόλως πλούσιοι πρὸς βασιλείαν <ἀνάγονται>, αἴρειν δὲ τὸν σταυρὸν μᾶλλον καὶ ἀκολουθεῖν τῷ Δεσπότῃ γρηγορεῖν τε καὶ προσεύχεσθαι διὰ τὸ μὴ εἰδέναι τὴν ὥραν ἢ τὴν ἡμέραν ᾗ ἔρχεται ὡς κλέπτης ὁ θάνατος.","Stefanis 1996","154","155","382","172","6262e6d92e1a315dceeec8bf9e51997d3f54e855edbef4743b9974fa0360a5c1","","False","False"
"383","Θ΄","§58","Εἰς τὰ ἐπίλοιπα τοῦ Μὴ κρίνετε καὶ εἰς τὰς λοιπὰς θείας ἐντολάς","Οἶδας ὁδὸν τεθλιμμένην πρόξενον βασιλείας καὶ εὐρυχωρίας ἀπείρου; οἶδας ὁδίτας ἀνδρείους πρὸς στενὴν πύλην βαδιοῦντας προθύμως; οἶδας πῶς οὐ φορτία καὶ συγκομιδὰς ἀλλὰ λίθους καὶ μαργαρίτας τιμίους ἐπιφερόμενοι τὴν τεθλιμμένην ὁδὸν διανύουσι τῶν σωστικῶν ἐντολῶν καὶ πρὸς τὴν ἁγίαν ἐκείνην στενὴν πύλην τῆς ζωῆς γενέσθαι σπουδάζοντας; εἰκότως γὰρ ἔλεγεν ὁ Δεσπότης ἡμῶν καὶ Σωτήρ· Τί στενὴ ἡ πύλη καὶ τεθλιμμένη ἡ ὁδὸς ἡ ἀπάγουσα εἰς τὴν ζωὴν καὶ ὀλίγοι εἰσὶν οἱ εὑρίσκοντες αὐτήν.","Stefanis 1996","155","155","383","73","15d4fd73990e97266cfa502c8f072b00acc002e6239b29d7e355876113a8486d","","False","False"
"384","Θ΄","§59","Εἰς τὰ ἐπίλοιπα τοῦ Μὴ κρίνετε καὶ εἰς τὰς λοιπὰς θείας ἐντολάς","Εἶτά φησιν· Προσέχετε ἀπὸ τῶν ψευδοπροφητῶν, οἵτινες ἔρχονται πρὸς ὑμᾶς ἐν ἐνδύμασι προβάτων, ἔσωθεν δέ εἰσι λύκοι ἅρπαγες· ἀπὸ τῶν καρπῶν αὐτῶν ἐπιγνώσεσθε αὐτούς. Ἐγώ, φησί, διὰ στενῆς καὶ τεθλιμμένης ἔφην ὁδοῦ εἰς τὴν ζωὴν εἰσαχθῆναι τοὺς βουλομένους, ἐκεῖνοι δὲ διὰ πλατείας καὶ εὐρυχώρου τοῦτο γενέσθαι ἀπατηλῶς ἀπαγγέλλουσιν· ὑμεῖς δὲ προσέχετε μὴ τὸ ἔξωθεν σχῆμα, ἤγουν τὴν τοῦ προβάτου δοράν, βλέπειν καὶ μόνον, ὁ δὲ κρυπτὸς λύκος ὑμᾶς διαλανθάνει, ἀλλ᾿ ἀπὸ τῶν καρπῶν αὐτῶν, δηλαδὴ ἀπὸ τῶν ἔργων αὐτῶν, ἐπιγνώσεσθε αὐτούς. Μήτι συλλέγουσιν ἀπὸ ἀκανθῶν σταφυλὴν ἢ ἀπὸ τριβόλων σῦκα; Ἐξ ἀμπέλου γὰρ σταφυλή, ἐξ οὗ καὶ οἶνος εὐφραίνων καρδίας, καὶ ἐξ ἀγαθοῦ θησαυροῦ καρδίας ἀνθρώπου ἀγαθοῦ διδαχὴ ἀγαθή, ἐκ δὲ τριβόλων ἄκανθαι, ἐξ ὧν ταλαιπωρία προσγίνεσθαι πέφυκε (ἐστράφην εἰς ταλαιπωρίαν, φησίν, ἐν τῷ ἐμπαγῆναί μοι τῆς ἁμαρτίας τὴν ἄκανθαν), καὶ ἐξ ἀνθρώπου πονηροῦ καρδίας πονηρᾶς πονηρὰ διδαχή.","Stefanis 1996","155","155","384","138","86f310791de7476d8fb4dd7ab299e90604925c360933c50c19ac30da14748c9b","","False","False"
"385","Θ΄","§60","Εἰς τὰ ἐπίλοιπα τοῦ Μὴ κρίνετε καὶ εἰς τὰς λοιπὰς θείας ἐντολάς","Πᾶν δένδρον ἀγαθὸν καρποὺς καλοὺς ποιεῖ, τὸ δὲ σαπρὸν δένδρον καρποὺς πονηροὺς ποιεῖ … Πᾶν δένδρον μὴ ποιοῦν καρπὸν καλὸν ἐκκόπτεται καὶ εἰς πῦρ βάλλεται. Ἄραγε ἀπὸ τῶν καρπῶν αὐτῶν ἐπιγνώσεσθε αὐτούς, οὐκ ἐκ τοῦ σχήματος αὐτῶν, οὐκ ἐκ τῶν λόγων αὐτῶν, ἀλλ᾿ ἐκ τῶν ἔργων αὐτῶν ἐπιγνώσεσθε αὐτούς, ἐπεὶ καὶ τὸ δένδρον οὐκ ἐκ τῆς σκιᾶς, οὐκ ἐκ τῶν φύλλων, ἀλλ᾿ ἐκ τῶν καρπῶν γνωρίζεται αὐτοῦ, εἴτε καλόν ἐστιν εἴτε σαπρόν.","Stefanis 1996","155","155","385","72","9787b338289e33fe82416c2b68273fe1051fe7b68ba45f704e651276b308c68b","","False","False"
"386","Θ΄","§61","Εἰς τὰ ἐπίλοιπα τοῦ Μὴ κρίνετε καὶ εἰς τὰς λοιπὰς θείας ἐντολάς","Πολλοὶ ἐροῦσί μοι ἐν ἐκείνῃ τῇ ἡμέρᾳ· Κύριε Κύριε, οὐ τῷ σῷ ὀνόματι προεφητεύσαμεν καὶ τῷ σῷ ὀνόματι δαιμόνια ἐξεβάλομεν καὶ δυνάμεις πολλὰς ἐποιήσαμεν; Καὶ τότε ὁμολογήσω αὐτοῖς ὅτι· Οὐκ οἶδα ὑμᾶς· ἀποχωρεῖτε ἀπ᾿ ἐμοῦ οἱ ἐργαζόμενοι τὴν ἀνομίαν. Ἐπεὶ οὖν, ὦ Δέσποτα, τῷ σῷ ὀνόματι προσκαλούμενοι σημεῖα καὶ δυνάμεις πολλὰς ἐποίησαν, πῶς οὐδέποτε ἔγνως αὐτούς;","Stefanis 1996","155","155","386","56","e3f6b3f70d62ac632034f27c033dd68544cf2409510c0b8b92915a64b41c47f2","","False","False"
"387","Θ΄","§62","Εἰς τὰ ἐπίλοιπα τοῦ Μὴ κρίνετε καὶ εἰς τὰς λοιπὰς θείας ἐντολάς","Ναί, φησίν, ὅτι καὶ Ἰούδας ἐποίησε δυνάμεις καὶ σημεῖα ἐν τῷ ὀνόματί μου, εἷς ὢν ἐκ τῶν δώδεκα, ἀλλ᾿ οὐδέποτε ἔγνων αὐτὸν πιστὴν ἔχοντα πρός με καρδίαν· ᾔδειν γὰρ πάντα ὡς Θεὸς καὶ πρὸ γενέσεως αὐτῶν· καὶ ὡς μὲν προδότην ἔγνων αὐτόν, ὡς δὲ μύστην καὶ σημειοφόρον οὐκ ἔγνων αὐτόν, καθάπερ καὶ Παῦλον διώκτην μὲν οὐκ ἔγνων, σκεῦος δὲ ἐκλογῆς μου ἐπέγνων αὐτὸν καὶ τὸ ὄνομά μου βαστάσαι εἰς ἔθνη μακρά.","Stefanis 1996","155","155","387","71","8b9619966fa92810fc23df338a3c9973df0ce5ccc6da3ae0192994ef445aed6e","","False","False"
"388","Θ΄","§63","Εἰς τὰ ἐπίλοιπα τοῦ Μὴ κρίνετε καὶ εἰς τὰς λοιπὰς θείας ἐντολάς","Οὕτω καὶ τούτους, οὐδέποτε ἔγνων αὐτοὺς τῇ ἀρετῇ καὶ τῇ πίστει διαμένειν εἰς τέλος, καὶ εἶχον αὐτοὺς ἐργάτας τῆς ἀνομίας διὰ τὸ μέλλειν αὐτοὺς παρανομεῖν ἐνυστέρως· τὰ γὰρ σημεῖα καὶ αἱ δυνάμεις ἃς ἐποίουν ἐν τῷ ὀνόματί μου οὐ τῆς ἐκείνων σπουδῆς ἀλλὰ τῆς ἐμῆς χάριτος, ἵνα καὶ αὐτοὶ βελτιωθῶσιν ἐπὶ τὸ κρεῖττον καὶ ἄπιστοι βλέποντες σημεῖα τοιαῦτα πιστεύουσιν. Ἐπεὶ δὲ πρὸς τὸ χεῖρον ἐτράπησαν καὶ ἐργάται τῆς ἀνομίας ἐφάνησαν, οὐδὲν αὐτοὺς ὠφελήσει τὰ θαύματα, ἀλλὰ καὶ πλείονος τιμωρίας ἀφορμὴ ἐκεῖνα τούτοις γενήσονται· οὐδὲ τὸ λέγειν μοι· Κύριε Κύριε αὐτοὺς ὠφελήσει, καθάπερ καὶ δένδρον καρπὸν ποιοῦν σαπρὸν οὐδὲν ὠφελεῖ· ἐκκόπτεται γὰρ καὶ εἰς πῦρ βάλλεται, καὶ οὐδὲν τούτου φείδεται ὁ γεωργός, ὅτι ἐποίησε καρπόν· ἐποίησε μὲν καρπόν, ἄχρηστον δὲ καὶ σαπρὸν καὶ καύσεως ἄξιον. Καὶ οὗτοι ἐργασάμενοι τὴν ἀνομίαν, οἱ πρότερον προφητεύσαντες καὶ σημεῖα ποιήσαντες, οὐδέποτε ἔγνων αὐτούς· καὶ διὰ τοῦτό φημι πρὸς αὐτούς· Ἀποχωρεῖτε ἀπ᾿ ἐμοῦ, ἐργάται τῆς ἀνομίας.","Stefanis 1996","155","156","388","150","155d849efbf29188813e2c7585f9f4becb7a8e613027cf9957fda0c95ee03b22","","False","False"
"389","Θ΄","§64","Εἰς τὰ ἐπίλοιπα τοῦ Μὴ κρίνετε καὶ εἰς τὰς λοιπὰς θείας ἐντολάς","Πολλῆς, ἀγαπητοί, φρίκης ἀξίαν ἡγοῦμαι τὴν ῥηθεῖσαν ἀπόφασιν· ὅτε γὰρ θαυματοποιῶν καὶ προφητικῶν χαρισμάτων ἀξιωθέντες τινὲς ἠγνοήθησαν τῷ Δεσπότῃ Χριστῷ, καὶ παρθένοι τινὲς ἀκούσωσιν· Οὐκ οἶδα ὑμᾶς, καὶ ὁ τὸ τάλαντον ἀποδοὺς ἀκέραιον κατακρίνεται διὰ τὸ μηδὲν προσεργάσασθαι, τί οὐκ ἂν πάθοι λοιπὸν ὁ ἀπολέσας αὐτό; Καὶ εἰ μετὰ παρθενίας καὶ θαυμάτων καὶ προφητειῶν οὐκ ἐγνώσθησαν τῷ Δεσπότῃ, τὰ ἑξῆς λέγειν οὐ δύναμαι, τάχα οὐδὲ βούλομαι.","Stefanis 1996","156","156","389","66","d7f7a9cd84196b9f58991ac07eeb8c49eee0272f0d3cbb7161bbb955076a44f7","","False","False"
"390","Θ΄","§65","Εἰς τὰ ἐπίλοιπα τοῦ Μὴ κρίνετε καὶ εἰς τὰς λοιπὰς θείας ἐντολάς","Γένοιτο δὲ πάντας ἡμᾶς τὸν τίμιον καὶ πολύτιμον ὠνήσασθαι μαργαρίτην καὶ τῆς πλατείας καὶ εὐρυχώρου ἀποκλῖναι ὁδοῦ, τὴν στενὴν δὲ τῶν ἁγίων ἐντολῶν ἀνδρείως ὁδοιπορῆσαι καὶ ὡς δένδρον χρηστὸν καρποφορῆσαι καρπὸν τίμιον τῷ παναγίῳ γεωργῷ καὶ τὸ τάλαντον ἕκαστος ὃ ἐπιστεύθη ἐπαυξῆσαι καὶ ἐμπορεῦσαι καλῶς καὶ τῷ Δεσπότῃ γνωσθῆναι καὶ κληθῆναι ὑπ᾿ αὐτοῦ πρὸς αἰωνίαν ζωὴν ὡς ἐκείνῳ τῷ ἀγαθῷ καὶ πιστῷ δούλῳ καὶ ἡμῶν ἕκαστον προσκαλέσηται λέγων· Εὖ, δοῦλε ἀγαθὲ καὶ πιστέ, ἐπὶ ὀλίγα ἦς πιστός, ἐπὶ πολλῶν σε καταστήσω· εἴσελθε εἰς τὴν χαρὰν τοῦ κυρίου καὶ Θεοῦ καὶ δεσπότου σου· ὅτι αὐτῷ πρέπει πᾶσα δόξα, τιμὴ καὶ προσκύνησις νῦν καὶ ἀεὶ καὶ εἰς τοὺς αἰῶνας τῶν αἰώνων· ἀμήν.","Stefanis 1996","156","156","390","110","84198460a431afdf5fdb76371093d7405f16aafca88d045a13b0a16939e1c5dc","","False","False"
"391","Ι΄","§1","Εἰς τὰς ἁγίας καὶ αὖθις ἐντολάς καὶ εἰς τὴν ἔνδειαν τοῦ ἔτους","Ἰδοὺ τὸ τέρμα τῶν ἐντολῶν τοῦ Κυρίου καὶ Θεοῦ καὶ Σωτῆρος ἡμῶν Ἰησοῦ Χριστοῦ· ἰδοὺ ἐν τῷ παρόντι δεκάτῳ λόγῳ δίκαιον ᾠήθημεν ποιῆσαι τὴν τούτων ἀπόθεσιν· ἰδοὺ ἡ παροῦσα βίβλος τῶν ἐντολῶν τοῦ Κυρίου ἰσαρίθμους τῶν δέκα παρθένων φέρουσα λόγους συνέλαβε πάσας ὁμοῦ, καὶ μωρὰς καὶ φρονίμους.","Stefanis 1996","157","157","391","47","e4854a82f77977a74f7ead15448c2f1459b49f6e34a25501fda66bfb8306e89f","","False","False"
"392","Ι΄","§2","Εἰς τὰς ἁγίας καὶ αὖθις ἐντολάς καὶ εἰς τὴν ἔνδειαν τοῦ ἔτους","Δεκάλογον δὲ καὶ ὁ νομοθέτης λαβὼν ἐκ χειρὸς νομοδότιδος νομοθετεῖ λαὸν Θεοῦ διὰ νόμου θείου γινώσκειν Θεόν. Καὶ ὁ νομοθέτης ἡμῶν καὶ νομοδότης ὁμοῦ καὶ Δεσπότης Χριστὸς βουληθεὶς ἐξ ἀνθρώπων τὸν τοῦ πεσόντος δεκάτου τάγματος τόπον ἀναπληρῶσαι φιλανθρώπως τὰς σωτηρίους αὐτοῦ πᾶσιν ἡμῖν προύθηκεν ἐντολάς.","Stefanis 1996","157","157","392","45","fd12c63cbfaf38f7099e0cc0701ebab00777272a530944a87c92b32834841046","","False","False"
"393","Ι΄","§3","Εἰς τὰς ἁγίας καὶ αὖθις ἐντολάς καὶ εἰς τὴν ἔνδειαν τοῦ ἔτους","Ἐπειδὴ γὰρ ἐκεῖνο ἐξώσθη τὸ τάγμα καὶ καταχθόνιον γέγονεν, ὥστε μὴ δύνασθαι στῆναι, καὶ τὸ πῦρ καὶ τὴν ἀπώλειαν ἐκληρώσατο, εἰς τὴν πρώτην ἐκείνων χώραν καὶ δόξαν ὁ χορὸς τῶν σῳζομένων ἀνάγεται. Τὴν δὲ πτῶσιν ἐκείνων τὴν ἄγερτον κατὰ διάνοιαν ὁ προφήτης φέρων Δαυῒδ ηὔχετο λέγων· Μὴ ἐλθέτω μοι ποὺς ὑπερηφανίας καὶ καταπτώσῃ με, καὶ χεὶρ ἁμαρτωλοῦ, ἀρχεκάκου διαβόλου, μὴ σαλεύσαι με· ἐκεῖ γὰρ ἔπεσον, ἐκεῖ, ἔνθα τὸ πάθος καὶ τῆς ὑπερηφανίας ὁ πούς, ἔπεσον πάντες οἱ τὴν ἀνομίαν ἐργαζόμενοι δαίμονες, ἐξώσθησαν, ἐξεβλήθησαν, ἀπερρίφησαν, κατεπτώθησαν καὶ οὐ μὴ δύνωνται στῆναι· οὐκ ἐπόρνευσαν, οὐκ ἐμοίχευσαν, οὐκ ἔκλεψαν, οὐκ ἐπλεονέκτησαν, οὐκ ἠδίκησαν τοὺς ὁμοφυεῖς (οὐ γὰρ ἦν δεκτικὴ τῶν εἰρημένων παθῶν ἡ φύσις αὐτῶν), διὰ μόνην δὲ ὑπερηφανίαν ἐξώσθησαν πάντες ἐκεῖνοι καὶ κατεπτώθησαν καὶ οὐ δύνανται στῆναι.","Stefanis 1996","157","157","393","125","9558be146b0754da8bf67aa41f88502e5f069a0cd1ba20c9c7a04c3ea3ea9757","","False","False"
"394","Ι΄","§4","Εἰς τὰς ἁγίας καὶ αὖθις ἐντολάς καὶ εἰς τὴν ἔνδειαν τοῦ ἔτους","Εἰ οὖν ἐκείνων ἀΰλων ὄντων καὶ ἀσωμάτων καὶ πρὸ τῆς ὁρωμένης ταύτης κτίσεως γεγονότων δι᾿ ἑνὸς πάθους καὶ μόνου ὁ Κύριος οὐκ ἐφείσατο, φοβηθῶμεν τὸ ὑπόδειγμα, μήπως μετὰ πορνείαν καὶ μοιχείαν καὶ κλεψίαν καὶ πλεονεξίαν καὶ τῶν λοιπῶν ὀλεθρίων παθῶν τὸν κατάλογον καὶ τὴν νόσον τῶν ἐξωσθέντων ἐκείνων νοσήσωμεν, καὶ ἴσως οὐδὲ ἡμῶν φείσεται τῶν ὑλικῶν καὶ τὴν κάτω χώραν στέργειν λαχόντων.","Stefanis 1996","157","157","394","62","b2a351c9cec89f8757115d3d2f2f49e14941f7b9cd8fa8eec99298fe7109207c","","False","False"
"395","Ι΄","§5","Εἰς τὰς ἁγίας καὶ αὖθις ἐντολάς καὶ εἰς τὴν ἔνδειαν τοῦ ἔτους","Ἵνα μὴ οὖν γένηται τοῦτο καὶ ἵνα τοῦ βορβόρου τῆς ἁμαρτίας ἡμᾶς ἀπαλλάξῃ, ἐντέλλεται ἡμῖν ὁ Δεσπότης οὑτωσὶ λέγων· Μάθετε ἀπ᾿ ἐμοῦ ὅτι πρᾶός εἰμι καὶ ταπεινὸς τῇ καρδίᾳ καὶ εὑρήσητε ἀνάπαυσιν ταῖς ψυχαῖς ὑμῶν. Ἡ μὲν πραότης τοῦ ἀντιπάλου αὐτῆς καὶ ἀνημέρου θυμοῦ καταπαύσει τὸ ἄγριον, χρηστοὺς δὲ ὑμᾶς καὶ ἡμέρους παρασκευάσει ὁρᾶσθαι καὶ ὁρᾶν τοὺς ὁμοφυεῖς ὑμῶν, διότι· Ἀνὴρ θυμώδης οὐκ εὐσχήμων, καί· Ὁ θυμὸς ὄλλυσι καὶ φρονίμους, καί· Ὀξύθυμος ἀνὴρ κατ᾿ αὐτοῦ πτῶσις, … μακρόθυμος δὲ πολὺς ἐν φρονήσει, ὀλιγόψυχος δὲ ἰσχυρὸς ἄφρων. Διὸ καί· Μάθετε ἀπ᾿ ἐμοῦ ὅτι πρᾶός εἰμι καὶ ταπεινὸς τῇ καρδίᾳ, ἵνα διὰ μὲν τῆς πραότητος τὰς τοῦ θυμοῦ ἀταξίας διακρούειν ἰσχύσητε, διὰ δὲ τῆς ταπεινῆς καρδίας τὴν χθαμαλότητα ῥᾳδίως τὴν ὑπερηφανίαν καταβάλετε καὶ εὑρήσητε ἀνάπαυσιν ταῖς ψυχαῖς ὑμῶν· ὁ γὰρ ζυγός μου χρηστὸς καὶ τὸ φορτίον μου ἐλαφρόν.","Stefanis 1996","157","158","395","136","a68ccab2b7da0f574e9aa3727fd965847287c091b55bfb8884daf32143c60250","","False","False"
"396","Ι΄","§6","Εἰς τὰς ἁγίας καὶ αὖθις ἐντολάς καὶ εἰς τὴν ἔνδειαν τοῦ ἔτους","Καὶ πῶς, φησίν, ὁ πρὸ μικροῦ λέγων πύλην στενὴν καὶ ὁδὸν τεθλιμμένην λέγει ἀρτίως χρηστὸν ἔχειν ζυγὸν καὶ φορτίον ὡσαύτως ἐλαφρὸν ἔχειν καὶ ἀβαρές; Ἄκουσον οὖν ὁ πυθόμενος πῶς τοῦτο προσγίνεται· καθάπερ ἐκεῖ ὁδὸν εἶπε καὶ πύλην, ἵνα ἐκ τῶν γνωρίμων μυηθῶμεν τῶν λεγομένων τὴν δύναμιν, οὕτω καὶ ἐνταῦθα ζυγοῦ καὶ φορτίου ποιησάμενος μνείαν πρὸς ἡμᾶς τὴν τούτων κατέλειψεν ἔρευναν. Ἐπεὶ οὖν ζυγὸν ἤκουσας καὶ φορτίον, μνημόνευσον σὺ ταύρου καὶ ἡμιόνου καὶ θέασαι πότε ἐκείνοις ὁ ζυγὸς φαίνεται ἄχρηστος καὶ ὁ φόρτος βαρύτατος, πότε δὲ αὐτοῖς κοῦφα τὰ εἰρημένα καὶ ἐλαφρὰ καταφαίνονται.","Stefanis 1996","158","158","396","92","5dd18d2db723ce701888778b0be3ffcf89fef49842992309be2ae7a14453e09e","","False","False"
"397","Ι΄","§7","Εἰς τὰς ἁγίας καὶ αὖθις ἐντολάς καὶ εἰς τὴν ἔνδειαν τοῦ ἔτους","Οὐχί, ὅτε κρατηθῶσι καὶ τῷ ζυγῷ καὶ τῷ φόρτῳ στενούμενα, τῆς πρὶν εὐρυχώρου καὶ πλατείας πεδιάδος καὶ ὀρεινῆς μνημονεύουσιν, ἐν ᾗ κατενέμοντο, καὶ βαρὺς ὁ ζυγὸς καὶ δυσβάστακτον τὸ φορτίον αὐτοῖς καταφαίνεται; ὅτε δὲ καὶ ὁ ταῦρος τῇ ζεύγλῃ διασφιχθῇ καὶ ὁ ζυγὸς τὸν αὐτοῦ κατατρίψῃ αὐχένα καὶ καθελκύσῃ τὸ ἄροτρον καὶ καταβάλῃ τὰ σπέρματα καὶ ἁμιλληθῇ τοῖς ἀροτριῶσι βουσὶ καὶ βοοστάσιον καὶ φάτνην καὶ τὴν στερρὰν τροφὴν γνωρίσῃ καλῶς, τότε τῆς λειμώδους ἐκείνης χλόης καὶ τῆς πλατείας πεδιάδος καὶ τῶν ἐκεῖ γινομένων μυκησμῶν καὶ σκιρτήσεων τελείως ἐπιλανθάνεται καὶ τὸν αὐτοῦ δεσπότην καλῶς ἐπιγνώσας δουλικῶς ὑπείκει αὐτῷ, καὶ ὁ ζυγὸς αὐτοῦ χρηστὸς αὐτῷ καταφαίνεται. Καὶ ὁ πῶλος ὁμοίως· βαρύτατον τὸ φορτίον κατ᾿ ἀρχὰς τούτῳ ἐπιφαίνεται, καὶ τῆς προτέρας ἀδείας καὶ νομῆς μνημονεύει συχνῶς· ὅτε δὲ ὁ χαλινὸς καὶ ὁ φόρτος κατατρίψῃ αὐτὸν καὶ καταστείλῃ αὐτοῦ τὰ σκιρτήματα, τότε κοῦφον καὶ ἐλαφρὸν τὸ φορτίον καὶ τούτῳ λογίζεται.","Stefanis 1996","158","158","397","146","7fc0886fc6727e300be8e69b2bd4a7ab6bbd2226352625e81d4847444d31e420","","False","False"
"398","Ι΄","§8","Εἰς τὰς ἁγίας καὶ αὖθις ἐντολάς καὶ εἰς τὴν ἔνδειαν τοῦ ἔτους","Ἐντεῦθεν οὖν πρὸς ἡμᾶς μετάθες τὰ ὑποδείγματα καὶ γνῶθι ὅτι ἐκ προοιμίων στενὴ καὶ τεθλιμμένη ἡ ὁδὸς διὰ τὴν τῶν παθῶν τυραννίδα ἡμῖν καταφαίνεται· τυραννεῖ γὰρ ἡμᾶς ἡ προλαβοῦσα συνήθεια, καὶ <ἡ μνήμη> τῆς πλατείας πεδιάδος τῶν παθῶν καὶ τῆς λειμώδους χλόης τῶν ἡδονῶν κατὰ τὸ τοῦ ταύρου ὑπόδειγμα ἡμᾶς ἐνοχλεῖ, καὶ φαίνεται ἡ ὁδὸς ἡ ἀπάγουσα εἰς τὴν ζωὴν στενὴ καὶ τραχεῖα. Ὅτε δέ τις χρονίσῃ τῇ τεθλιμμένῃ ὁδῷ καὶ εἰς ἕξιν ἔλθῃ τῆς εἰρημένης ὁδοῦ, τότε χαρμόσυνος Χριστοῦ χάριτι καὶ οὐ τεθλιμμένη αὐτῷ καταφαίνεται· τότε καὶ ὁ ζυγὸς γίνεται χρηστὸς καὶ τὸ φορτίον ὡσαύτως ἐλαφρότατον γίνεται· εἰ γὰρ ἦν τεθλιμμένη διηνεκῶς ἡ τῆς ζωῆς ὁδός, [τί]ς ἂν ἴσχυσε μέχρι καὶ τέλους βα[δί]σαι αὐτήν;","Stefanis 1996","158","158","398","115","9ea0c2368ea586856cf5f3a499276faf7386ab4f082831a0253d07ec1c964d6f","","False","False"
"399","Ι΄","§9","Εἰς τὰς ἁγίας καὶ αὖθις ἐντολάς καὶ εἰς τὴν ἔνδειαν τοῦ ἔτους","Ἐμοὶ δὲ δοκεῖ ὅτι τοὺς ἐραστὰς τῆς τεθλιμμένης ὁδοῦ καὶ στενῆς εὐρυχωρία καὶ χάρις εὐφραντικὴ διὰ τὴν ἐλπίδα τὴν μέλλουσαν τούτους διαδέχεται, ὅσοι δὲ τῆς πλατείας ἐρασταί, τοὐναντίον πεπόνθασι· σκότωσις γὰρ λογισμῶν καὶ οἶστρος φιληδονίας καὶ θλίψεων εἰσβολαὶ καὶ λογισμῶν ταραχαὶ καὶ ἁμαρτωλοῦ συνειδότος κατάκρισις καὶ ἀλλεπάλληλοι φόβοι προσκαίρων καὶ αἰωνίων αὐτοὺς ἐκταράττουσιν, ὥστε πᾶσα ἀνάπαυσις τῆς πλατείας καὶ εὐρυχώρου ὁδοῦ τελείως ἀπελαύνεσθαι· ἡ δὲ στενὴ καὶ τεθλιμμένη ὁδός, κἂν καὶ ἀπαράκλητος γίγνηται τοῖς αὐτῆς ἐρασταῖς, ἀλλ᾿ οὐδ᾿ οὕτως αὐτῆς ἀποκλίνουσι.","Stefanis 1996","158","159","399","81","ff858aec06268c975bc54fd9151309e1a02dd1659259bae01ca581dbb4723dd0","","False","False"
"400","Ι΄","§10","Εἰς τὰς ἁγίας καὶ αὖθις ἐντολάς καὶ εἰς τὴν ἔνδειαν τοῦ ἔτους","Ἧς τὸ ἄναντες καὶ τραχὺ καὶ τὴν πολλὴν ἀνοδίαν καὶ τὸν βαρύτατον φόρτον ὁ Δεσπότης Χριστὸς ἐφιδὼν καὶ κατελεήσας ἡμᾶς ἐπισπᾶται πρὸς ἄνεσιν καί φησι· Δεῦτε πρός με πάντες οἱ κοπιῶντες καὶ πεφορτισμένοι, κἀγὼ ἀναπαύσω ὑμᾶς· κεκμήκατε γὰρ ταῖς πρώην ἡδυπαθείαις δουλούμενοι καί· Δεῦτε πρός με, κἀγὼ ἀναπαύσω ὑμᾶς, ὅτι· Τὸν ἐρχόμενον πρός με οὐ μὴ ἐκβάλω ἔξω, καὶ διὰ τοῦτο· Δεῦτε, καὶ ἀναπαύσω ὑμᾶς.","Stefanis 1996","159","159","400","65","9436d93521add42e81d657a3abd7a369a2146c523de197ce92caf7f73ab858f0","","False","False"
"401","Ι΄","§11","Εἰς τὰς ἁγίας καὶ αὖθις ἐντολάς καὶ εἰς τὴν ἔνδειαν τοῦ ἔτους","Ἐπεὶ οὖν κατελείψατε τὰ ἔργα τοῦ σκότους καὶ ἐμοὶ ἠκολουθήσατε, δεῦτε, καὶ ἀναπαύσω ὑμᾶς. … Ἐγὼ γάρ εἰμι τὸ φῶς τοῦ κόσμου, καὶ δεῦτε πρός με· ὁ ἐμοὶ ἀκολουθῶν οὐ μὴ περιπατήσῃ ἐν τῇ σκοτίᾳ, ἀλλ᾿ ἕξει τὸ φῶς τῆς ζωῆς· καὶ διὰ τοῦτο· Δεῦτε, καὶ ἀναπαύσω ὑμᾶς· … πᾶς γὰρ ὁ φαῦλα πράσσων μισεῖ τὸ φῶς καὶ οὐκ ἔρχεται πρὸς τὸ φῶς, μήπως φανῶσι τὰ ἔργα αὐτοῦ. Ἀλλ᾿ ὑμεῖς οἱ ἐμοὶ δεῦτε πρός με, καὶ ἀναπαύσω ὑμᾶς· … εἴ τις γὰρ ἐμοὶ διακονεῖ, ἐμοὶ ἀκολουθείτω, καὶ ὅπου εἰμὶ ἐγώ, ἐκεῖ καὶ ὁ διάκονος ὁ ἐμὸς ἔσται.","Stefanis 1996","159","159","401","97","097d84f16a65386a40be19c25e4dc7ef1cabd2ca3bfe5855c5cd0dd9c8aef4cd","","False","False"
"402","Ι΄","§12","Εἰς τὰς ἁγίας καὶ αὖθις ἐντολάς καὶ εἰς τὴν ἔνδειαν τοῦ ἔτους","Καὶ δεῦτε λοιπόν, καὶ ἀναπαύσω ὑμᾶς· ἀναπαύσω ὑμῶν μετὰ σωμάτων ψυχὰς καὶ ἀναπαύσω ὑμᾶς προσκαίρως καὶ αἰωνίως· ἔνθα «ἀπέδρα πᾶσα ὀδύνη, λύπη καὶ στεναγμός», ἀναπαύσω ὑμᾶς. Καὶ ὅστις θέλει ὀπίσω μου ἀκολουθεῖν πρὸς τὴν ἐμὴν βασιλείαν, ἀπαρνησάσθω ἑαυτόν, ἤγουν τὰς σαρκικὰς ἡδονάς, καὶ ἀράτω τὸν σταυρὸν αὐτοῦ, ἤγουν νέκρωσιν θορύβων βιωτικῶν καὶ ἡδυπάθειαν σαρκός, καὶ ἀκολουθείτω μοι.","Stefanis 1996","159","159","402","57","c0c26443718937fdcfa6fb0e4d3da4e21592b7be8c0711d9fa31233442ce4401","","False","False"
"403","Ι΄","§13","Εἰς τὰς ἁγίας καὶ αὖθις ἐντολάς καὶ εἰς τὴν ἔνδειαν τοῦ ἔτους","Καί· Ὁ φιλῶν πατέρα ἢ μητέρα ὑπὲρ ἐμὲ οὐκ ἔστι μου ἄξιος· καὶ ὅστις ἀφήσει πατέρα ἢ μητέρα ἢ γυναῖκα ἢ τέκνα ἢ ἀδελφοὺς ἢ ἀδελφὰς ἢ πλοῦτον καὶ περιουσίαν πραγμάτων ἕνεκε τοῦ ὀνόματός μου, ἑκατονταπλασίονα λήψεται ἐν τῷδε τῷ βίῳ, ἐν δὲ τῷ μέλλοντι ζωὴν αἰώνιον κληρονομήσει· καί· Ὅστις οὐ λαμβάνει τὸν σταυρὸν αὐτοῦ καὶ ἀκολουθεῖ ὀπίσω μου, οὐκ ἔστι μου ἄξιος, καί· Εἴ τις ἔρχεται πρός με καὶ οὐ μισεῖ τὸν πατέρα αὐτοῦ καὶ τὴν μητέρα αὐτοῦ καὶ τὴν γυναῖκα καὶ τὰ τέκνα καὶ τοὺς ἀδελφοὺς καὶ τὰς ἀδελφάς, ἔτι δὲ καὶ τὴν ἑαυτοῦ ψυχήν, οὐ δύναταί μου εἶναι μαθητής.","Stefanis 1996","159","159","403","102","2a2cab26649c175d7baccf321735ab384740990d943b3b4f72799c92e625977f","","False","False"
"404","Ι΄","§14","Εἰς τὰς ἁγίας καὶ αὖθις ἐντολάς καὶ εἰς τὴν ἔνδειαν τοῦ ἔτους","Μῖσος δὲ λέγω τὸν ἐξ ἐκείνων τέλειον χωρισμόν, ἵνα ἐμοὶ ἀχώριστοι γένωνται διὰ τὸ μὴ δύνασθαι ἐμοὶ ἀκολουθεῖν κἀκείνοις δουλεύειν, ἐπεὶ οὐδὲ δύναταί τις δυσὶ δουλεύειν κυρίοις· ἀντέχεται γὰρ τοῦ ἑνὸς καὶ τοῦ ἑτέρου καταφρονεῖ. Ὥσπερ γὰρ ὁ μῖσος καὶ ἔχθραν πρός τινα κεκτημένος οὐδαμῶς περιστρέφεται τούτῳ, οὕτω καὶ οἱ ἐμοὶ ὀπαδοὶ πρὸς πᾶσαν συγγένειαν καὶ πλοῦτον καὶ κοσμικὴν περιφάνειαν ὀφείλουσιν εἶναι.","Stefanis 1996","159","159","404","62","2b8dab298717adf2623d87ba5588bd6320a2d22860c8e6725fc2e39517bfe88e","","False","False"
"405","Ι΄","§15","Εἰς τὰς ἁγίας καὶ αὖθις ἐντολάς καὶ εἰς τὴν ἔνδειαν τοῦ ἔτους","Τίς γὰρ ἐξ ὑμῶν ὁ θέλων πύργον οἰκοδομῆσαι οὐχὶ πρῶτον καθίσας ψηφίζει τὴν δαπάνην, εἰ ἔχει εἰς ἀπαρτισμόν; ἵνα μήποτε θέντος αὐτοῦ τὸν θεμέλιον καὶ μὴ ἰσχύοντος ἐκτελέσαι πάντες οἱ θεωροῦντες ἄρξωνται ἐμπαίζειν αὐτῷ λέγοντες ὅτι οὗτος ὁ ἄνθρωπος ἤρξατο οἰκοδομεῖν καὶ οὐκ ἴσχυσεν ἐκτελέσαι. … Οὕτως οὖν πᾶς ἐξ ὑμῶν ὃς οὐκ ἀποτάσσεται πᾶσι τοῖς ὑπάρχουσιν αὐτοῦ, οὐ δύναταί μου εἶναι μαθητής.","Stefanis 1996","159","160","405","63","39aa9192e428b22d6075bc25ee8e07a53673627600eb541045b97b4557732261","","False","False"
"406","Ι΄","§16","Εἰς τὰς ἁγίας καὶ αὖθις ἐντολάς καὶ εἰς τὴν ἔνδειαν τοῦ ἔτους","Καὶ μάλα εἰκότως· ἴσον γὰρ καὶ αὐτῷ τό· Οὐδεὶς δύναται δυσὶ κυρίοις δουλεύειν, καὶ τό· ᾯ ἡττᾶταί τις, τούτῳ καὶ δεδούλωται. … Ἐὰν δὲ ἐμοὶ διακονῇ τις, ἐμοὶ ἀκολουθείτω, ἤγουν ὁ δουλεῦσαί μοι θέλων ὡς οἷόν τε ἐμὲ μιμείσθω, καὶ ὅπου εἰμὶ ἐγώ, ἤγουν ἐν τῇ ἐμῇ βασιλείᾳ, ἐκεῖ καὶ ὁ διάκονος ὁ ἐμὸς ἔσται. Καὶ ἐὰν ἐμοὶ διακονῇ τις, τιμήσει αὐτὸν ὁ πατήρ. Πῶς τιμήσει αὐτὸν ὁ πατήρ; ὡς δοῦλον πιστὸν τοῦ υἱοῦ αὐτοῦ συμμέτοχον ποιήσει τῆς βασιλείας τοῦ υἱοῦ. Καί· Ἐὰν μείνητε ἐν ἐμοί, καὶ τὰ ῥήματά μου ἐν ὑμῖν μένει, καὶ ὃ ἐὰν θέλητε, αἰτεῖτε, καὶ δοθήσεται ὑμῖν. … Ὁ μένων ἐν ἐμοί, κἀγὼ ἐν αὐτῷ, οὗτος φέρει καρπὸν πολύν, ὅτι χωρὶς ἐμοῦ οὐ δύνασθε ποιεῖν οὐδέν.","Stefanis 1996","160","160","406","120","dbfb79df8cd52ffe70d9f818963e46e248e31f7861a4877bc8578f30c4f903d8","","False","False"
"407","Ι΄","§17","Εἰς τὰς ἁγίας καὶ αὖθις ἐντολάς καὶ εἰς τὴν ἔνδειαν τοῦ ἔτους","Ὥσπερ, φησίν, οἱ μένοντες ἐν ἐμοὶ οὐ δύνανται τὰ ἀλλότρια ποιεῖν καὶ τὰ ἐμὰ παρορᾶν, οὕτω πάλιν καὶ οἱ μένοντες ἀλλαχοῦ, ἤγουν ἐν τῇ νυκτὶ τῶν παθῶν, οὐ δύνανται χωρὶς ἐμοῦ ποιεῖν τι τῶν ἐμῶν, ποιοῦσι δὲ τὰ ἐφ᾿ ᾧ μένουσι καὶ αὐτὸς ἐν αὐτοῖς, ὅτι χωρὶς ἐμοῦ οὐδεὶς δύναται ποιεῖν τι τῶν ἐμῶν.","Stefanis 1996","160","160","407","54","dfb45c6914d231eb7156ee102e73334586ae8d372b26e547821412e04902382e","","False","False"
"408","Ι΄","§18","Εἰς τὰς ἁγίας καὶ αὖθις ἐντολάς καὶ εἰς τὴν ἔνδειαν τοῦ ἔτους","Λοιπὸν οὖν· Δεῦτε πρός με, καί· Μείνατε ἐν ἐμοί, ἵνα κἀγὼ τὴν ἐμὴν πρὸς ὑμᾶς ὑπόσχεσιν ἐκπληρῶν ἀναπαύσω ὑμᾶς καὶ δοξάσω ὑμᾶς ὡς δοξάσαντάς με καὶ ἀγαπήσω ὑμᾶς, καθότι· Ἐγὼ τοὺς ἐμὲ φιλοῦντας ἀγαπῶ, οἱ δὲ ἐμὲ ζητοῦντες εὑρήσουσι χάριν, καί· Μακάριος … ἄνθρωπος, ὃς τὰς ἐμὰς ὁδοὺς φυλάξει· διδάσκω γὰρ ὑμᾶς ἀληθῆ, ἵνα γένηται ἐν Κυρίῳ ἡ ἐλπὶς ὑμῶν, καὶ πλησθήσεσθε Πνεύματος. Ἄρατε οὖν τὸν ζυγόν μου ἐφ᾿ ὑμᾶς καὶ μάθετε ἀπ᾿ ἐμοῦ ὅτι πρᾶός εἰμι καὶ ταπεινὸς τῇ καρδίᾳ, καὶ εὑρήσητε ἀνάπαυσιν ταῖς ψυχαῖς ὑμῶν. Μὴ δείσητε δὲ ὡς φορτίον ἀκούσαντες· ὁ γὰρ ζυγός μου χρηστὸς καὶ τὸ φορτίον μου ἐλαφρόν ἐστιν.","Stefanis 1996","160","160","408","104","afa3cd2b75152ef842c3e94c0f3cfbab7f3681feca813d2ffccefe237e1fc811","","False","False"
"409","Ι΄","§19","Εἰς τὰς ἁγίας καὶ αὖθις ἐντολάς καὶ εἰς τὴν ἔνδειαν τοῦ ἔτους","Οἶδας, ἀγαπητέ, πῶς στενὴν ὁ Δεσπότης εἰπὼν πύλην καὶ ὁδὸν τεθλιμμένην πάλιν εἶπε χρηστὸν τὸν ζυγὸν καὶ ἐλαφρὸν τὸ φορτίον αὐτοῦ; οἶδας πῶς σου ἡ πεῦσις λέλυται ἀκριβῶς δι᾿ ἐννοίας παραδειγμάτων καὶ ῥήσεων γραφικῶν; Ἴσθι ὅτι τὸ ἀσύνηθες ποιεῖ στενὴν τὴν ὁδόν, ἡ δὲ συνήθεια χρηστὸν τὸν ζυγὸν καὶ ἐλαφρὸν τὸ φορτίον. Κἂν γὰρ δορυάλωτός τις πρὸς χώραν ἀλλοδαπὴν ἀπαχθῇ καὶ δουλωθῇ ἐν αὐτῇ χρόνους ἱκανούς, κουφοτέρα πάντως ἡ ἐσχάτη ἐκείνη δουλεία αὐτῷ καταφαίνεται, καὶ εἰς ἕξιν ἐλθὼν τῆς ῥηθείσης δουλείας ὡς αὐτόχθων καὶ οἰκεῖος ἐν αὐτῇ ἐφεδρεύει λοιπόν. Καὶ ὅτι τοῦτο ἀληθές, ὅρα τὴν δορυάλωτον φύσιν ἡμῶν, πῶς τῆς ἀρχαίας πατρίδος αὐτῆς ἐπελάθετο καὶ ὥσπερ ἀθάνατος καὶ αὐτόχθων οὕτω τῇ αἰχμαλωσίᾳ τοῦ τῇδε βίου διαναπαύεται· καίπερ μυρίας ὑπομένουσα θλίψεις ἐσχάτῃ πιεζομένη δουλείᾳ καὶ πολλαῖς ὁμιλοῦσα τοῦ βίου ἀνιαραῖς περιστάσεσιν, οὐδ᾿ οὕτω τῆς ἰδίας πατρίδος μνημονεύειν ἀνέχεται.","Stefanis 1996","160","160","409","137","4194fb8c0f8a7f344e6191791a1017a257ecaa8b6bd6e4f7352cf2d43b771234","","False","False"
"410","Ι΄","§20","Εἰς τὰς ἁγίας καὶ αὖθις ἐντολάς καὶ εἰς τὴν ἔνδειαν τοῦ ἔτους","Καί, εἰ δοκεῖ, τὰς πολλὰς θλίψεις ἐάσαντες τὴν ἐνεστῶσαν τῷ ἔτει τούτῳ θλῖψιν διὰ τὸν λιμὸν κατοπτεύσωμεν, ὅτι καὶ τοσαύτης ἐνδείας ἄρτου περιτυχόντες μετανοῆσαι οὐ θέλομεν· ἐῶ γὰρ λέγειν ὅτι καὶ ἐπὶ τὸ χεῖρον ἐτράπημεν· τίς γὰρ συνῆκε πλεονέκτης ἢ κλέπτης ἢ πόρνος ἢ δολερὸς ὅτι διὰ τὰς ἡμῶν ἁμαρτίας προτείνει τὰς θλίψεις ἡμῖν ὁ Θεός, καὶ τὸ πάθος τὸ ἴδιον κατέπαυσεν ἕκαστος καὶ πρὸς τὸ βέλτιον ἔσπευσεν ἀναχθῆναι; πάντως οὐδείς, ἀλλ᾿ ἐπίδοσις μᾶλλον ἐπὶ τὸ χεῖρον ἐγένετο, ἀλληλοφονίαι καὶ πλεονεξίαι καὶ κλεψίαι καὶ τὰ τούτων αἰσχρότερα.","Stefanis 1996","160","161","410","87","ecd54f51584e3d3aceea6ec4b8efa6595f9750ea761e73a2b1f177dc1fb57606","","False","False"
"411","Ι΄","§21","Εἰς τὰς ἁγίας καὶ αὖθις ἐντολάς καὶ εἰς τὴν ἔνδειαν τοῦ ἔτους","Καὶ νῦν μέν τις πρός με παραβαλὼν ἔφη ὅτι· Διερχόμενος τὴν δεῖνα ὁδὸν εὗρον ἄνθρωπον πεφονευμένον, καὶ οὐ μόνον ὅτι ἐφόνευσαν οἱ φονευταί, ἀλλ᾿ ὅτι καὶ τὴν κάραν αὐτοῦ καὶ τὰς χεῖρας καὶ τοὺς πόδας ἐξέτεμον, ὡς ἄν, φησί, γένηται τὸ πτῶμα αὐτοῦ τοῖς ὁρῶσιν ἀγνώριστον· καὶ ὅτι· Κατὰ τὴν δεῖνα ὁδὸν λῃστήριον γέγονε. Καὶ ἄλλος· Ὤρυξάν μου, φησί, ὄπιθεν τὴν οἰκίαν καὶ ἐσύλησάν μου τὰ πράγματα. Καὶ ἕτερος· Τὸ μικρόν μου, φησί, ψωμίον συλήσαντες θανάτῳ ἐκ λιμοῦ σὺν τοῖς ἐμοῖς ἅπασι διαφθείρομαι.","Stefanis 1996","161","161","411","83","943b0985002d93f37fedf87837cff8d32695d2793f24b10673189d97ec9b4ccd","","False","False"
"412","Ι΄","§22","Εἰς τὰς ἁγίας καὶ αὖθις ἐντολάς καὶ εἰς τὴν ἔνδειαν τοῦ ἔτους","Ἀλλὰ τί χρὴ λέγειν ὅσας ἀκούω καθ᾿ ἑκάστην γινομένας εἰς τὰς κύκλῳ κώμας τοιχωρυγίας καὶ ἁρπαγμοὺς καὶ ἄλλα ἐναντιώτερα πλεῖστα; ἃ καὶ ἀκούων ἔφην ὅτι οὐ μετάνοια ἀλλ᾿ ἐπίδοσις μᾶλλον ἐπὶ τὸ χεῖρον ἐγένετο. Τί οὖν ποιήσει ἡμῖν ὁ φύσει ἀγαθὸς Θεὸς ἡμῶν καὶ φιλάνθρωπος, ὁ πατρικῶς τὴν ἡμῶν σωτηρίαν πραγματευόμενος, ὅτι καὶ ἀνέχεται ἡμῶν διὰ πολλὴν ἀγαθότητα καὶ μυρίων ἀγαθῶν ἐμπιπλᾷ τὸ ἡμέτερον γένος, καὶ ἡμεῖς κακουργοῦμεν; Παιδεύειν ἡμᾶς ὡς πατὴρ διὰ θλίψεων βούλεται καὶ ὡς παῖδας ἰδίους ἐπὶ τὸ κρεῖττον βελτιῶσαι, καὶ ἡμεῖς εἰς τὸ χεῖρον τρεπόμεθα. Λείπεται οὖν λοιπὸν ἵν᾿, ὅταν ἔλθῃ κρῖναι τὸν κόσμον, τότε τὰς ἡμῶν ἀταξίας καὶ δεινὰς αἰσχρουργίας εἰς ἡμᾶς ἐξαρτήσει καὶ ἐξ αὐτοῦ διαζεύξει· ὢ τῆς ζημίας· διὰ γὰρ τοῦτο πάντως ἀνέχεται τῶν ἡμῶν ἀπείρων ἀταξιῶν, ὅτι τὰ παρ᾿ ἡμῶν νῦν πραττόμενα ἐν τῇ τῆς ἐτάσεως ἐκείνῃ ἡμέρᾳ ἔχοι ἂν ταμιεῦσαι.","Stefanis 1996","161","161","412","139","b609ae76f96226b5e9adaab0d369329db5240403dcccfb6e1f57448f265c9197","","False","False"
"413","Ι΄","§23","Εἰς τὰς ἁγίας καὶ αὖθις ἐντολάς καὶ εἰς τὴν ἔνδειαν τοῦ ἔτους","Καὶ ὅρα πῶς ἄρτι ἐπάνω τῆς τοσαύτης κακίας ἡμῶν ὑετοὺς καταπέμπει μάλα συχνοὺς καὶ εἰρηνικούς· καὶ ἐπεσκέψατο τὴν γῆν καὶ ἐμέθυσεν αὐτήν, κατὰ τὸν θεῖον Δαυΐδ, ὡς ἂν τὰ τῆς ἐρήμου πεδία δώσουσι νομὴν τῶν κτηνῶν, ὥς φησιν Ἰωήλ, καὶ ξύλον καὶ ἄμπελος καὶ συκῆ ὁμοίως τὸν καρπὸν αὐτῶν καὶ ἡμῖν ὡσαύτως βρώματα εἰς δικαιοσύνην, οὐχ ἵνα τρεφόμενοι ἀδικοῦμεν, ἀλλ᾿ ἵνα τρεφόμενοι δικαιοπραγοῦμεν, καὶ γενήσονται ἡμῖν βρώματα εἰς δικαιοσύνην, ὡς δοκεῖ τῷ Θεῷ· διὰ τοῦτο γὰρ καὶ βρέχει ἡμῖν ὑετὸν πρώϊμον καὶ ὄψιμον, καθὼς ἔμπροσθεν {ἔφην}, βουλόμενος, οἶμαι, πλῆσαι ὡς ἀγαθὸς ἅλωνας σίτου καὶ ληνοὺς οἴνου καὶ ἐλαίου.","Stefanis 1996","161","161","413","98","802f4f7eddc29c9155fb8673354615ae04d6dac1b279fce73186fbc3dd9dab3d","","False","False"
"414","Ι΄","§24","Εἰς τὰς ἁγίας καὶ αὖθις ἐντολάς καὶ εἰς τὴν ἔνδειαν τοῦ ἔτους","Διατί ταῦτα προτείνει τῇ ἀνθρωπότητι ὁ πλούσιος καὶ φιλάνθρωπος; μὴ τῶν ἀνωτέρω ῥηθέντων ἀνοσιουργιῶν, τοὺς φόνους δὴ λέγω καὶ τοὺς δόλους καὶ τὰς συχνὰς καὶ ἀπείρους κλεψίας καὶ πλεονεξίας, ἠράσθη καὶ ἐπεσκέψατο ἡμᾶς; οὐδαμῶς (ἔδει γὰρ μᾶλλον διὰ ταῦτα ὀργῆς βαρυτέρας πειραθῆναι ἡμᾶς)· ἀλλὰ ὡς φύσει μακρόθυμος καὶ πολυέλεος καὶ ἀνεξάντλητον ἔχων ἐλέους πηγὴν κατελεεῖ τὴν ἡμετέραν σαθρότητα καὶ κακουργοῦσαν ἀνέχεται καὶ τὴν ἡμῶν διψᾷ σωτηρίαν ὡς ὑπεράγαθος καὶ τὴν ἑκάστου μετάνοιαν καὶ ἐπιστροφὴν ἀπεκδέχεται· διὸ καὶ κακουργούντων ἡμῶν ἀγαθαῖς ἀμοιβαῖς πολλάκις ἀμείβεται, ἵνα συνήσαντες τῇ μετανοίᾳ προσδράμωμεν καὶ ἵνα καθ᾿ ἑαυτοὺς εἴπωμεν λογιζόμενοι ὅτι, εἰ τὰ ἐχθρὰ τοῦ Θεοῦ ἐργαζόμενοι εὐεργετούμεθα, πόσον ἄρα εὐεργετήσει λοιπόν, εἰ τὰ αὐτοῦ φίλα θελήσομεν ἐκτελεῖν.","Stefanis 1996","161","161","414","112","07c857e5179f1c6a21b67e8e7a85d6455fb49bbc8823ea38b5e60d0b2a529de2","","False","False"
"415","Ι΄","§25","Εἰς τὰς ἁγίας καὶ αὖθις ἐντολάς καὶ εἰς τὴν ἔνδειαν τοῦ ἔτους","Ζητητέον δὲ πόθεν ἡμῖν ὁ λόγος πρὸς ταῦτα κατέδραμε· περὶ στενῆς γὰρ καὶ τεθλιμμένης ὁδοῦ καὶ ζυγοῦ χρηστοῦ καὶ φορτίου ἐλαφροῦ τὴν λύσιν ἐλέγομεν καὶ ὅτι τὸ ἀσύνηθες ἡμῶν καὶ τὸ ἀγύμναστον στενὴν τὴν ὁδὸν καὶ τεθλιμμένην ποιεῖ καταφαίνεσθαι, γυμνασθεὶς δὲ καὶ εἰς ἕξιν ἐλθὼν χρηστὸς ὁ ζυγὸς καὶ ἐλαφρὸν τὸ φορτίον γνωρίζεται καὶ ὅτι, κἂν αἰχμάλωτός τις εἰς χώραν μακρὰν δοῦλος ἀπαχθῇ καὶ χρονίσῃ ἐν αὐτῇ καὶ πιωθῇ τῶν ἐκεῖ, κούφη καὶ ἐλαφρὰ ἡ ἐσχάτη ἐκείνη δουλεία αὐτῷ καταφαίνεται· καὶ ἐντεῦθεν πρὸς τὴν αἰχμαλωσίαν τῆς φύσεως ἡμῶν καὶ εἰς τὸν βίον τόνδε τὸν πολυκίνδυνον καὶ εἰς τὴν τοῦδε τοῦ χρόνου δυσχέρειαν ὁ λόγος ἡμῖν εὐλόγως κατέδραμεν.","Stefanis 1996","162","162","415","107","3f6f481eb50a151d61e341e1870968018b2c14ebea9819980862b4a57e6bbd0b","","False","False"
"416","Ι΄","§26","Εἰς τὰς ἁγίας καὶ αὖθις ἐντολάς καὶ εἰς τὴν ἔνδειαν τοῦ ἔτους","Εἰ οὖν δοῦλος αἰχμάλωτος πιωθεὶς τῇ δουλείᾳ τῷ χρόνῳ διαναπαύεται καὶ ἡ φύσις ἡμῶν ὁλικῶς γεγονυῖα αἰχμάλωτος ἄνωθεν καὶ ἐξ ἀπόνου βίου καὶ ἀμόχθου τελείως κατέληξεν εἰς πολύμοχθον καὶ τῆς οἰκείας αἰχμαλωσίας παρὰ μικρὸν ἐπελάθετο καὶ σπεύδει πλουτεῖν καὶ οἰκοδομεῖν καὶ φυτεύειν καθάπερ ἀδιάδοχός τις κληρονόμος ἅμα καὶ ἀθάνατος, πῶς οὐχὶ καὶ τοὺς ἑαυτοῦ δούλους χρονίσαντας διαναπαύσει Χριστός;","Stefanis 1996","162","162","416","58","05823729f45da44734c778f9def83d947f18beb5e155f2c905c101739a97cdc0","","False","False"
"417","Ι΄","§27","Εἰς τὰς ἁγίας καὶ αὖθις ἐντολάς καὶ εἰς τὴν ἔνδειαν τοῦ ἔτους","Φύσει πονηροῦ ἀνθρώπου δοῦλός τις γενόμενος καὶ χρονίσας ἐν αὐτῷ, ἤγουν πολυχρονίσας, ἴσως διαναπαύεται, ὁ δὲ φύσει ἀγαθοῦ Θεοῦ καὶ Σωτῆρος γενόμενος δοῦλος οὐχὶ διαναπαύσεται ἀνάπαυσιν ἄληκτον καὶ εὐφρανθήσεται εὐφροσύνην ἀσύγκριτον; Πάσας γὰρ τὰς ἑαυτοῦ ἡμέρας ὁ ἄνθρωπος εἰς δουλείαν κατέχειν τοὺς αὐτοῦ ὁμοδούλους ἐφίεται, ὁ δὲ Θεὸς τοὺς ἑαυτοῦ δούλους εἰς τάξιν υἱῶν μετατίθησι κἀντεῦθεν τῆς αὐτοῦ βασιλείας κληρονόμους ἐργάζεται.","Stefanis 1996","162","162","417","61","afc5e206862d0c9d947488eab3c53310382a9c6d69dcdf2ca2b192bdfbaa1d16","","False","False"
"418","Ι΄","§28","Εἰς τὰς ἁγίας καὶ αὖθις ἐντολάς καὶ εἰς τὴν ἔνδειαν τοῦ ἔτους","Καὶ ποία λοιπὸν ἄλλη δουλεία πλὴν τῆς αὐτοῦ τιμιωτέρα φανήσεται; ὄντως οὐκ ἔστιν ἄλλη πλὴν ταύτης οὔτε ἐν τῷ οὐρανῷ ἄνω οὔτε ἐπὶ τῆς γῆς κάτω, καὶ μακάριος ἄνθρωπος, ὃς τοῦ Χριστοῦ τὸν χρηστὸν καὶ ἐλαφρὸν θελήσειε βαστάσαι ζυγόν, ὅτι καὶ ἐν τῷδε τῷ βίῳ πνευματικῶς εὐφρανθήσεται καὶ ἐν τῷ μέλλοντι τῆς Χριστοῦ βασιλείας σὺν Χριστῷ βασιλεύσει ἀθάνατα· καλῶς γὰρ ἡ σοφία προαπεφήνατο λέγουσα ὅτι· Μακάριος … ἄνθρωπος, ὃς τὰς ἐμὰς ὁδοὺς φυλάξει, καὶ ὅτι· Ἐγὼ τοὺς ἐμὲ φιλοῦντας ἀγαπῶ, καὶ οἱ ἐμὲ ζητοῦντες εὑρήσουσιν χάριν.","Stefanis 1996","162","162","418","86","118d6535c6ca00536a97b4a37dddd8c5901c592f770c004b37ce49ed2f80d7d4","","False","False"
"419","Ι΄","§29","Εἰς τὰς ἁγίας καὶ αὖθις ἐντολάς καὶ εἰς τὴν ἔνδειαν τοῦ ἔτους","Ἀλλὰ δεῖ με πάντως ἀχθῆναι κἂν ἄρτι πρὸς τὸ προκείμενον, μᾶλλον δὲ πρὸ τοῦ ἐκεῖ ἀναχθῆναι ὀφείλω εἰς μέσον εἰσάξαι ἣν παρέδραμον κατὰ λήθην σωτήριον ἐντολήν, ἥτις ὤφειλε κατὰ τὴν τάξιν αὐτῆς εἰς τὸν πέμπτον γραφῆναι λόγον, ἐπεὶ δὲ εἰς τὸν δέκατον ταύτης ἐμνήσθημεν, εἰς τοῦτον δὴ καὶ τεθήσεται. Ἔχει δὲ οὕτω· Παντὶ τῷ αἰτοῦντί σε δίδου· καὶ τὸν θέλοντα ἀπὸ σοῦ δανείσασθαι μὴ ἀποστραφῇς· δύο γὰρ δόσαι εἰσίν, ἡ μὲν κατὰ χάριν, ἡ δὲ κατὰ δάνους, πάνυ δὲ καὶ ἀμφότεροι πεφύκασιν ἀναγκαιότατοι· ὁ μὲν γὰρ ἐλεημοσύνην αἰτεῖ, εἴτε ἄρτον εἴτε ἱμάτιον εἴτ᾿ ἄλλην τινὰ ἣν καὶ χρειώδη ἔχει, περὶ ἧς τῷ αἰτοῦντί σε δίδου ὁ Δεσπότης διακελεύεται· ὁ δὲ δανείσασθαι θέλει διὰ τὴν αὐτῷ ἐφεστῶσαν ἀνάγκην, περὶ ἧς καὶ τὸν θέλοντα ἀπὸ σοῦ δανείσασθαι μὴ ἀποστραφῇς ἐνετείλατο.","Stefanis 1996","162","162","419","128","f43e24aee8a3ef0aa13d5c31967ee60ac0434052fa4227bade30b45fbde04b93","","False","False"
"420","Ι΄","§30","Εἰς τὰς ἁγίας καὶ αὖθις ἐντολάς καὶ εἰς τὴν ἔνδειαν τοῦ ἔτους","Ἀπ᾿ αὐτοῦ σοῦ, φησί, τὴν ἐκείνων ἀνάγκην κατάμαθε, εἰ ἐξαιτήσω ἐλεημοσύνην ἢ δάνειον ἔκ τινος, ἐντεῦθεν διδάχθητι· εἰ δ᾿ οὐδέπω τὴν τοιαύτην ἀνάγκην πείρᾳ μεμάθηκας, διὰ τὴν ἐντολήν· Εἰ ἀγαπᾷς με αὐτοὺς παρηγόρησον, διότι· Ὁ ἀγαπῶν με τὸν λόγον μου τηρήσει, καὶ ἐμφανίσω κἀγὼ αὐτῷ ἐμαυτὸν καὶ ἄχρι καὶ ψυχροῦ ποτηρίου ἀμείμψομαι αὐτῷ τὸν μισθόν.","Stefanis 1996","162","163","420","55","be235bbe80f4e4ad38c4efe2d281483174dbf8c83034940900bd16b34a62eed0","","False","False"
"421","Ι΄","§31","Εἰς τὰς ἁγίας καὶ αὖθις ἐντολάς καὶ εἰς τὴν ἔνδειαν τοῦ ἔτους","Τί οὖν, φησίν, ἐάν τις αἰτεῖται λαβεῖν τι ἀπ᾿ ἐμοῦ ὃ οὐκ ἔχω ἢ καὶ ἔχω, καὶ πάνυ δὲ χρειωδῶς κέκτημαι τοῦτο καὶ οὐ δύναμαι ζῆσαι τούτου χωρίς; Ἐὰν οὖν οὕτως ἔχει, καθὼς λέγεις, καὶ ὁ Θεὸς πάντως τοῦτο γινώσκων δώσει συγγνώμην.","Stefanis 1996","163","163","421","42","cfa99207944ecc6c52f2c56b97f73a9386756ce1a3516cac006430a20a28204e","","False","False"
"422","Ι΄","§32","Εἰς τὰς ἁγίας καὶ αὖθις ἐντολάς καὶ εἰς τὴν ἔνδειαν τοῦ ἔτους","Ἐὰν δέ, φησί, καὶ ὁ τὸ δάνειον ζητῶν τύχειε κακογνώμων ἢ πτωχὸς καὶ παντάπορος πάνυ, πῶς ἄρα τούτῳ ἂν καὶ δανείσαιμι; Ἐὰν δὲ καὶ δανείσω, τίς μου τὴν ὀφειλὴν ἀποτίσαιεν; Ἐὰν οὖν εὔπορος ᾖς, δάνεισε τῷ Θεῷ, ἤγουν μὴ ὡς δανειστὴς ἀλλ᾿ ὡς ἐλεήμων δὸς τῷ πτωχῷ, καὶ δανείζεις Θεῷ· Ὁ ἐλεῶν, φησί, πτωχὸν δανείζει Θεῷ. Καὶ τίς ἄρα σοῦ μακαριώτερος δανειστῶν γένοιτ᾿ ἂν Θεὸν ὀφειλέτην κατέχοντος καὶ μυριοπλάσιον εὐκαίρως τὴν ὀφειλήν σοι ἀποφλεῖν ὑπισχνούμενον; Ἐὰν δὲ ἀνεύπορος ᾖς καὶ πτωχός, οὐδέν σε τὰ ὑπὲρ δύναμιν ἀπαιτεῖ Θεός. Ὅμως ἔστι καὶ διὰ λόγου μετάδοσις (κρείσσων, φησί, λόγος ἢ δόσις), καὶ <ὁ> ψυχροῦ ποτηρίου μεταδιδοὺς καὶ ὑπὲρ τούτου, κατὰ τὸν Κυριακὸν λόγον, μισθὸν λήψεται· καὶ τὰ δύο λεπτὰ ἡ χήρα ἐκείνη καταβαλοῦσα πλεῖον ἔβαλε πάντων, ὡς εἴρηται.","Stefanis 1996","163","163","422","126","29897d5fb7509b928e53ef5ce3b66a1346322d2b5bdbffa234fdcb2afba8b67a","","False","False"
"423","Ι΄","§33","Εἰς τὰς ἁγίας καὶ αὖθις ἐντολάς καὶ εἰς τὴν ἔνδειαν τοῦ ἔτους","Ταῦτα οὖν περὶ ταύτης τῆς θείας βραχυλογήσαντες ἐντολῆς πρὸς ἄλλην ζωηφόρον τὸν λόγον ἰθύνωμεν. Ἐγώ εἰμι, φησίν, ὁ ἄρτος τῆς ζωῆς· ὁ ἐρχόμενος πρός με οὐ μὴ πεινάσῃ, καὶ ὁ πιστεύων εἰς ἐμὲ οὐ μὴ διψήσῃ πώποτε. Καὶ πῶς ὁρῶμεν, φησίν, ὅτι πεινῶσι καὶ διψῶσι πολλοὶ τῶν εἰς αὐτὸν πιστευόντων;","Stefanis 1996","163","163","423","50","7166ea7f9eb520d5f58d64bfed7737d76275926a6536aa53337c18eca377831c","","False","False"
"424","Ι΄","§34","Εἰς τὰς ἁγίας καὶ αὖθις ἐντολάς καὶ εἰς τὴν ἔνδειαν τοῦ ἔτους","Ὅτι οὐ σωματικὴν πεῖναν καὶ δίψαν ὁ Δεσπότης ᾐνίξατο· οὐ γὰρ εἶπεν· Ἐγώ εἰμι ὁ ἄρτος ὁ θρεπτικός, ἀλλ᾿ ὁ ἄρτος τῆς ζωῆς, ἤγουν τῆς αἰωνίου, καὶ ὁ τρώγων μου τὴν σάρκα καὶ πίνων μου τὸ αἷμα ἔχει ζωὴν αἰώνιον, καὶ ἐγὼ ἀναστήσω αὐτὸν ἐν τῇ ἐσχάτῃ ἡμέρᾳ. Ὁ ἐκ πυροῦ γὰρ γινόμενος ἄρτος τὸ σῶμα καὶ μόνον ποιεῖ διαζῆν, ἐγὼ δὲ ζωῆς ἀληθῶς πεφυκὼς ἄρτος ζωῆς αἰωνίου τοῖς ἐμὲ τρώγουσι πιστῶς καὶ ἀξίως γίνομαι πρόξενος· ἡ γὰρ σάρξ μου ἀληθῶς ἐστι βρῶσις καὶ τὸ αἷμά μου ἀληθής ἐστι πόσις, οὐ ψευδὴς καὶ ῥευστὴ καὶ ἐπίκηρος, καθάπερ αἱ βρώσεις καὶ αἱ πόσεις αἱ ῥέουσαι, ἀλλ᾿ ἀληθὴς βρῶσις καὶ πόσις ἡ ἐμὴ σὰρξ καὶ τὸ ἐμὸν αἷμα καθέστηκε, καὶ ὁ τρώγων μου τὴν σάρκα καὶ πίνων μου τὸ αἷμα ἐν ἐμοὶ μένει, κἀγὼ ἐν αὐτῷ· οὐ γάρ εἰμι ἄρτος καὶ οἶνος ἁπλῶς, ἵνα θρέψω μόνον τὸ σῶμα καὶ τούτου διαζευχθῶ, ἀλλ᾿ ἄρτος εἰμὶ τῆς ζωῆς, ἤγουν τῆς τοῦ ἀϊδίου Πατρός, καὶ ὁ τρώγων μου τὴν σάρκα ὡς δεῖ κατ᾿ ἀξίαν καὶ πίνων μου τὸ αἷμα ἐν ἐμοὶ μένει, κἀγὼ ἐν αὐτῷ.","Stefanis 1996","163","163","424","180","5a704ec934f20548a809e01f04a6226496e3b11eb818e1cdb5623ea19e97ba4f","","False","False"
"425","Ι΄","§35","Εἰς τὰς ἁγίας καὶ αὖθις ἐντολάς καὶ εἰς τὴν ἔνδειαν τοῦ ἔτους","Τὰ ῥήματα ἃ ἐγὼ λαλῶ ὑμῖν πνευματικά εἰσι καὶ ζωή εἰσιν, ἤτοι ζωῆς αἰωνίου χειραγωγητικά· Ἀμὴν γὰρ λέγω ὑμῖν ὅτι πολλοὶ προφῆται καὶ δίκαιοι ἐπεθύμησαν ἰδεῖν ἃ βλέπετε, ἤγουν σημεῖα καὶ τέρατα καὶ τὴν ἔνσαρκον παρουσίαν μου, καὶ οὐκ εἶδον· καὶ ἀκοῦσαι ἃ ἀκούετε, ἤγουν διδαχὰς ζωηφόρους καὶ κήρυγμα βασιλείας αἰωνίου ἐκ στόματος θείου, καὶ οὐκ ἤκουσαν.","Stefanis 1996","163","164","425","57","4c40d8853b5668b69ea3c1a43234fa6706c4f6e6ca7f307b4e7f58d2ef44bb2f","","False","False"
"426","Ι΄","§36","Εἰς τὰς ἁγίας καὶ αὖθις ἐντολάς καὶ εἰς τὴν ἔνδειαν τοῦ ἔτους","Καὶ πῶς, φησίν, ἐπεθύμησαν ἰδεῖν καὶ ἀκοῦσαι ἃ οὔτε εἶδον οὔτε ἤκουσαν; Προεῖδον γὰρ καὶ προήκουσαν ὡς προφῆται καὶ ὡς δίκαιοι, ἀλλ᾿ ἐπεθύμουν καὶ αὐτόπτως ἰδεῖν τῶν πραγμάτων τὴν ἔκβασιν· εἰ μὴ γὰρ προεῖδον, οὐκ ἂν ἐπεθύμησαν αὐτόπτως ἰδεῖν σαρκικὴν Θεοῦ παρουσίαν καί, εἰ μὴ προήκουσαν, οὐκ ἂν αἰσθητοῖς ὠσὶν ἐπεθύμουν ἀκοῦσαι, ἐπεὶ οὐδεὶς ἐπιθυμεῖ βλέπειν ἢ ἀκούειν ὧν οὐκ ἔλαβεν αἴσθησιν. Ὥσπερ γὰρ ἡμεῖς ἀκούομεν τῶν θείων εὐαγγελίων τὴν σωτήριον ἐκείνην καὶ ἔνσαρκον Χριστοῦ παρουσίαν καὶ τὰς αὐτῆς θεοσημίας καὶ τὰ πηγαῖα διδάγματα καὶ ἐπιθυμοῦμεν καὶ λέγομεν· Εἴθε ἦμεν καὶ ἡμεῖς ἐν ἐκείνοις τοῖς χρόνοις ἐν οἷς ὁ Δεσπότης ἡμῶν αὐτόπτως ἐφαίνετο καὶ τῆς αὐτοῦ θεανδρικῆς πολιτείας καὶ γλυκυτάτης ὄψεως ἀπηλαύσαμεν, οὕτω κἀκεῖνοι πνεύματι θείῳ ἐνηχούμενοι ἐπεθύμουν ἰδεῖν τὴν θεάνθρωπον παρουσίαν καὶ ἀκοῦσαι λαλοῦντος στόματος παναχράντου. Διὸ καί· Πολλοὶ προφῆται, φησί, καὶ δίκαιοι ἐπεθύμησαν ἰδεῖν ἃ βλέπετε, καὶ οὐκ εἶδον· καὶ ἀκοῦσαι ἃ ἀκούετε, καὶ οὐκ ἤκουσαν.","Stefanis 1996","164","164","426","148","2b09bd2adb73d2f94cb714453e6706535084c91063b67d73b7bb1155fbac10f2","","False","False"
"427","Ι΄","§37","Εἰς τὰς ἁγίας καὶ αὖθις ἐντολάς καὶ εἰς τὴν ἔνδειαν τοῦ ἔτους","Ὅταν οὖν ποιήσητε ταῦτα πάντα τὰ διαταχθέντα ὑμῖν, λέγετε ὅτι ἀχρεῖοι δοῦλοί ἐσμεν· ὃ ὠφείλομεν ποιῆσαι πεποιήκαμεν. Ὅταν οὖν ποιήσετε ταῦτα πάντα τὰ διαταχθέντα, μὴ μέγα φρονήσητε, ὅτι· Πᾶς ὁ ὑψῶν ἑαυτὸν ταπεινωθήσεται, ἀλλὰ λέγετε ὅτι· Ἀχρεῖοι δοῦλοί ἐσμεν. Οὐκ ἐγὼ λέγω ὅτι ἀχρεῖοι δοῦλοί ἐστε, ἀλλ᾿ ὑμεῖς τοῦτο λέγειν ὀφείλετε, ἵνα διὰ τῆς ἐπιπλάστου ἀχρηστίας τὸ χρήσιμον κατορθώσητε, καὶ χρηστόν μοι ἐπιδειξάμενοι φρόνημα χρηστοτέρους ἐγὼ ἀναδείξω ὑμᾶς καὶ δοξάσω ὑμᾶς καὶ ἀνυψώσω ὑμᾶς ὕψωσιν ἄπτωτον, ὅτι· Πᾶς ὁ ταπεινῶν ἑαυτὸν ὑψωθήσεται.","Stefanis 1996","164","164","427","82","6b0a0001fe837375593ff1c08d8d11a24b2d8cdab531b9c5e84a51ec15f445f0","","False","False"
"428","Ι΄","§38","Εἰς τὰς ἁγίας καὶ αὖθις ἐντολάς καὶ εἰς τὴν ἔνδειαν τοῦ ἔτους","Πᾶς οὖν ὅστις ἀκούει μου τοὺς λόγους τούτους καὶ ποιεῖ αὐτούς, ὁμοιώσω αὐτὸν ἀνδρὶ φρονίμῳ, ὅστις ᾠκοδόμησε τὴν οἰκίαν αὐτοῦ, ψυχήν, ἐπὶ τὴν πέτραν, ἐμέ, τὴν στερράν· καὶ κατέβη ἡ βροχὴ τῶν παθῶν, καὶ ἦλθον οἱ ποταμοί, πειρασμοί, καὶ ἔπνευσαν οἱ ἄνεμοι τῶν ἀερίων πνευμάτων καὶ προσέπεσον τῇ οἰκίᾳ ἐκείνῃ, ψυχῇ, καὶ εἰς πάθη καὶ ἀπιστίαν καὶ ἀνελπιστίαν οὐκ ἔπεσε· τεθεμελίωτο γὰρ ἐπὶ τὴν πέτραν, ἐμέ, τὴν ἀσάλευτον.","Stefanis 1996","164","164","428","68","bf737a5af84351c00a858ec0605f57e1d9b4590f793d9391490548749da6e8ec","","False","False"
"429","Ι΄","§39","Εἰς τὰς ἁγίας καὶ αὖθις ἐντολάς καὶ εἰς τὴν ἔνδειαν τοῦ ἔτους","Καὶ πᾶς ὁ ἀκούων τοὺς λόγους τούτους, εἴτε πένης εἴτε πλούσιος εἴτε ἰδιώτης εἴτε σοφός, καὶ μὴ ποιῶν αὐτοὺς ὁμοιωθήσεται ἀνδρὶ μωρῷ, ὅστις ᾠκοδόμησε τὴν οἰκίαν αὐτοῦ, πίστιν, ἐπὶ τὴν ἄστατον ἄμμον τῶν ὀλεθρίων παθῶν· καὶ κατέβη ἡ βροχὴ τῶν συγγενῶν αὐτῆς παθημάτων, καὶ ἦλθον οἱ ποταμοὶ φιληδονίας γέμοντες ὕλην, καὶ ἔπνευσαν οἱ ἄνεμοι τῶν μισοκάλων δαιμόνων καὶ προσέκοψαν, οὐ προσέπεσον (οὐ γὰρ ἔφερε), ἀλλὰ μόνον προσήγγισαν, μόνον προσέκοψαν τῇ οἰκίᾳ ἐκείνῃ, ψυχῇ τε καὶ πίστει, <καὶ> ἔπεσεν εὐθύς, καὶ ἦν ἡ πτῶσις αὐτῆς μεγάλη, εἴτε ἐξ ἀπαθείας πρὸς πάθη εἴτε ἐκ πίστεως πρὸς ἀπιστίαν· καὶ ἦν ἡ πτῶσις αὐτῆς μεγάλη.","Stefanis 1996","164","164","429","101","9c836fbe3be66e7509df67138ee75f81b07717899b77a3b563c4c294baca8601","","False","False"
"430","Ι΄","§40","Εἰς τὰς ἁγίας καὶ αὖθις ἐντολάς καὶ εἰς τὴν ἔνδειαν τοῦ ἔτους","Ὁρᾷς πῶς αἰσθητὰ μὲν τὰ Δεσποτικὰ παραδείγματα, πνευματικὰ δὲ τὰ νοήματα, φρόνιμον οἰκοδόμον καὶ μωρὸν παρεισάγων καὶ πέτραν καὶ ἄμμον καὶ ἄπτωτον οἶκον καὶ ἄλλον πάλιν εὔπτωτον; Ὥσπερ καὶ ἀλλαχοῦ τετραχῶς τὸν πνευματικὸν σπόρον καταμερίζεσθαι λέγει· Ἐξῆλθε, φησίν, ὁ σπείρων υἱὸς τοῦ ἀνθρώπου σπεῖραι τὸν ζωηρὸν λόγον αὐτοῦ σπόρον· καὶ ἐν τῷ σπείρειν αὐτὸν τὰ σπέρματα τῆς ζωῆς ἃ μὲν ἔπεσεν παρὰ τὴν ὁδὸν τῆς ἀσυνέτου καρδίας, καὶ ἦλθε τὰ πετεινὰ πνεύματα καὶ κατέφαγεν αὐτά· ἄλλα δὲ ἔπεσεν ἐπὶ τὰ πετρώδη νοήματα, ὅπου οὐκ εἶχε γῆν καλήν, καρποφόρον καρδίαν, καὶ εὐθέως ἐξανέτειλε διὰ τὸ μὴ ἔχειν βάθος γῆς, ῥίζαν θεοσεβείας, ἡλίου δὲ πειρασμοῦ καυστικοῦ διωγμοῦ ἀνατείλαντος ἐκαυματίσθη καὶ διὰ τὸ μὴ ἔχειν ῥίζαν πίστεως ἱκανῆς σκανδαλισθεὶς ἐξηράνθη· ἄλλα δὲ ἔπεσεν ἐπὶ τὰς ἀκάνθας τοῦ πλούτου, καὶ ἀνέβησαν αἱ ἄκανθαι μέριμναι τοῦ αἰῶνος τούτου, καὶ ἡ ἀπάτη τοῦ πλούτου, καὶ ἀπέπνιξαν αὐτά, καὶ ἄκαρπα γέγοναν· ἄλλα δὲ ἔπεσεν ἐπὶ τὴν γῆν τὴν καλήν, τὴν καρποφόρον καρδίαν καὶ συνετήν, καὶ ἐδίδου καρπὸν ἐμοὶ τῷ σπορεῖ πίστεως καὶ ἀρετῆς ὁ μὲν πιαινότερος νοῦς ἑκατόν, ὁ δὲ μέσος ἑξήκοντα, ὁ δὲ τρίτος τριάκοντα. Ὁ ἔχων ὦτα οὐχ ἁπλῶς (πάντες γὰρ ἔχουσιν ὦτα), ἀλλ᾿ ὁ ἔχων ὦτα, φησίν, ἀκούειν ἀκουέτω.","Stefanis 1996","164","165","430","195","5006f13baca4192fab6630a9706658af672c4aa460ca264970966a58988b01de","","False","False"
"431","Ι΄","§41","Εἰς τὰς ἁγίας καὶ αὖθις ἐντολάς καὶ εἰς τὴν ἔνδειαν τοῦ ἔτους","Ὁρᾷς πῶς εἰς διαφόρους ἀρούρας ὁ πνευματικὸς καὶ θεῖος καταβέβληται σπόρος; ὁρᾷς πῶς ὁ μὲν εἰς ὁδόν, ὁ δὲ εἰς πετρώδη, ὁ δὲ εἰς ἀκάνθας, ὁ δὲ εἰς καλὴν γῆν καταβέβληται; Καὶ ὁ μὲν ἐν τῇ πέτρᾳ ὡς νουνεχής, ὁ δὲ εἰς τὴν ἄμμον ὡς εὐηθὴς τὴν οἰκίαν αὐτοῦ ᾠκοδόμησε;","Stefanis 1996","165","165","431","50","9a0f39d60eb184e70f301ed7d177de14ac7710d6bf488a2f07471c12bb1cbd52","","False","False"
"432","Ι΄","§42","Εἰς τὰς ἁγίας καὶ αὖθις ἐντολάς καὶ εἰς τὴν ἔνδειαν τοῦ ἔτους","Καὶ ἐγένετο, φησὶν ὁ θεῖος Ματθαῖος, ὅτε συνετέλεσεν ὁ Ἰησοῦς τοὺς λόγους τούτους, ἐξεπλήσσοντο οἱ ὄχλοι ἐπὶ τῇ διδαχῇ αὐτοῦ. Ἐξεπλήσσοντο, ὅτι οὐδέποτε τοιαύτην καὶ περὶ τοιούτων πραγμάτων μεγίστην ἀκηκόασι διδαχήν· ἦν γὰρ διδάσκων αὐτοὺς ὡς ἐξουσίαν ἔχων, ἤγουν ὡς διδασκάλων διδάσκαλος τῶν νῦν καὶ τῶν πάλαι, καὶ οὐχ ὡς οἱ γραμματεῖς· οὐ γὰρ εἶχε παρρησίαν τῶν γραμματέων ἡ διδαχὴ διὰ τὸ μὴ ἔχειν ἔργα τῆς διδαχῆς προαγόμενα· ὁ δὲ ὡς υἱὸς Θεοῦ καὶ Θεὸς καὶ μείζω τῶν λόγων τὰ ἔργα ἔχων καταπολὺν ἦν διδάσκων αὐτοὺς ὡς ἐξουσίαν ἔχων καὶ οὐχ ὡς οἱ γραμματεῖς.","Stefanis 1996","165","165","432","94","2fc0448272676a2f870191ee124427cb7e7afd4477d7af952326a7730382cb68","","False","False"
"433","Ι΄","§43","Εἰς τὰς ἁγίας καὶ αὖθις ἐντολάς καὶ εἰς τὴν ἔνδειαν τοῦ ἔτους","Καὶ ἐγένετο ὅτε συνετέλεσεν ὁ Ἰησοῦς τοὺς λόγους τούτους. Ἐπεὶ οὖν ὁ Ἰησοῦς συνετέλεσε τοὺς λόγους τούτους καὶ ἡ βραχύτης ἡμῶν χάριτι καὶ συνεργίᾳ αὐτοῦ εἶπεν ὅσα καὶ εἶπεν εἰς τοὺς λόγους τούτους τῶν αὐτοῦ ἐνταλμάτων, δεῖ πάντως καὶ ταύτην συντελέσαι τούτους τοὺς λόγους ἐν τούτῳ τῷ λόγῳ καὶ δεηθῆναι τοῦ Λόγου Θεοῦ χεῖραν ὀρέξαι μοι βοηθείας ἔργῳ τοὺς λόγους αὐτοῦ συντελεῖν καὶ μὴ ἐξηγήσει καὶ μόνῃ, ἵνα μὴ κατὰ τὸν θεῖον Παῦλον φανῶ ἦχος χαλκοῦ ἢ κύμβαλον ἀλαλάζον, ὅτι· Οὐχ οἱ ἀκροαταὶ ἢ οἱ ἐξηγηταὶ ἀλλ᾿ οἱ ποιηταὶ τοῦ νόμου δικαιωθήσονται. Δῴη δὲ ἡμῖν ὁ τοῦ καινοῦ τοῦδε νόμου τῶν ἐντολῶν χορηγὸς καὶ δοτὴρ χεῖρα βοηθείας, ἵνα τὸν τούτου τηροῦντες καὶ φυλάττοντες νόμον ὑπ᾿ αὐτοῦ τηρηθῶμεν καὶ δι᾿ αὐτοῦ φυλαχθῶμεν πρὸς τὴν αὐτοῦ βασιλείαν.","Stefanis 1996","165","165","433","125","89a4bfadd140cfb3fe00def3d1af162dbd7c7a5b2c453f5fbfb082a44e6ccb80","","False","False"
"434","Ι΄","§44","Εἰς τὰς ἁγίας καὶ αὖθις ἐντολάς καὶ εἰς τὴν ἔνδειαν τοῦ ἔτους","Ταῦτα οὖν ἡμεῖς περὶ τῶν θείων ἐντολῶν χάριτι θείᾳ διαχαράξαντες αἰτοῦμεν τοὺς ἐντυγχάνοντας ἔργῳ προσέχειν τὰ τοῦ Σωτῆρος ἡμῶν ταῦτα θεῖα προστάγματα καὶ τηρεῖν. Καὶ ὅσοις μὲν ὁ ἡμέτερος λόγος ἐράσμιος ἀναφανείη, τῷ Θεῷ δότωσαν δόξαν· καὶ μὴ τῇ λύρᾳ καὶ ταῖς χορδαῖς ἀλλὰ τῷ τεχνίτῃ Θεῷ θαυμάσαντες τὸν ὕμνον ἀπόδοτε. Ὅσοι δὲ πάλιν τῆς ἐγκυκλίου παιδείας ἐξησκημένοι ἐντύχητε, μὴ δόξητε καὶ ἡμᾶς ἐκείνης ὅλως ἴχνος θεάσασθαι πώποτε καὶ τὸ ἁπλοῦν ἅμα καὶ ἀποίκιλον τοῦ ἡμετέρου λόγου περικρούειν θελήσητε, ἐπεὶ γὰρ καὶ ἰδιωτικὸν βίον ἀρχῆθεν εἱλόμην καὶ οὐ τῆς ἔξω καὶ μόνης παιδείας ἠμοίρησα, ἀλλ᾿ οὐδὲ κἂν μίαν ἡμέραν εἰς μάθησιν ἀλφαβήτου ὑπὸ τῶν ἐμῶν γεννητόρων ποσῶς ἐξεδόθην.","Stefanis 1996","165","166","434","108","3308f6067afeb2df4cc560ce82e3599553da9c95077ab8d08fc408b4d31ffa65","","False","False"
"435","Ι΄","§45","Εἰς τὰς ἁγίας καὶ αὖθις ἐντολάς καὶ εἰς τὴν ἔνδειαν τοῦ ἔτους","Καὶ μαρτυρεῖ μου τῷ λόγῳ οὐχ ἡ πατρίς μου καὶ μόνη ἀλλὰ καὶ ἡ σεβάσμιος τοῦ ἱεροκήρυκος πατρὸς Χρυσοστόμου ἡ ἐν τῷ ὄρει τοῦ Κουτζουβένδη καθιδρυμένη σεπτῶς θεία μονή, ἥτις καὶ δεξαμένη με τῆς πατρικῆς ἑστίας ἀπάραντα ἀμπελουργεῖν με προσέταξε διὰ τὸ μηδὲν ἀλλαχοῦ χρησιμεύειν με πάντως. Ποίῳ δὲ τρόπῳ καὶ ὅπως τὰ σμικρότατα ταῦτα μεμάθηκα λέγειν οὐ βούλομαι, μήπως καὶ δόξωμεν φιλοτιμίας χάριν διεξῄειμεν ταῦτα. Καὶ ἀπόχρη μὲν περὶ τούτων.","Stefanis 1996","166","166","435","71","baf0cb18923748ad2c2d55c0731c7ab52c27d42cff4eb6784adbf1baae780b51","","False","False"
"436","Ι΄","§46","Εἰς τὰς ἁγίας καὶ αὖθις ἐντολάς καὶ εἰς τὴν ἔνδειαν τοῦ ἔτους","Σὺ δέ, ἀγαπητὲ ἡμῶν ἀδελφὲ καὶ οἰκονόμε, σπεῦσον καὶ τῶνδε τῶν λόγων οἰκονόμος γενέσθαι, καὶ πάντως εὑρήσεις οἰκονομίαν μεγίστην τούτους οἰκονομῶν. Ἔσει γὰρ πρὸς τοῦτο μιμούμενος ἐκεῖνον τὸν φρόνιμον καὶ Κυριακὸν οἰκονόμον (ὃς τὸ θέλημα γνοὺς τοῦ δεσπότου αὐτοῦ, ὅτι τοῦ οἰκονομεῖν ἤδη ἐξείργει τοῦτον, μετὰ μικρὸν καὶ ἐσκέψατο νουνεχῶς καὶ ᾠκονομήθη φρονίμως), ἔτι τὸν δαψιλέστατον πλοῦτον ἐκεῖνον οἰκονομῶν διὰ τὸ μὴ δύνασθαι σκάπτειν ἢ ἐπαιτεῖν παρελθούσης τῆς προσκαίρου ταύτης οἰκονομίας πρὸς ἄλλην ἀνήροτον, ἐπεὶ οὐδ᾿ ἀρούρας οὐδὲ δικέλλας καὶ ζεύγη καὶ σπόρους καὶ ἄροτρα φέρει ὁ βίος ἐκεῖνος, ἀμητὸς δὲ μᾶλλον ἐκεῖ θυμηδίας πολλῆς καὶ τρύγος εὐφραντικὸν καὶ λίκμησις σίτου καὶ ἀχύρου κατάκαυσις, καὶ ὁ μὴ φυτεύων καὶ σπέρων πνευματικῶς ἐν τῷδε τῷ βίῳ τρυγᾶν καὶ θερίζειν ἐκεῖ ἐστιν ἀμήχανον.","Stefanis 1996","166","166","436","121","0d07f225fbcd00722b81935d7de416ee13c21bb47fb69bfb5bfae8ab9273241a","","False","False"
"437","Ι΄","§47","Εἰς τὰς ἁγίας καὶ αὖθις ἐντολάς καὶ εἰς τὴν ἔνδειαν τοῦ ἔτους","«Καιρὸς» γὰρ «τοῦ σπεῖραι καὶ καιρὸς τοῦ θερίσαι», καὶ οὐκ ἔστιν ἐν τῷ χειμῶνι θερίζειν τινὰ θεάσασθαι πώποτε, οὐδὲ πάλιν ἐν θέρει κατοπτεῦσαί τινα καταβάλλοντα σπέρματα· ὁ δὲ τοῦτο ἐπιχειρῶν ἀφροσύνης ἔργον ἐκτελεῖν ἐπεχείρησεν, ὅτι τὸν σπόρου καιρὸν οἴκοι καθήμενος καὶ καθεύδων ἀδεῶς, τοῦ θέρους δὲ ἐπιστάντος ἀροτριᾶν καὶ σπέρειν ἀφρόνως ἠθέλησε, καὶ τὰς μωρὰς ἐκείνας ἐν τούτῳ παρθένους μιμούμενος ἔμεινεν ἄσπορος, καθάπερ κἀκεῖναι τῷ νυμφίῳ διὰ φωτὸς ἔνδειαν ἔμειναν ἄδεκτοι.","Stefanis 1996","166","166","437","71","b4152f0e7d621c294dcb32f765b217e646b0696927bb4451c8fc059f46097df9","","False","False"
"438","Ι΄","§48","Εἰς τὰς ἁγίας καὶ αὖθις ἐντολάς καὶ εἰς τὴν ἔνδειαν τοῦ ἔτους","Ἐπεὶ οὖν ἐν τῷ καιρῷ ἐκείνῳ οὐ δυνάμεθα σκάπτειν καὶ ἐπαιτεῖν αἰσχυνόμεθα, ὡς ἐξεῖπεν ὁ φρόνιμος οἰκονόμος ἐκεῖνος, σπεύσωμεν καὶ ἡμεῖς λοιπὸν φρονίμως οἰκονομεῖν τὰ ἡμέτερα. Ἐπεὶ δὲ οὐκ ἔστι θερίζειν ἐκεῖ καὶ τρυγᾶν στάχυας καὶ βότρυας ζωῆς τὸν μὴ σπείροντα ἐνταῦθα πνευματικῶς, δεῦτε καὶ καλλιεργήσωμεν πρῶτον τὰς ἀρούρας ἡμῶν καρδίας καὶ ἐκτίλωμεν τὰς ἀκάνθας τῶν ὀλεθρίων παθῶν καὶ ἐμπρήσωμεν πᾶσαν ὕλην πωρώσεως διὰ πυρὸς θείου πόθου, ὡς οἱ γηπόνοι τὰς ἀκάνθας, καὶ τοὺς λίθους τῆς λήθης τῶν ἐντολῶν τοῦ Θεοῦ βάλωμεν ἔξω καὶ ῥίψωμεν πόρρωθε καὶ τὴν ὁδὸν τῶν παθῶν μέσον διαβαίνειν μὴ συγχωρήσωμεν, ἀλλ᾿ ἔξω ταύτην σύραντες ἀσφαλῶς περιφράξωμεν, μᾶλλον δὲ κτίσωμεν καὶ τεῖχος στερρῶν λογισμῶν λίθων τιμίων, πυρὸς παθῶν ἀνεπίδεκτον, ἵνα καὶ ὁδίτας βιωτικοὺς καὶ δαίμονας κλέπτας ἀποτειχίζῃ καλῶς.","Stefanis 1996","166","167","438","122","961a137d51bba843652068b873c21d7bc5f1b0cf2fc1f9aa613f36d82b30bb57","","False","False"
"439","Ι΄","§49","Εἰς τὰς ἁγίας καὶ αὖθις ἐντολάς καὶ εἰς τὴν ἔνδειαν τοῦ ἔτους","Εἶτα συζεύξωμεν τὰς βοῦς τὰς δύο τὰς ἐκλεκτάς, ἤτοι νηστείαν καὶ προσευχήν, καὶ δεσμεύσωμεν ταύτας σχοῖνον ἄτμητον φόβον Θεοῦ καὶ ἄροτρον μετανοίας καὶ ὕνιν ταπεινώσεως αὐταῖς περιθήσωμεν, ἵνα τῶν ἀκανθῶν ἐκείνων παθῶν ἐκριζώσουν τὰ λείψανα, ζυγὸν δὲ χρηστῆς ἐπιεικείας καὶ ζεύγλην ὑπομονῆς περισφίξαντες τὸ ἁγιοσύζευκτον ζεῦγος ἐκεῖνο καὶ πήξαντες κορωνίδα πόθον Θεοῦ τῷ ἀρότρῳ τῆς μετανοίας καὶ χειρίσαντες τῇ ψυχῇ βούκεντρον ἐργασίας νεώσωμεν τὰς ἀρούρας καρδίας ἡμῶν, ὡς δοκεῖ τῷ σπορεῖ ἐκείνῳ τῷ θαυμαστῷ, ἵνα μὴ ἐκλιθωθῶμεν ὡς ὁδὸς πατουμένη καὶ τὸν σπόρον ἀπόλλουσα ἢ ὡς πετρώδης γῆ καὶ ἀκανθώδης ἄκαρπος διαμένουσα. Καὶ καθάρωμεν τὸ χωρίον ἡμῶν φιλοπόνως καὶ πᾶν δένδρον φιληδονίας ῥιζηδὸν ἀνασπάσαντες κλάδους ἁγίους ἁγνείας καὶ σωφροσύνης καταφυτεύσωμεν τάχιστα καὶ τῆς ἁγίας ἀμπέλου γενέσθαι κλήματα σπεύσωμεν, ἵνα καὶ θέρους καὶ τρύγους εὐκαίρως ἐπαπολαύσωμεν χαίροντες.","Stefanis 1996","167","167","439","126","a896c8ffe856118c9455c7b3e5d89ae3409a73b9f4df07c3c910bd6ed7de3a6b","","False","False"
"440","Ι΄","§50","Εἰς τὰς ἁγίας καὶ αὖθις ἐντολάς καὶ εἰς τὴν ἔνδειαν τοῦ ἔτους","Οἶδας, ἀγαπητέ, ζεῦγος οὐράνιον καὶ ἄροτρον θεῖον καὶ οἷα καὶ ὅσα κέκτηται σύνεργα ἡ οὐράνιος ἐκείνη σπορά; Οἶδας πῶς καλλιεργεῖται γῆ λογικὴ καὶ σπόρου θείου γίγνηται δεκτικὴ καὶ Θεῷ καρποφόρος; Οἶδας πῶς τύποι καὶ σκιαὶ τῶν νοητῶν τὰ αἰσθητὰ πάντα πεφύκασιν; Ὁρᾷς ποῦ παρεικάζεται τὸ ζεῦγος τὸ αἰσθητὸν καὶ τὸ ἄροτρον καὶ ὁ σπόρος καὶ ὅσα πρὸς ἐργασίαν τῆς γεωργικῆς ἐπιστήμης ὁ γηπόνος κέκτηται σύνεργα;","Stefanis 1996","167","167","440","65","943a3091e592e3a4a6a85253a40acec5ad17499305cafe75dde281f134e5469a","","False","False"
"441","Ι΄","§51","Εἰς τὰς ἁγίας καὶ αὖθις ἐντολάς καὶ εἰς τὴν ἔνδειαν τοῦ ἔτους","Ναί, φησί, καὶ ἐὰν ὁ γηπόνος ζεῦγος οὐ κέκτηται; ἢ κέκτηται μέν, ἄπορον δέ, ἡ δὲ ἄρουρα αὐτοῦ τύχῃ σκληρὰ καὶ χέρσος ἐκ χρόνων πολλῶν, ἢ μονώτατον ἀροτῆρα κέκτηται βοῦν ἢ σπόρον οὐκ ἔχει διὰ πενίαν ἐσχάτην, τί δεῖ ποιεῖν; ἀνάγκη πάντως ἄσπορον μένειν τοῦτον καὶ μὴ βουλόμενον· ὅπερ πάσχομεν καὶ ἡμεῖς ἀποροῦντες τελείως καὶ μὴ ἔχοντες τῆς νοητῆς γηπονίας τὰ σύνεργα.","Stefanis 1996","167","167","441","62","9a3beb939494005d4c8e80628211169dce27d200e282155218493f0ca0d62862","","False","False"
"442","Ι΄","§52","Εἰς τὰς ἁγίας καὶ αὖθις ἐντολάς καὶ εἰς τὴν ἔνδειαν τοῦ ἔτους","Τί λέγεις, ἄνθρωπε; πολλοὺς εἶδον ἐγὼ τοιούτους πτωχοὺς μήτε βοῦν ἔχοντας μήτ᾿ ἄλλο τι τὰ πρὸς γεωργίαν συντείνοντα, καὶ ἐπλήμαναν τὴν χερσωθεῖσαν αὐτῶν ἄρουρα καὶ ἔσκαψαν καὶ ἔσπειραν ὅσον ἠδύναντο καὶ φιλοπόνως ἐφύλαξαν καὶ μετρίως ἐγεώργησαν καὶ ζεῦγος ἐκτήσαντο καὶ τῆς γεωργίας τὰ σύμβολα καὶ πλείονα τὸ ἑξῆς κατασπείραντες ἔτος συντόμως ἐπλούτησαν. Καὶ εἶδον ἄλλους μηδὲν τῆς πνευματικῆς γεωργίας εὐποροῦντας τὸ σύνολον, καὶ μικρᾶς ἐπομβρίδος δακρύων εὐπορήσαντας καὶ μικρόν τι ὑπαλύναντας τὸ τῆς καρδίας σκληρόν, καὶ ἀντίτυπον θεῖον σπόρον ἐδέξαντο, εἶτα γεωργήσαντες ἄσταχυν γνώσεως μικρὸν διετράφησαν καὶ ἔγνωσαν ὅτι καλὸν τὸ ἐργάζεσθαι, καὶ καθίσαντες ἐμελέτησαν ἐν ποίῳ τρόπῳ κατανύξεως αὔλακα πρὸς τὴν χέρσον ἐκείνην γῆν καρδίαν ἐγνεῦσαι δυνήσονται· καὶ εὗρον ὅτι ἐξ ἐννοίας θανάτου καὶ ἐκ ποθήσεως τῆς ἄνω πατρίδος καὶ ἐξ ἐφέσεως τῆς ἐκεῖ ἀναλύσεως ἡ πηγὴ τῆς κατανύξεως ὀρύττεσθαι ἄρχεται καὶ δι᾿ αὔλακος συντριβῆς καρδίας κεχερσωμένης τὰ ἀρδικὰ ἐκεῖνα πηγαῖα ἐκνεύονται νάματα, καὶ ἔσπευσαν κάμνοντες καὶ διορύττοντες, ἄχρις ἂν τὴν μακαρίαν ἐκείνην πηγὴν εὑρόντες ἐξέπιαν καὶ ἤρδευσαν καὶ ἔσπειραν καὶ θερίσαντες καλῶς διετράφησαν καὶ ἐκ τοῦ μηδὲν ἔχειν εἰς τὸ ἔχειν καὶ ὑπερέχειν καὶ ἄλλοις παρέχειν καλῶς μετεβλήθησαν.","Stefanis 1996","167","168","442","180","acad67aefaedc132f47772efd2b23dd932bfb98b6ca582ee989955fa9182b4d2","","False","False"
"443","Ι΄","§53","Εἰς τὰς ἁγίας καὶ αὖθις ἐντολάς καὶ εἰς τὴν ἔνδειαν τοῦ ἔτους","Οἶδας θαυμαστὴν γεωργίαν, κῦρι ἀδελφέ; Οἶδας γηπόνων διαφορὰν καὶ ἀρδείαν ἐπαινετὴν καὶ γεωργημάτων καὶ γενημάτων ἀσύγκριτον σύγκρισιν καὶ ἐπίδοσιν; Οἶδας ζεῦγος καὶ σύνεργα γεωργίας καὶ ποίῳ τρόπῳ καὶ πόθῳ οἱ θαυμαστοὶ ἐκεῖνοι γεωργοὶ τὰ ἀρδικὰ πρὸς τὰς ἰδίας ἀρούρας καταφέρουσι νάματα; Ἀλλ᾿ ἐπίδος ἡμῖν, ἀρχηγέτα πάσης γεωργίας ἐπαινετῆς, ἀρδεύειν οὕτω καὶ σπέρειν καὶ θερίζειν καὶ τρέφεσθαι καὶ πλουτεῖν διὰ σοῦ εἰς δόξαν σὴν καὶ πλοῦτον ἀκένωτον.","Stefanis 1996","168","168","443","66","3f80e9d60bb9fb9a140b729867ea091739febaaca024fcbf1d6f428be20ec8ef","","False","False"
"444","Ι΄","§54","Εἰς τὰς ἁγίας καὶ αὖθις ἐντολάς καὶ εἰς τὴν ἔνδειαν τοῦ ἔτους","Καὶ σὺ μὲν οἶδας, ἀγαπητὲ ἡμῶν ἀδελφὲ καὶ ποθούμενε, μεθ᾿ ὅσης ἐπιμελείας τὴν ἡμῶν ἀγροικίαν καθικετεύσας ἐξήγειρας ταῦτά σοι διαγράψαι· καὶ εἰ μὴ τὴν ἔφεσίν σου σφοδρὰν οὖσαν ἐνεῖδον, οὐκ ἂν (οἶδε Θεὸς) εἰς τοῦτο ἐπένευσα. Καὶ μαρτυρεῖ μου τῷ λόγῳ ὁ πρῶτος λόγος τῶνδε τῶν λόγων, πῶς ἀρξάμενοι περιεκόπημεν σατανικῇ προσβολῇ καὶ πῶς πάλιν ἐξ ὁλοκαρδίου σου αἰτήσεως εἴξαμεν γράψαι, δείσαντες μήπως σε Θεὸς εἰς τοῦτο διένυξε διεγείρων ἡμᾶς διὰ σοῦ ὑποτάξαντος, ὡς καὶ ἀτέχνως γράφειν ἐπιχειρήσαμεν, μηδέν τι ἀφ᾿ ἑαυτῶν, μηδέν τι βεβιασμένον, μηδέν τι δυσεύρετον, μηδέν τι κοιλίας ἐπίπλασμα διαγράψαντες ἀλλ᾿ ὅσα ῥᾳδίως τῷ νῷ ἡ θεία καὶ ἄρρητος εἰς δόξαν αὐτῆς ἔδωκε χάρις· διὸ καί· Εὐθέα εἰσὶ τοῖς νοοῦσιν, ὡς ἡ θεία λέγει σοφία, καὶ ὀρθὰ τοῖς εὑρίσκουσιν γνῶσιν.","Stefanis 1996","168","168","444","123","7a17857a82299387536318b068a377da09d00c61999330a5fad3bb92e619f60a","","False","False"
"445","Ι΄","§55","Εἰς τὰς ἁγίας καὶ αὖθις ἐντολάς καὶ εἰς τὴν ἔνδειαν τοῦ ἔτους","Ἐπεὶ οὖν ἔγωγε τὸ σὸν ἐκπεπλήρωκα θέλημα καὶ ἀτεχνογράφως συνέταξα ταῦτα, ὀφείλεις πάντως καὶ αὐτὸς τὴν τούτων καλλιγραφίαν ἐπιμελήσασθαι, καὶ διπλῆν ἐντεῦθεν εὑρήσεις ὠφέλειαν, ὡς θεῖον νόμον δι᾿ ἐντολῶν σωτηρίων μελέτην ποιούμενος ἡμέρας καὶ νυκτὸς καὶ ὡς Χριστὸν ἀγαπῶν τὰς αὐτοῦ διερευνῶν καὶ τηρῶν ἐντολάς, καὶ ὡς σπέρματα θεῖα τοῖς βουλομένοις μετέπειτα σπέρειν πνευματικῶς καταλείψεις ταῦτα. Δυνατὸς γὰρ ἦν ὁ Θεὸς σὺν τῷ λόγῳ προτεῖναί μοι καὶ ἐντέχνως ὀρθογραφεῖν καὶ ἐπιστημόνως καλλιγραφεῖν. Ἀλλὰ πῶς ἂν καὶ αὐτὸς σὺ τῆς παρούσης μεθέξειας ὠφελείας, πῶς δὲ ἄν τις καὶ θεατὴς ἢ ἀκροατὴς ὤφθη τῶν εἰρημένων εἰς δόξαν Θεοῦ καὶ ψυχῆς σωτηρίαν, εἰ ὠρθογράφουν ἐντέχνως καὶ ἐπιστημόνως ἐκαλλιγράφουν, ὡς ἔφθην εἰπών, καὶ ἀποθέμην ταῦτα τῷ τῆς ἐγκλείστρας σπηλαίῳ; Ποία δὲ καὶ ὠφέλεια ἐντεῦθεν ἐγένετο ἄν; μὴ τοὺς σπηλαίους καὶ τὰ ἐχόμενά μοι κρημνὰ τὰς θείας ἐντολὰς εἶχον ὑπομιμνήσκειν;","Stefanis 1996","168","168","445","135","1d8e35242214826c07d3350324a74a7ed39388318b4f7a07994b73a074e14e6a","","False","False"
"446","Ι΄","§56","Εἰς τὰς ἁγίας καὶ αὖθις ἐντολάς καὶ εἰς τὴν ἔνδειαν τοῦ ἔτους","Ἀλλ᾿ οὐ μέχρι σοῦ τε καὶ ἡμῶν, ἀδελφέ, ἡ παροῦσα οἰκονομία περιώρισται, ἀλλ᾿ ἄνωθεν καὶ ἐξ ἀρχῆς οὕτως ὁ Θεὸς ηὐδόκησε τῇ φύσει τῇ ἀνθρωπίνῃ, ἵνα ὁ μὲν τὴν δεῖνα, ὁ δὲ τὴν δεῖνα καὶ ἄλλος ἄλλην καὶ ἕτερος πάλιν ἑτέραν ἀσκήσῃ ἐπιστήμην· καὶ οὐδεὶς ἐν ἀνθρώποις, ὡς ἔφημεν, ἔχει τὸ τέλειον, εἴτε νοητὸν καὶ πνευματικὸν εἴτε αἰσθητὸν ἔχεις εἰπεῖν. Θεοῦ γὰρ καὶ μόνου τὸ ἔχειν τὸ τέλειον, πάντες δὲ ἄνθρωποι συναχθέντες ὁμοῦ μόλις ἀποτελοῦμεν ἑνὸς καὶ μόνου ἀνθρώπου τελείου τελείαν ἐνέργειαν. Καὶ διὰ ταύτης τῆς ἀτελείας καὶ τῆς δοκούσης κατατομῆς εἰς θαυμαστὴν ἁρμονίαν ὁ τεχνίτης Θεὸς πάντας συνήρμωσε καὶ πρὸς τελειότητα βλέπειν τὴν ἡμῶν ἀτέλειαν ηὐδόκησε.","Stefanis 1996","168","169","446","107","17533702f0f3bb4496003b4e6bcc7a163924477c3ca56e6460c6def339a1d961","","False","False"
"447","Ι΄","§57","Εἰς τὰς ἁγίας καὶ αὖθις ἐντολάς καὶ εἰς τὴν ἔνδειαν τοῦ ἔτους","Καὶ τί θαυμαστόν, εἰ οὐδεὶς ἐν ἀνθρώποις ἔχει τὸ τέλειον, καὶ ἄλλος ἄλλον χρῄζει συλλήπτορα πρὸς ἐκπλήρωσιν ἔργου, εἴτε πνευματικοῦ εἴτε βιωτικοῦ, ὅπουγε καὶ τὰ ἄψυχα κτίσματα ἀλλήλων ἀντέχεσθαι ὁ κτίστης εὐδόκησε; Ὁ οὐρανὸς γὰρ καὶ ἡ γῆ καὶ ἡ θάλασσα καὶ τὰ ὕδατα καὶ ὁ ἀὴρ καὶ τὸ πῦρ καὶ ὁ τετράριθμος καιρὸς ὅλου τοῦ ἐνιαυτοῦ καὶ ἁπαξαπλῶς ἅπαντα ἀλλήλων ἀντέχονται.","Stefanis 1996","169","169","447","62","8de2e5d0150c1e258f5d318583005736a7260cb7625afbe5c777a88874072453","","False","False"
"448","Ι΄","§58","Εἰς τὰς ἁγίας καὶ αὖθις ἐντολάς καὶ εἰς τὴν ἔνδειαν τοῦ ἔτους","Ὁρῶμεν γὰρ ὅτι ὁ οὐρανὸς χρῄζει τῆς γῆς καὶ τῆς θαλάσσης, ἵνα ἐκ μὲν τῆς γῆς ἄνθρωποι ἐκεῖ ἀναβήσονται, ἐκ δὲ τῆς θαλάττης διὰ σιφώνων ἐκμάξηται ὕδατα. Ὡσαύτως ἡ θάλασσα καὶ ἡ γῆ χρῄζει τοῦ οὐρανοῦ, ἵνα πρῶτον μὲν ἥξῃ ἐκεῖθεν ἔλεος καὶ πρόνοια Θεοῦ τὰ πάντα συνέχουσα, ἔπειτα †δὲ ὑετὸν καὶ ἀέρων† καὶ θάλψιν ἡλίου καὶ ἀγγέλων θείων καταγωγήν. Ἡ θάλασσα δὲ καὶ τὰ ὕδατα πάντα χρείαν ἔχουσι πάλιν τῆς γῆς, καὶ ἡ γῆ αὖθις χρείαν ἔχει τῆς θαλάσσης καὶ τῶν ὑδάτων.","Stefanis 1996","169","169","448","83","dc787a568a36294bd8a9bdd34a8e40d61be6570b3c11f428faac15c05a8234ab","","False","False"
"449","Ι΄","§59","Εἰς τὰς ἁγίας καὶ αὖθις ἐντολάς καὶ εἰς τὴν ἔνδειαν τοῦ ἔτους","Ἢ πῶς ἂν καὶ διαιρέθησαν ἔθνη ἐξ ἀνθρώπων πιστῶν, ἐὰν ἤπειρος ἦν πᾶσα ἡ γῆ μὴ ἔχουσα θάλασσαν; ποῦ δὲ καὶ πλῆθος ἰχθύων τὸ χρησιμώτατον ἐνέμετο ἄν; Καὶ ἵνα μὴ πολλὰ καταλέγωμεν τῆς θαυμαστῆς ἁρμονίας ἧς συνηρμώσατο ὁ Θεός, ἓν καὶ μόνον κεφαλαιωδῶς εἴπωμεν, χρῄζει ὁ κόσμος τὸν ἄνθρωπον, δι᾿ ὃν καὶ ἐγένετο, καὶ τὸν κόσμον ὁ ἄνθρωπος, εἰς ὃν καὶ ἀναπαύεται· τί γὰρ καὶ ὁ κόσμος ἀνθρώπου χωρὶς ἐχρησίμευσεν ἄν; ποῦ δὲ καὶ ἄνθρωπος κόσμου χωρὶς εἶχεν ἀνάπαυσιν;","Stefanis 1996","169","169","449","79","b4b8560bf9fa315d73f116577d2822f62c97aefbe3f5a22a7c23890767684ad7","","False","False"
"450","Ι΄","§60","Εἰς τὰς ἁγίας καὶ αὖθις ἐντολάς καὶ εἰς τὴν ἔνδειαν τοῦ ἔτους","Εἰ οὖν καὶ τὰ ἄψυχα κτίσματα ἀλλήλων ἀντέχονται καὶ οὐδ᾿ αὐτοῖς ὁ Θεὸς τὸ τέλειον δέδωκε, τί θαυμαστὸν εἰ καὶ οὐδεὶς ἐν ἀνθρώποις ἔχει τὸ τέλειον; Ἐπεὶ καί τισι μὲν τοῦ λέγειν καὶ μόνον παρὰ Θεοῦ ἐδόθη, τισὶ δὲ τοῦ ὀρθογραφεῖν, ἄλλοις τοῦ καλλιγραφεῖν, ἑτέροις δὲ πάλιν τοῦ μελῳδεῖν καὶ ἄλλοις τοῦ ἀναγινώσκειν, καὶ οὐδ᾿ αὐτοῖς ἴσως ταῦτα πληρέστατα, καὶ μέγα φρονοῦσιν· εἰ οὖν λοιπὸν ἅπαντα <ἑνὶ ἀνθρώπῳ παρὰ Θεοῦ ἐδόθη>, τί οὐκ ἂν εἶχε παθεῖν;","Stefanis 1996","169","169","450","76","c1a3d5e67a737d24a01d983d41324d296584be59daec88223bed62f4a6a8d3d1","","False","False"
"451","Ι΄","§61","Εἰς τὰς ἁγίας καὶ αὖθις ἐντολάς καὶ εἰς τὴν ἔνδειαν τοῦ ἔτους","Ὅμως θῶμεν ὅτι καὶ πάντα πάντες τὰ τοῦ βίου ἐπιτηδεύματα ἠκριβωμένως ἐπίσταντο καὶ ἦν ἕκαστος γεωργὸς καὶ χαλκεὺς καὶ τέκτων καὶ οἰκοδόμος καὶ ὑφαντὴς καὶ ῥάπτης καὶ σκυτοτόμος καὶ στρατιώτης καὶ ἰατρὸς καὶ ἀργυροκόπος καὶ πέπλων ὑφαντὴς καὶ ὅσα ἁπλῶς ὁ παρὼν ἐπιτηδεύματα κέκτηται βίος· ἆρα ἠδύνατό τις πάντα ταῦτα ἐκπληροῖν; πάντως ἢ γεηπονεῖν εἶχεν ἢ σφυροκοπεῖν ἢ σκυτοτομεῖν ἢ ἄλλο τι δρᾶν τὸ κατεπεῖγον, τὰ δὲ τούτοις ἐπίλοιπα καταργεῖν. Ὅμως θῶμεν, ὡς ἔφημεν, ὅτι καὶ δύναταί τις πάντα οἰκονομεῖν μηδαμῶς ἑτέρου προσδεόμενος· πόσος τότε διασχισμὸς ἀνθρώποις ἐγένετο ἄν, πόση ἀνυποταξία καὶ τραχηλία καὶ ἰδιορρυθμία εἶχεν ἀνθρώποις ἀναπηγάσαι; Θαυμάσια τὰ ἔργα σου, Κύριε, ὅτι δι᾿ ἀτελείας πρὸς τελείαν ἁρμονίαν πάντας ἡμᾶς θαυμασίως συνήρμωσας.","Stefanis 1996","169","169","451","113","506927646f3659a8c8a55e646d933fc027f1843b68adc766bf9ade2dbed092c4","","False","False"
"452","Ι΄","§62","Εἰς τὰς ἁγίας καὶ αὖθις ἐντολάς καὶ εἰς τὴν ἔνδειαν τοῦ ἔτους","Ὅρα δὲ πῶς καὶ ὅτε ὁ κόσμος ὀλίγους εἶχεν ἀνθρώπους, ὅτι οὐδὲ τότε πάντα ᾔσασιν οἱ ὀλίγοι ἐκεῖνοι τὰ τοῦ βίου ἐπιτηδεύματα. Εὗρε γὰρ ὁ Ἀδὰμ πρωτοτύπως μετὰ τὴν γύμνωσιν τὴν ῥαπτικὴν ἐπιστήμην· ἔρραψαν, φησί, φύλλα συκῆς καὶ ἐποίησαν ἑαυτοῖς περιζώματα. Εὗρε δὲ καὶ ὁ Κάϊν τέχνην γεωργικὴν καὶ ὁ Ἄβελ ποιμαντικὴν ἐπιστήμην. Ὁ Ἐνὼς δὲ ὁ τοῦ Κάϊν υἱὸς οἰκοδομικὴν τέχνην κατέλαβεν, Ἰωβὴλ δὲ κτηνοτροφίας εὗρεν ἐπιτηδεύματα, ὁ δὲ τούτου ἀδελφὸς Ἰουβὰλ κατέδειξε ψαλτήριον καὶ κιθάραν, καὶ ὁ Θόβελ εὗρε χαλκευτικὴν ἐπιστήμην χαλκοῦ καὶ σιδήρου.","Stefanis 1996","170","170","452","86","1e0ff08327560d4b8dd619df5c21a6b18b3de5ca8d307d225b2607528cb353ad","","False","False"
"453","Ι΄","§63","Εἰς τὰς ἁγίας καὶ αὖθις ἐντολάς καὶ εἰς τὴν ἔνδειαν τοῦ ἔτους","Τί οὖν; χωρὶς ὑνίου ὁ Κάϊν τὴν γῆν ἠροτρία καὶ οἱ καθ᾿ ἑξῆς μέχρι τοῦ Θόβελ τοῦ εὑρόντος τέχνην χαλκοῦ καὶ σιδήρου; πῶς δὲ ἄροτρον καὶ ζυγὸν καὶ ζεύγλην ἄνευ ἀξίνης καὶ σμίλης συνήρμωσεν; Ἴσως ἂν δέδωκεν ὁ Θεὸς τότε ἄλλην τινὰ γνῶσιν αὐτοῖς, ὥστε καὶ χωρὶς σιδήρου καὶ ἀρότρου καὶ ὕνιος μικρά τινα σπέρειν, πάμπολλα δὲ γεωργεῖν διὰ τὸ τὴν γῆν νέαν οὖσαν καὶ πίονα, ἐπεὶ οὐδὲ τέκτων ἐφάνη, ἵνα καὶ ἄροτρον καὶ ζυγὸν καὶ ζεύγλην ἁρμώσειε.","Stefanis 1996","170","170","453","78","36ab5a81a94e6b8bdc4afa0a72409a93fa9828aad8af6e7cce6f27f341392bad","","False","False"
"454","Ι΄","§64","Εἰς τὰς ἁγίας καὶ αὖθις ἐντολάς καὶ εἰς τὴν ἔνδειαν τοῦ ἔτους","Κιβωτὸν δὲ τεκταίνων ὁ δίκαιος Νῶε προστάξει Θεοῦ τὴν τεκτονίαν κατέδειξε, καὶ ἀμπελουργίας ὁ δίκαιος εὗρεν ἐπιτηδεύματα, μεθὸ τὸ μέγα ἐκεῖνο ναυάγιον τῆς κατακλύσεως ὑπεχώρησε. Γραμμάτων δὲ καὶ γραφῆς ὁ θεόπτης Μωϋσῆς μυηθεὶς πρὸς Θεοῦ ὤφθη μυσταγωγὸς τοῖς μετέπειτα. Ὀρθογραφίας δὲ τεχνάσματα καὶ λέξεων ἐφευρέματα Ἑλλήνων παῖδες κατέλαβον, ὑγιὲς δέ τι λαλῆσαι οὐκ ἴσχυσαν· διὸ καὶ ἐξωγραφίαν τὰ ἐκείνων ἐκάλεσαν.","Stefanis 1996","170","170","454","60","6a7ea2701835a7efd685b89c7fef2d105b73399b8b1c6b7b9fadde6c0d68cdcb","","False","False"
"455","Ι΄","§65","Εἰς τὰς ἁγίας καὶ αὖθις ἐντολάς καὶ εἰς τὴν ἔνδειαν τοῦ ἔτους","Ταῦτα τοίνυν ἅπαντα, ὅσα ὁ λόγος παρέλαβε καὶ ὅσα παρέδραμεν ἀνθρώπων ἐπιτηδεύματα, ἀπό τε τοῦ Ἀδὰμ καὶ μέχρι τῶν τελευταίων, Θεοῦ χωρὶς οὐδεὶς εὗρεν οὐδέν· πᾶσαν γὰρ φρόνησιν, κατὰ τὴν σοφὴν παροιμίαν, καὶ ἐργασιῶν ἐπιστήμην … ἡ πάντων φρόνησις ἐδίδαξε σοφία. Ὅτε δὲ πρὸς ἡμᾶς καθ᾿ ἡμᾶς πατρικῇ εὐδοκίᾳ καὶ παναγίου Πνεύματος συνεργίᾳ παραγενέσθαι εὐδόκησεν ἡ τοῦ Θεοῦ καὶ πατρὸς ἄπειρος σοφία καὶ δύναμις, μίαν τέχνην τεχνῶν καὶ ἐπιστημῶν ἐπιστήμην πᾶσιν ἔργῳ ἐδίδαξεν, ἥτις καὶ λέγεται σωτηρίας ὁδὸς πρὸς βασιλείαν εἰσάγουσα, ἧς ἡ ἀρχὴ μετανοίας εἰλικρινοῦς ὑπόθεσις γίνεται.","Stefanis 1996","170","170","455","88","9f7cca916ee6d4e8e6f88d1e0c74f130093da26baeda84ee07b4d741d62d9789","","False","False"
"456","Ι΄","§66","Εἰς τὰς ἁγίας καὶ αὖθις ἐντολάς καὶ εἰς τὴν ἔνδειαν τοῦ ἔτους","Ἐντεῦθεν γὰρ καὶ ὁ τεχνίτης ἐκεῖνος ὁ ἄριστος τῆς ἀθανάτου ζωῆς ἀρξάμενος ἔλεγε· Μετανοεῖτε· ἤγγικε γὰρ ἡ βασιλεία τῶν οὐρανῶν, μετανοεῖτε ὅσοι τῆς βασιλείας τυχεῖν ἐφέσεως ἔχετε· μετανοεῖτε· ἤγγικε γὰρ ἡ βασιλεία τῶν οὐρανῶν, καὶ οὐδεὶς πρὸς αὐτὴν εἰσελεύσεται μετανοίας χωρίς· οὐδεὶς βασιλέως ἐχθρὸς συναριστεῖ βασιλεῖ. Τοῦτο γοῦν καὶ ὑμεῖς πάντες γινώσκετε, ὅτι οὐδεὶς δρῶν βασιλέως ἐχθρὰ εὐφρανθῇ σὺν αὐτῷ, εἰ μήπου καλῶς ἐπιστρέψῃ καὶ μετανοήσῃ θερμῶς. Μετανοεῖτε· ἤγγικε γὰρ ἡ βασιλεία τῶν οὐρανῶν· ἔδει γὰρ ὑμᾶς, ἔδει τοῦτο ποιεῖν καὶ τῆς ἐμῆς παρουσίας χωρίς· ἐπεὶ δὲ οὐ συνήκατε τοῦτο καὶ δοῦλοι τῆς ἁμαρτίας γεγόνατε, κἂν ἄρτι πρὸς ὑμᾶς ἐμοῦ γεγονότος μετανοήσατε καὶ ἐπιστρέψατε πρός με· εἰς τοῦτο γὰρ καὶ ἧκον, καλέσαι ἁμαρτωλοὺς εἰς μετάνοιαν καὶ ζητῆσαι καὶ σῶσαι τὸ ἀπολωλός.","Stefanis 1996","170","170","456","121","eca217c25b238ee92048d2a0951f46944a4b96a8cf01d2c0dd795c1de7074b6e","","False","False"
"457","Ι΄","§67","Εἰς τὰς ἁγίας καὶ αὖθις ἐντολάς καὶ εἰς τὴν ἔνδειαν τοῦ ἔτους","Γένοιτο δὲ πάντας ἡμᾶς εἰλικρινοῦς τυχεῖν μετανοίας καὶ τὰς θείας ἐντολὰς τηρεῖν μετὰ πόθου καὶ τῆς αἰωνίου ζωῆς κληρονόμους γενέσθαι χάριτι καὶ φιλανθρωπίᾳ τοῦ Κυρίου καὶ Θεοῦ καὶ Σωτῆρος ἡμῶν Ἰησοῦ Χριστοῦ, ᾧ ἡ δόξα καὶ τὸ κράτος ἅμα τῷ αὐτοῦ Πατρὶ καὶ τῷ Πνεύματι νῦν καὶ ἀεὶ καὶ εἰς τοὺς αἰῶνας τῶν αἰώνων· ἀμήν. Τέλος σὺν Θεῷ τῶν δέκα λόγων τῶν περὶ τοῦ Χριστοῦ ἐντολῶν.","Stefanis 1996","171","171","457","66","384688f34bd4a696fd128cb1ab1ca7293e343376f1733d5e3d567559e3b46030","","False","False"
